{
  "name": "round-001-i-screen",
  "candidate_label": "left-i=0.500000; right-i=0.500000",
  "wheel_scores": {
    "left": {
      "wheel": "left",
      "sample_count": 29,
      "mean_abs_error": 13.241379310344827,
      "p95_abs_error": 26.99999999999999,
      "overshoot_peak": 29.0,
      "settle_delay_s": 1.041,
      "pwm_settle_delay_s": 1.5931904761904763,
      "saturation_ratio": 0.20689655172413793,
      "steady_abs_error_ratio": 0.13015873015873017,
      "p95_error_ratio": 0.24444444444444444,
      "settle_time_ratio": 0.7619047619047619,
      "pwm_settle_time_ratio": 1.0,
      "overshoot_ratio": 0.23174603174603176,
      "oscillation_ratio": 0.11609174968968515,
      "attainment_ratio": 0.9100529100529101,
      "rail_hit_ratio": 0.1724137931034483,
      "pwm_chatter_ratio": 0.35383597883597884,
      "tail_mean_abs_error": 12.46031746031746,
      "tail_pwm_jump_abs": 2373.0,
      "terminal_requirements_ok": false,
      "pwm_limit_reasonable": false,
      "pwm_limit_note": "terminal steady-state gate failed (tail error or PWM jump exceeded limits)",
      "weighted_score": Infinity
    },
    "right": {
      "wheel": "right",
      "sample_count": 29,
      "mean_abs_error": 16.344827586206897,
      "p95_abs_error": 24.0,
      "overshoot_peak": 1.0,
      "settle_delay_s": 1.593,
      "pwm_settle_delay_s": 1.468190476190476,
      "saturation_ratio": 0.0,
      "steady_abs_error_ratio": 0.15343915343915346,
      "p95_error_ratio": 0.21523809523809523,
      "settle_time_ratio": 1.0,
      "pwm_settle_time_ratio": 0.9146757679180888,
      "overshoot_ratio": 0.0031746031746031746,
      "oscillation_ratio": 0.022831095388960717,
      "attainment_ratio": 0.8465608465608466,
      "rail_hit_ratio": 0.0,
      "pwm_chatter_ratio": 0.0,
      "tail_mean_abs_error": 15.761904761904763,
      "tail_pwm_jump_abs": 312.6190476190476,
      "terminal_requirements_ok": true,
      "pwm_limit_reasonable": true,
      "pwm_limit_note": "within current wheel-PID test envelope",
      "weighted_score": 1.9652968589294373
    }
  },
  "csv_path": "/home/madejuele/projects/2K0300/new/verification/auto-wheel-pid/20260423T014247Z/round-001-i-screen/attempt-01/telemetry.csv",
  "host_log_path": "/home/madejuele/projects/2K0300/new/verification/auto-wheel-pid/20260423T014247Z/round-001-i-screen/attempt-01/host.log",
  "board_log_path": "/home/madejuele/projects/2K0300/new/verification/auto-wheel-pid/20260423T014247Z/round-001-i-screen/attempt-01/board.log",
  "params_path": "/home/madejuele/projects/2K0300/new/verification/auto-wheel-pid/20260423T014247Z/round-001-i-screen/attempt-01/params.json",
  "tuning_exit_code": 0,
  "receiver_error": null,
  "ack_complete": true,
  "snapshot_cleared_seen": true,
  "board_markers_ok": true,
  "unexpected_failsafe": false,
  "runtime_error": null,
  "accepted": false,
  "accepted_reason": "screen left terminal gate failed: tail PWM jump 2373.000 > 800.000; screen right score improved from inf to 1.965297; pending confirmation"
}
