{
  "name": "right-d0.25",
  "candidate_label": "left-p=139.000000; right-p=85.000000; right-d=0.250000; right-alpha=0.400000",
  "wheel_scores": {
    "left": {
      "wheel": "left",
      "sample_count": 57,
      "mean_abs_error": 9.192982456140351,
      "p95_abs_error": 21.199999999999974,
      "overshoot_peak": 35.0,
      "settle_delay_s": 0.554,
      "pwm_settle_delay_s": 1.539047619047619,
      "saturation_ratio": 0.017543859649122806,
      "steady_abs_error_ratio": 0.0687830687830688,
      "p95_error_ratio": 0.18412698412698403,
      "settle_time_ratio": 0.3455207781773625,
      "pwm_settle_time_ratio": 0.9805121232721504,
      "overshoot_ratio": 0.1,
      "oscillation_ratio": 0.03492336844682757,
      "attainment_ratio": 0.9417989417989416,
      "rail_hit_ratio": 0.02142857142857143,
      "pwm_chatter_ratio": 0.0,
      "tail_mean_abs_error": 7.634920634920635,
      "tail_pwm_jump_abs": 576.0238095238095,
      "terminal_requirements_ok": false,
      "pwm_limit_reasonable": false,
      "pwm_limit_note": "terminal steady-state gate failed (tail error or PWM jump exceeded limits)",
      "weighted_score": Infinity
    },
    "right": {
      "wheel": "right",
      "sample_count": 57,
      "mean_abs_error": 16.140350877192983,
      "p95_abs_error": 26.199999999999996,
      "overshoot_peak": 0.0,
      "settle_delay_s": 1.5683333333333334,
      "pwm_settle_delay_s": 1.296857142857143,
      "saturation_ratio": 0.0,
      "steady_abs_error_ratio": 0.15925925925925924,
      "p95_error_ratio": 0.23206349206349206,
      "settle_time_ratio": 1.0,
      "pwm_settle_time_ratio": 0.83693128063989,
      "overshoot_ratio": 0.0,
      "oscillation_ratio": 0.048594458449810016,
      "attainment_ratio": 0.8407407407407407,
      "rail_hit_ratio": 0.0,
      "pwm_chatter_ratio": 0.0,
      "tail_mean_abs_error": 17.071428571428573,
      "tail_pwm_jump_abs": 564.1904761904761,
      "terminal_requirements_ok": false,
      "pwm_limit_reasonable": false,
      "pwm_limit_note": "terminal steady-state gate failed (tail error or PWM jump exceeded limits)",
      "weighted_score": Infinity
    }
  },
  "csv_path": "/home/madejuele/projects/2K0300/new/verification/manual-probes/20260423T043827Z-right-d-window-scan/right-d0.25/attempt-01/telemetry.csv",
  "host_log_path": "/home/madejuele/projects/2K0300/new/verification/manual-probes/20260423T043827Z-right-d-window-scan/right-d0.25/attempt-01/host.log",
  "board_log_path": "/home/madejuele/projects/2K0300/new/verification/manual-probes/20260423T043827Z-right-d-window-scan/right-d0.25/attempt-01/board.log",
  "params_path": "/home/madejuele/projects/2K0300/new/verification/manual-probes/20260423T043827Z-right-d-window-scan/right-d0.25/attempt-01/params.json",
  "tuning_exit_code": 0,
  "receiver_error": null,
  "ack_complete": true,
  "snapshot_cleared_seen": true,
  "board_markers_ok": true,
  "unexpected_failsafe": false,
  "runtime_error": null,
  "accepted": false,
  "accepted_reason": ""
}
