{
  "name": "round-007-p-confirm",
  "candidate_label": "left-p=120.000000; right-p=100.000000",
  "wheel_scores": {
    "left": {
      "wheel": "left",
      "sample_count": 52,
      "mean_abs_error": 12.692307692307692,
      "p95_abs_error": 21.449999999999996,
      "overshoot_peak": 30.0,
      "settle_delay_s": 1.1083333333333334,
      "pwm_settle_delay_s": 0.7154047619047619,
      "saturation_ratio": 0.0,
      "steady_abs_error_ratio": 0.10687830687830686,
      "p95_error_ratio": 0.20539682539682536,
      "settle_time_ratio": 0.6886817539984725,
      "pwm_settle_time_ratio": 0.45609129033715773,
      "overshoot_ratio": 0.07301587301587302,
      "oscillation_ratio": 0.04549995725687014,
      "attainment_ratio": 0.8994708994708994,
      "rail_hit_ratio": 0.0,
      "pwm_chatter_ratio": 0.0,
      "tail_mean_abs_error": 11.047619047619047,
      "tail_pwm_jump_abs": 622.9285714285714,
      "terminal_requirements_ok": false,
      "pwm_limit_reasonable": false,
      "pwm_limit_note": "terminal steady-state gate failed (tail error or PWM jump exceeded limits)",
      "weighted_score": Infinity
    },
    "right": {
      "wheel": "right",
      "sample_count": 52,
      "mean_abs_error": 16.307692307692307,
      "p95_abs_error": 27.449999999999996,
      "overshoot_peak": 50.0,
      "settle_delay_s": 1.5430000000000001,
      "pwm_settle_delay_s": 1.292452380952381,
      "saturation_ratio": 0.0,
      "steady_abs_error_ratio": 0.16772486772486772,
      "p95_error_ratio": 0.25047619047619046,
      "settle_time_ratio": 1.0,
      "pwm_settle_time_ratio": 0.8262174017614549,
      "overshoot_ratio": 0.10476190476190476,
      "oscillation_ratio": 0.04583992596753833,
      "attainment_ratio": 0.8322751322751324,
      "rail_hit_ratio": 0.0,
      "pwm_chatter_ratio": 0.0,
      "tail_mean_abs_error": 18.452380952380953,
      "tail_pwm_jump_abs": 619.2142857142857,
      "terminal_requirements_ok": false,
      "pwm_limit_reasonable": false,
      "pwm_limit_note": "terminal steady-state gate failed (tail error or PWM jump exceeded limits)",
      "weighted_score": Infinity
    }
  },
  "csv_path": "/home/madejuele/projects/2K0300/new/verification/auto-wheel-pid/20260423T062529Z/round-007-p-confirm/attempt-01/telemetry.csv",
  "host_log_path": "/home/madejuele/projects/2K0300/new/verification/auto-wheel-pid/20260423T062529Z/round-007-p-confirm/attempt-01/host.log",
  "board_log_path": "/home/madejuele/projects/2K0300/new/verification/auto-wheel-pid/20260423T062529Z/round-007-p-confirm/attempt-01/board.log",
  "params_path": "/home/madejuele/projects/2K0300/new/verification/auto-wheel-pid/20260423T062529Z/round-007-p-confirm/attempt-01/params.json",
  "tuning_exit_code": 0,
  "receiver_error": null,
  "ack_complete": true,
  "snapshot_cleared_seen": true,
  "board_markers_ok": true,
  "unexpected_failsafe": false,
  "runtime_error": null,
  "accepted": false,
  "accepted_reason": "confirm left terminal gate failed: terminal gate failed; confirm right terminal gate failed: terminal gate failed"
}
