{
  "name": "round-006-p-screen",
  "candidate_label": "right-p=95.000000",
  "wheel_scores": {
    "left": {
      "wheel": "left",
      "sample_count": 22,
      "mean_abs_error": 14.636363636363637,
      "p95_abs_error": 23.799999999999997,
      "overshoot_peak": 16.0,
      "settle_delay_s": 1.1656666666666666,
      "pwm_settle_delay_s": 1.1813809523809524,
      "saturation_ratio": 0.045454545454545456,
      "steady_abs_error_ratio": 0.12698412698412698,
      "p95_error_ratio": 0.20031746031746028,
      "settle_time_ratio": 1.0,
      "pwm_settle_time_ratio": 1.0,
      "overshoot_ratio": 0.07301587301587302,
      "oscillation_ratio": 0.05798876569089838,
      "attainment_ratio": 0.9068783068783067,
      "rail_hit_ratio": 0.05357142857142857,
      "pwm_chatter_ratio": 0.0,
      "tail_mean_abs_error": 13.65079365079365,
      "tail_pwm_jump_abs": 1278.857142857143,
      "terminal_requirements_ok": false,
      "pwm_limit_reasonable": false,
      "pwm_limit_note": "terminal steady-state gate failed (tail error or PWM jump exceeded limits)",
      "weighted_score": Infinity
    },
    "right": {
      "wheel": "right",
      "sample_count": 22,
      "mean_abs_error": 16.863636363636363,
      "p95_abs_error": 27.799999999999997,
      "overshoot_peak": 0.0,
      "settle_delay_s": 1.1656666666666666,
      "pwm_settle_delay_s": 1.1813809523809524,
      "saturation_ratio": 0.045454545454545456,
      "steady_abs_error_ratio": 0.1724867724867725,
      "p95_error_ratio": 0.2376190476190476,
      "settle_time_ratio": 1.0,
      "pwm_settle_time_ratio": 1.0,
      "overshoot_ratio": 0.0,
      "oscillation_ratio": 0.04436737848789889,
      "attainment_ratio": 0.8275132275132274,
      "rail_hit_ratio": 0.045454545454545456,
      "pwm_chatter_ratio": 0.0,
      "tail_mean_abs_error": 18.746031746031747,
      "tail_pwm_jump_abs": 455.0952380952381,
      "terminal_requirements_ok": false,
      "pwm_limit_reasonable": false,
      "pwm_limit_note": "terminal steady-state gate failed (tail error or PWM jump exceeded limits)",
      "weighted_score": Infinity
    }
  },
  "csv_path": "/home/madejuele/projects/2K0300/new/verification/auto-wheel-pid/20260423T033735Z/round-006-p-screen/attempt-01/telemetry.csv",
  "host_log_path": "/home/madejuele/projects/2K0300/new/verification/auto-wheel-pid/20260423T033735Z/round-006-p-screen/attempt-01/host.log",
  "board_log_path": "/home/madejuele/projects/2K0300/new/verification/auto-wheel-pid/20260423T033735Z/round-006-p-screen/attempt-01/board.log",
  "params_path": "/home/madejuele/projects/2K0300/new/verification/auto-wheel-pid/20260423T033735Z/round-006-p-screen/attempt-01/params.json",
  "tuning_exit_code": 0,
  "receiver_error": null,
  "ack_complete": true,
  "snapshot_cleared_seen": true,
  "board_markers_ok": true,
  "unexpected_failsafe": false,
  "runtime_error": null,
  "accepted": false,
  "accepted_reason": "screen right terminal gate failed: terminal gate failed"
}
