{
  "name": "round-003-p-screen",
  "candidate_label": "left-p=138.000000; right-p=84.000000",
  "wheel_scores": {
    "left": {
      "wheel": "left",
      "sample_count": 22,
      "mean_abs_error": 9.636363636363637,
      "p95_abs_error": 19.649999999999995,
      "overshoot_peak": 3.0,
      "settle_delay_s": 0.5523333333333333,
      "pwm_settle_delay_s": 0.7835714285714286,
      "saturation_ratio": 0.0,
      "steady_abs_error_ratio": 0.06772486772486772,
      "p95_error_ratio": 0.2152380952380951,
      "settle_time_ratio": 0.44081525212391975,
      "pwm_settle_time_ratio": 0.6879219156005427,
      "overshoot_ratio": 0.015873015873015872,
      "oscillation_ratio": 0.03607707129233647,
      "attainment_ratio": 0.9365079365079365,
      "rail_hit_ratio": 0.0,
      "pwm_chatter_ratio": 0.0,
      "tail_mean_abs_error": 7.396825396825397,
      "tail_pwm_jump_abs": 468.85714285714283,
      "terminal_requirements_ok": true,
      "pwm_limit_reasonable": true,
      "pwm_limit_note": "within current wheel-PID test envelope",
      "weighted_score": 0.8844770726036817
    },
    "right": {
      "wheel": "right",
      "sample_count": 22,
      "mean_abs_error": 16.227272727272727,
      "p95_abs_error": 29.749999999999996,
      "overshoot_peak": 3.0,
      "settle_delay_s": 1.174,
      "pwm_settle_delay_s": 1.0488571428571427,
      "saturation_ratio": 0.0,
      "steady_abs_error_ratio": 0.1470899470899471,
      "p95_error_ratio": 0.2603174603174603,
      "settle_time_ratio": 1.0,
      "pwm_settle_time_ratio": 0.9031427099433282,
      "overshoot_ratio": 0.009523809523809525,
      "oscillation_ratio": 0.03248189216647333,
      "attainment_ratio": 0.852910052910053,
      "rail_hit_ratio": 0.0,
      "pwm_chatter_ratio": 0.0,
      "tail_mean_abs_error": 16.047619047619047,
      "tail_pwm_jump_abs": 390.85714285714283,
      "terminal_requirements_ok": false,
      "pwm_limit_reasonable": false,
      "pwm_limit_note": "terminal steady-state gate failed (tail error or PWM jump exceeded limits)",
      "weighted_score": Infinity
    }
  },
  "csv_path": "/home/madejuele/projects/2K0300/new/verification/auto-wheel-pid/20260423T042856Z/round-003-p-screen/attempt-01/telemetry.csv",
  "host_log_path": "/home/madejuele/projects/2K0300/new/verification/auto-wheel-pid/20260423T042856Z/round-003-p-screen/attempt-01/host.log",
  "board_log_path": "/home/madejuele/projects/2K0300/new/verification/auto-wheel-pid/20260423T042856Z/round-003-p-screen/attempt-01/board.log",
  "params_path": "/home/madejuele/projects/2K0300/new/verification/auto-wheel-pid/20260423T042856Z/round-003-p-screen/attempt-01/params.json",
  "tuning_exit_code": 0,
  "receiver_error": null,
  "ack_complete": true,
  "snapshot_cleared_seen": true,
  "board_markers_ok": true,
  "unexpected_failsafe": false,
  "runtime_error": null,
  "accepted": false,
  "accepted_reason": "screen left score improved from inf to 0.884477; pending confirmation; screen right terminal gate failed: terminal gate failed"
}
