{
  "name": "round-002-p-screen",
  "candidate_label": "left-p=72.000000; right-p=95.000000",
  "wheel_scores": {
    "left": {
      "wheel": "left",
      "sample_count": 19,
      "mean_abs_error": 5.157894736842105,
      "p95_abs_error": 21.39999999999999,
      "overshoot_peak": 7.0,
      "settle_delay_s": 0.06833333333333333,
      "pwm_settle_delay_s": 0.569,
      "saturation_ratio": 0.05263157894736842,
      "steady_abs_error_ratio": 0.05820105820105821,
      "p95_error_ratio": 0.12158730158730158,
      "settle_time_ratio": 0.07056798623063681,
      "pwm_settle_time_ratio": 0.5192208014975408,
      "overshoot_ratio": 0.047619047619047616,
      "oscillation_ratio": 0.06523926623221193,
      "attainment_ratio": 0.9608465608465607,
      "rail_hit_ratio": 0.061224489795918366,
      "pwm_chatter_ratio": 0.0,
      "tail_mean_abs_error": 6.523809523809524,
      "tail_pwm_jump_abs": 745.9047619047619,
      "terminal_requirements_ok": true,
      "pwm_limit_reasonable": true,
      "pwm_limit_note": "PWM limit is reachable in this round, but not the dominant issue by itself",
      "weighted_score": 0.7497630649284744
    },
    "right": {
      "wheel": "right",
      "sample_count": 19,
      "mean_abs_error": 9.631578947368421,
      "p95_abs_error": 26.79999999999996,
      "overshoot_peak": 18.0,
      "settle_delay_s": 0.5643333333333334,
      "pwm_settle_delay_s": 1.1356666666666666,
      "saturation_ratio": 0.10526315789473684,
      "steady_abs_error_ratio": 0.07089947089947089,
      "p95_error_ratio": 0.2319047619047619,
      "settle_time_ratio": 0.4501434308663224,
      "pwm_settle_time_ratio": 1.0,
      "overshoot_ratio": 0.09523809523809523,
      "oscillation_ratio": 0.07640273098871528,
      "attainment_ratio": 1.001058201058201,
      "rail_hit_ratio": 0.10526315789473684,
      "pwm_chatter_ratio": 0.0,
      "tail_mean_abs_error": 7.412698412698413,
      "tail_pwm_jump_abs": 900.3333333333334,
      "terminal_requirements_ok": false,
      "pwm_limit_reasonable": false,
      "pwm_limit_note": "terminal steady-state gate failed (tail error or PWM jump exceeded limits)",
      "weighted_score": Infinity
    }
  },
  "csv_path": "/home/madejuele/projects/2K0300/new/verification/auto-wheel-pid/20260423T125309Z/round-002-p-screen/attempt-01/telemetry.csv",
  "host_log_path": "/home/madejuele/projects/2K0300/new/verification/auto-wheel-pid/20260423T125309Z/round-002-p-screen/attempt-01/host.log",
  "board_log_path": "/home/madejuele/projects/2K0300/new/verification/auto-wheel-pid/20260423T125309Z/round-002-p-screen/attempt-01/board.log",
  "params_path": "/home/madejuele/projects/2K0300/new/verification/auto-wheel-pid/20260423T125309Z/round-002-p-screen/attempt-01/params.json",
  "tuning_exit_code": 0,
  "receiver_error": null,
  "ack_complete": true,
  "snapshot_cleared_seen": true,
  "board_markers_ok": true,
  "unexpected_failsafe": false,
  "runtime_error": null,
  "accepted": false,
  "accepted_reason": "screen left score improved from inf to 0.749763; pending confirmation; screen right terminal gate failed: tail PWM jump 900.333 > 800.000"
}
