{
  "name": "round-009-i-screen",
  "candidate_label": "left-i=4.500000; right-i=4.500000",
  "wheel_scores": {
    "left": {
      "wheel": "left",
      "sample_count": 28,
      "mean_abs_error": 16.464285714285715,
      "p95_abs_error": 33.3,
      "overshoot_peak": 50.0,
      "settle_delay_s": 1.5533333333333335,
      "pwm_settle_delay_s": 1.5528571428571427,
      "saturation_ratio": 0.14285714285714285,
      "steady_abs_error_ratio": 0.15767195767195769,
      "p95_error_ratio": 0.30841269841269836,
      "settle_time_ratio": 1.0,
      "pwm_settle_time_ratio": 1.0,
      "overshoot_ratio": 0.3682539682539683,
      "oscillation_ratio": 0.15732219585437407,
      "attainment_ratio": 0.9735449735449736,
      "rail_hit_ratio": 0.07142857142857142,
      "pwm_chatter_ratio": 0.3181216931216931,
      "tail_mean_abs_error": 16.174603174603174,
      "tail_pwm_jump_abs": 2648.0476190476193,
      "terminal_requirements_ok": false,
      "pwm_limit_reasonable": false,
      "pwm_limit_note": "terminal steady-state gate failed (tail error or PWM jump exceeded limits)",
      "weighted_score": Infinity
    },
    "right": {
      "wheel": "right",
      "sample_count": 28,
      "mean_abs_error": 16.714285714285715,
      "p95_abs_error": 25.949999999999996,
      "overshoot_peak": 0.0,
      "settle_delay_s": 1.5533333333333335,
      "pwm_settle_delay_s": 0.9971904761904762,
      "saturation_ratio": 0.0,
      "steady_abs_error_ratio": 0.16507936507936508,
      "p95_error_ratio": 0.2261904761904762,
      "settle_time_ratio": 1.0,
      "pwm_settle_time_ratio": 0.6666666666666666,
      "overshoot_ratio": 0.0,
      "oscillation_ratio": 0.04371924103757022,
      "attainment_ratio": 0.834920634920635,
      "rail_hit_ratio": 0.0,
      "pwm_chatter_ratio": 0.0,
      "tail_mean_abs_error": 17.238095238095237,
      "tail_pwm_jump_abs": 798.6190476190476,
      "terminal_requirements_ok": false,
      "pwm_limit_reasonable": false,
      "pwm_limit_note": "terminal steady-state gate failed (tail error or PWM jump exceeded limits)",
      "weighted_score": Infinity
    }
  },
  "csv_path": "/home/madejuele/projects/2K0300/new/verification/auto-wheel-pid/20260423T014247Z/round-009-i-screen/attempt-01/telemetry.csv",
  "host_log_path": "/home/madejuele/projects/2K0300/new/verification/auto-wheel-pid/20260423T014247Z/round-009-i-screen/attempt-01/host.log",
  "board_log_path": "/home/madejuele/projects/2K0300/new/verification/auto-wheel-pid/20260423T014247Z/round-009-i-screen/attempt-01/board.log",
  "params_path": "/home/madejuele/projects/2K0300/new/verification/auto-wheel-pid/20260423T014247Z/round-009-i-screen/attempt-01/params.json",
  "tuning_exit_code": 0,
  "receiver_error": null,
  "ack_complete": true,
  "snapshot_cleared_seen": true,
  "board_markers_ok": true,
  "unexpected_failsafe": false,
  "runtime_error": null,
  "accepted": false,
  "accepted_reason": "screen left terminal gate failed: tail PWM jump 2648.048 > 800.000; screen right terminal gate failed: terminal gate failed"
}
