{
  "name": "round-004-p-screen",
  "candidate_label": "left-p=80.000000; right-p=98.000000",
  "wheel_scores": {
    "left": {
      "wheel": "left",
      "sample_count": 19,
      "mean_abs_error": 5.894736842105263,
      "p95_abs_error": 17.199999999999974,
      "overshoot_peak": 16.0,
      "settle_delay_s": 0.13666666666666666,
      "pwm_settle_delay_s": 0.6440952380952382,
      "saturation_ratio": 0.05263157894736842,
      "steady_abs_error_ratio": 0.0380952380952381,
      "p95_error_ratio": 0.133015873015873,
      "settle_time_ratio": 0.10253114282494001,
      "pwm_settle_time_ratio": 0.5585629600677481,
      "overshoot_ratio": 0.08571428571428572,
      "oscillation_ratio": 0.03657749115686237,
      "attainment_ratio": 0.9936507936507937,
      "rail_hit_ratio": 0.05263157894736842,
      "pwm_chatter_ratio": 0.0,
      "tail_mean_abs_error": 3.873015873015873,
      "tail_pwm_jump_abs": 570.3333333333334,
      "terminal_requirements_ok": false,
      "pwm_limit_reasonable": false,
      "pwm_limit_note": "terminal steady-state gate failed (tail error or PWM jump exceeded limits)",
      "weighted_score": Infinity
    },
    "right": {
      "wheel": "right",
      "sample_count": 19,
      "mean_abs_error": 7.421052631578948,
      "p95_abs_error": 17.699999999999942,
      "overshoot_peak": 42.0,
      "settle_delay_s": 0.13466666666666666,
      "pwm_settle_delay_s": 0.9955238095238095,
      "saturation_ratio": 0.05263157894736842,
      "steady_abs_error_ratio": 0.05185185185185185,
      "p95_error_ratio": 0.18634920634920635,
      "settle_time_ratio": 0.13109895120839032,
      "pwm_settle_time_ratio": 0.9031007751937985,
      "overshoot_ratio": 0.20317460317460317,
      "oscillation_ratio": 0.04843571950620681,
      "attainment_ratio": 1.0328042328042328,
      "rail_hit_ratio": 0.05263157894736842,
      "pwm_chatter_ratio": 0.0,
      "tail_mean_abs_error": 5.634920634920635,
      "tail_pwm_jump_abs": 594.0,
      "terminal_requirements_ok": false,
      "pwm_limit_reasonable": false,
      "pwm_limit_note": "terminal steady-state gate failed (tail error or PWM jump exceeded limits)",
      "weighted_score": Infinity
    }
  },
  "csv_path": "/home/madejuele/projects/2K0300/new/verification/auto-wheel-pid/20260423T125309Z/round-004-p-screen/attempt-01/telemetry.csv",
  "host_log_path": "/home/madejuele/projects/2K0300/new/verification/auto-wheel-pid/20260423T125309Z/round-004-p-screen/attempt-01/host.log",
  "board_log_path": "/home/madejuele/projects/2K0300/new/verification/auto-wheel-pid/20260423T125309Z/round-004-p-screen/attempt-01/board.log",
  "params_path": "/home/madejuele/projects/2K0300/new/verification/auto-wheel-pid/20260423T125309Z/round-004-p-screen/attempt-01/params.json",
  "tuning_exit_code": 0,
  "receiver_error": null,
  "ack_complete": true,
  "snapshot_cleared_seen": true,
  "board_markers_ok": true,
  "unexpected_failsafe": false,
  "runtime_error": null,
  "accepted": false,
  "accepted_reason": "screen left terminal gate failed: terminal gate failed; screen right terminal gate failed: terminal gate failed"
}
