{
  "name": "round-012-left-i",
  "candidate_label": "left-i=0.500000",
  "wheel_scores": {
    "left": {
      "wheel": "left",
      "sample_count": 53,
      "mean_abs_error": 13.849056603773585,
      "p95_abs_error": 27.0,
      "overshoot_peak": 27.0,
      "settle_delay_s": 1.3096666666666668,
      "pwm_settle_delay_s": 1.4435555555555555,
      "saturation_ratio": 0.018867924528301886,
      "steady_abs_error_ratio": 0.1228395061728395,
      "p95_error_ratio": 0.26444444444444437,
      "settle_time_ratio": 0.7777777777777778,
      "pwm_settle_time_ratio": 0.8935631207941702,
      "overshoot_ratio": 0.10740740740740741,
      "oscillation_ratio": 0.08612003916730877,
      "attainment_ratio": 0.9425925925925925,
      "rail_hit_ratio": 0.018867924528301886,
      "pwm_chatter_ratio": 0.0,
      "tail_mean_abs_error": 11.222222222222221,
      "tail_pwm_jump_abs": 921.8333333333334,
      "terminal_requirements_ok": false,
      "pwm_limit_reasonable": false,
      "pwm_limit_note": "terminal steady-state gate failed (tail error or PWM jump exceeded limits)",
      "weighted_score": Infinity
    },
    "right": {
      "wheel": "right",
      "sample_count": 53,
      "mean_abs_error": 17.943396226415093,
      "p95_abs_error": 28.799999999999997,
      "overshoot_peak": 0.0,
      "settle_delay_s": 1.5811666666666666,
      "pwm_settle_delay_s": 1.5042222222222221,
      "saturation_ratio": 0.03773584905660377,
      "steady_abs_error_ratio": 0.19074074074074074,
      "p95_error_ratio": 0.3134259259259259,
      "settle_time_ratio": 1.0,
      "pwm_settle_time_ratio": 0.936389921520033,
      "overshoot_ratio": 0.0,
      "oscillation_ratio": 0.042812052177244875,
      "attainment_ratio": 0.8092592592592592,
      "rail_hit_ratio": 0.03773584905660377,
      "pwm_chatter_ratio": 0.0,
      "tail_mean_abs_error": 17.5,
      "tail_pwm_jump_abs": 633.4444444444445,
      "terminal_requirements_ok": false,
      "pwm_limit_reasonable": false,
      "pwm_limit_note": "terminal steady-state gate failed (tail error or PWM jump exceeded limits)",
      "weighted_score": Infinity
    }
  },
  "csv_path": "/home/madejuele/projects/2K0300/new/verification/auto-wheel-pid/20260422T135601Z/round-012-left-i/attempt-01/telemetry.csv",
  "host_log_path": "/home/madejuele/projects/2K0300/new/verification/auto-wheel-pid/20260422T135601Z/round-012-left-i/attempt-01/host.log",
  "board_log_path": "/home/madejuele/projects/2K0300/new/verification/auto-wheel-pid/20260422T135601Z/round-012-left-i/attempt-01/board.log",
  "params_path": "/home/madejuele/projects/2K0300/new/verification/auto-wheel-pid/20260422T135601Z/round-012-left-i/attempt-01/params.json",
  "tuning_exit_code": 0,
  "receiver_error": null,
  "ack_complete": true,
  "snapshot_cleared_seen": true,
  "board_markers_ok": true,
  "unexpected_failsafe": false,
  "runtime_error": null,
  "accepted": false,
  "accepted_reason": "left score 87.421845 did not beat 45.760765 by 5%"
}
