{
  "name": "round-004-i-screen",
  "candidate_label": "left-i=2.000000; right-i=2.000000",
  "wheel_scores": {
    "left": {
      "wheel": "left",
      "sample_count": 28,
      "mean_abs_error": 11.428571428571429,
      "p95_abs_error": 25.949999999999996,
      "overshoot_peak": 31.0,
      "settle_delay_s": 0.7013333333333334,
      "pwm_settle_delay_s": 1.329047619047619,
      "saturation_ratio": 0.25,
      "steady_abs_error_ratio": 0.10052910052910052,
      "p95_error_ratio": 0.2231746031746031,
      "settle_time_ratio": 0.6144531593729963,
      "pwm_settle_time_ratio": 1.0,
      "overshoot_ratio": 0.19682539682539682,
      "oscillation_ratio": 0.09475940717284635,
      "attainment_ratio": 0.9777777777777777,
      "rail_hit_ratio": 0.17857142857142858,
      "pwm_chatter_ratio": 0.31481481481481477,
      "tail_mean_abs_error": 10.142857142857142,
      "tail_pwm_jump_abs": 2262.0,
      "terminal_requirements_ok": false,
      "pwm_limit_reasonable": false,
      "pwm_limit_note": "terminal steady-state gate failed (tail error or PWM jump exceeded limits)",
      "weighted_score": Infinity
    },
    "right": {
      "wheel": "right",
      "sample_count": 28,
      "mean_abs_error": 7.0,
      "p95_abs_error": 16.0,
      "overshoot_peak": 25.0,
      "settle_delay_s": 0.435,
      "pwm_settle_delay_s": 1.329047619047619,
      "saturation_ratio": 0.0,
      "steady_abs_error_ratio": 0.07195767195767196,
      "p95_error_ratio": 0.14238095238095233,
      "settle_time_ratio": 0.23957470252888147,
      "pwm_settle_time_ratio": 1.0,
      "overshoot_ratio": 0.13968253968253969,
      "oscillation_ratio": 0.07716983958280511,
      "attainment_ratio": 1.0253968253968253,
      "rail_hit_ratio": 0.0,
      "pwm_chatter_ratio": 0.037037037037037035,
      "tail_mean_abs_error": 7.619047619047619,
      "tail_pwm_jump_abs": 1287.2380952380952,
      "terminal_requirements_ok": false,
      "pwm_limit_reasonable": false,
      "pwm_limit_note": "terminal steady-state gate failed (tail error or PWM jump exceeded limits)",
      "weighted_score": Infinity
    }
  },
  "csv_path": "/home/madejuele/projects/2K0300/new/verification/auto-wheel-pid/20260423T021240Z/round-004-i-screen/attempt-01/telemetry.csv",
  "host_log_path": "/home/madejuele/projects/2K0300/new/verification/auto-wheel-pid/20260423T021240Z/round-004-i-screen/attempt-01/host.log",
  "board_log_path": "/home/madejuele/projects/2K0300/new/verification/auto-wheel-pid/20260423T021240Z/round-004-i-screen/attempt-01/board.log",
  "params_path": "/home/madejuele/projects/2K0300/new/verification/auto-wheel-pid/20260423T021240Z/round-004-i-screen/attempt-01/params.json",
  "tuning_exit_code": 0,
  "receiver_error": null,
  "ack_complete": true,
  "snapshot_cleared_seen": true,
  "board_markers_ok": true,
  "unexpected_failsafe": false,
  "runtime_error": null,
  "accepted": false,
  "accepted_reason": "screen left terminal gate failed: tail PWM jump 2262.000 > 800.000; screen right terminal gate failed: tail PWM jump 1287.238 > 800.000"
}
