{
  "name": "round-045-right-i",
  "candidate_label": "right-i=2.000000",
  "wheel_scores": {
    "left": {
      "wheel": "left",
      "sample_count": 52,
      "mean_abs_error": 15.596153846153847,
      "p95_abs_error": 25.0,
      "overshoot_peak": 19.0,
      "settle_delay_s": 1.535,
      "pwm_settle_delay_s": 1.2571904761904762,
      "saturation_ratio": 0.019230769230769232,
      "steady_abs_error_ratio": 0.15555555555555556,
      "p95_error_ratio": 0.22015873015873014,
      "settle_time_ratio": 1.0,
      "pwm_settle_time_ratio": 0.8241981053492242,
      "overshoot_ratio": 0.0873015873015873,
      "oscillation_ratio": 0.06131418370417367,
      "attainment_ratio": 0.871957671957672,
      "rail_hit_ratio": 0.023809523809523808,
      "pwm_chatter_ratio": 0.023809523809523808,
      "tail_mean_abs_error": 16.49206349206349,
      "tail_pwm_jump_abs": 754.9761904761905,
      "terminal_requirements_ok": false,
      "pwm_limit_reasonable": false,
      "pwm_limit_note": "terminal steady-state gate failed (tail error or PWM jump exceeded limits)",
      "weighted_score": Infinity
    },
    "right": {
      "wheel": "right",
      "sample_count": 52,
      "mean_abs_error": 20.28846153846154,
      "p95_abs_error": 29.449999999999996,
      "overshoot_peak": 0.0,
      "settle_delay_s": 1.535,
      "pwm_settle_delay_s": 1.3572619047619048,
      "saturation_ratio": 0.0,
      "steady_abs_error_ratio": 0.19735449735449734,
      "p95_error_ratio": 0.2638888888888889,
      "settle_time_ratio": 1.0,
      "pwm_settle_time_ratio": 0.8928571428571429,
      "overshoot_ratio": 0.0,
      "oscillation_ratio": 0.04567474306809067,
      "attainment_ratio": 0.8026455026455027,
      "rail_hit_ratio": 0.0,
      "pwm_chatter_ratio": 0.0,
      "tail_mean_abs_error": 21.00793650793651,
      "tail_pwm_jump_abs": 768.6904761904761,
      "terminal_requirements_ok": false,
      "pwm_limit_reasonable": false,
      "pwm_limit_note": "terminal steady-state gate failed (tail error or PWM jump exceeded limits)",
      "weighted_score": Infinity
    }
  },
  "csv_path": "/home/madejuele/projects/2K0300/new/verification/auto-wheel-pid/20260422T143235Z/round-045-right-i/attempt-01/telemetry.csv",
  "host_log_path": "/home/madejuele/projects/2K0300/new/verification/auto-wheel-pid/20260422T143235Z/round-045-right-i/attempt-01/host.log",
  "board_log_path": "/home/madejuele/projects/2K0300/new/verification/auto-wheel-pid/20260422T143235Z/round-045-right-i/attempt-01/board.log",
  "params_path": "/home/madejuele/projects/2K0300/new/verification/auto-wheel-pid/20260422T143235Z/round-045-right-i/attempt-01/params.json",
  "tuning_exit_code": 0,
  "receiver_error": null,
  "ack_complete": true,
  "snapshot_cleared_seen": true,
  "board_markers_ok": true,
  "unexpected_failsafe": false,
  "runtime_error": null,
  "accepted": false,
  "accepted_reason": "right score 83.213065 did not beat 43.720994 by 5%"
}
