{
  "name": "baseline",
  "candidate_label": "current-working-params",
  "wheel_scores": {
    "left": {
      "wheel": "left",
      "sample_count": 52,
      "mean_abs_error": 15.423076923076923,
      "p95_abs_error": 23.0,
      "overshoot_peak": 19.0,
      "settle_delay_s": 1.5291666666666668,
      "pwm_settle_delay_s": 1.1635952380952381,
      "saturation_ratio": 0.0,
      "steady_abs_error_ratio": 0.16137566137566137,
      "p95_error_ratio": 0.1965079365079365,
      "settle_time_ratio": 1.0,
      "pwm_settle_time_ratio": 0.748762587472265,
      "overshoot_ratio": 0.03015873015873016,
      "oscillation_ratio": 0.028982788956794975,
      "attainment_ratio": 0.8386243386243387,
      "rail_hit_ratio": 0.0,
      "pwm_chatter_ratio": 0.0,
      "tail_mean_abs_error": 17.27777777777778,
      "tail_pwm_jump_abs": 472.23809523809524,
      "terminal_requirements_ok": true,
      "pwm_limit_reasonable": true,
      "pwm_limit_note": "within current wheel-PID test envelope",
      "weighted_score": 1.738596418509948
    },
    "right": {
      "wheel": "right",
      "sample_count": 52,
      "mean_abs_error": 17.134615384615383,
      "p95_abs_error": 25.449999999999996,
      "overshoot_peak": 16.0,
      "settle_delay_s": 1.5291666666666668,
      "pwm_settle_delay_s": 1.291452380952381,
      "saturation_ratio": 0.0,
      "steady_abs_error_ratio": 0.18412698412698414,
      "p95_error_ratio": 0.2315873015873016,
      "settle_time_ratio": 1.0,
      "pwm_settle_time_ratio": 0.8383331300306958,
      "overshoot_ratio": 0.025396825396825397,
      "oscillation_ratio": 0.035291435578571326,
      "attainment_ratio": 0.8158730158730159,
      "rail_hit_ratio": 0.0,
      "pwm_chatter_ratio": 0.0,
      "tail_mean_abs_error": 19.77777777777778,
      "tail_pwm_jump_abs": 509.6666666666667,
      "terminal_requirements_ok": true,
      "pwm_limit_reasonable": true,
      "pwm_limit_note": "within current wheel-PID test envelope",
      "weighted_score": 2.0406550956129683
    }
  },
  "csv_path": "/home/madejuele/projects/2K0300/new/verification/auto-wheel-pid/20260423T111857Z/baseline/attempt-01/telemetry.csv",
  "host_log_path": "/home/madejuele/projects/2K0300/new/verification/auto-wheel-pid/20260423T111857Z/baseline/attempt-01/host.log",
  "board_log_path": "/home/madejuele/projects/2K0300/new/verification/auto-wheel-pid/20260423T111857Z/baseline/attempt-01/board.log",
  "params_path": "/home/madejuele/projects/2K0300/new/verification/auto-wheel-pid/20260423T111857Z/baseline/attempt-01/params.json",
  "tuning_exit_code": 0,
  "receiver_error": null,
  "ack_complete": true,
  "snapshot_cleared_seen": true,
  "board_markers_ok": true,
  "unexpected_failsafe": false,
  "runtime_error": null,
  "accepted": true,
  "accepted_reason": "baseline"
}
