{
  "name": "round-003-left-p",
  "candidate_label": "left-p=112.500000",
  "wheel_scores": {
    "left": {
      "wheel": "left",
      "sample_count": 60,
      "mean_abs_error": 15.116666666666667,
      "p95_abs_error": 31.0,
      "overshoot_peak": 33.0,
      "settle_delay_s": 1.7269999999999999,
      "pwm_settle_delay_s": 1.8383888888888889,
      "saturation_ratio": 0.11666666666666667,
      "steady_abs_error_ratio": 0.11975308641975307,
      "p95_error_ratio": 0.28694444444444445,
      "settle_time_ratio": 0.9331723027375202,
      "pwm_settle_time_ratio": 1.0,
      "overshoot_ratio": 0.2740740740740741,
      "oscillation_ratio": 0.11146848769063523,
      "attainment_ratio": 0.9506172839506174,
      "rail_hit_ratio": 0.07929292929292929,
      "pwm_chatter_ratio": 0.17407407407407408,
      "tail_mean_abs_error": 10.777777777777779,
      "tail_pwm_jump_abs": 1800.111111111111,
      "terminal_requirements_ok": false,
      "pwm_limit_reasonable": false,
      "pwm_limit_note": "terminal steady-state gate failed (tail error or PWM jump exceeded limits)",
      "weighted_score": Infinity
    },
    "right": {
      "wheel": "right",
      "sample_count": 60,
      "mean_abs_error": 17.666666666666668,
      "p95_abs_error": 25.049999999999997,
      "overshoot_peak": 8.0,
      "settle_delay_s": 1.8238333333333334,
      "pwm_settle_delay_s": 1.4759444444444445,
      "saturation_ratio": 0.016666666666666666,
      "steady_abs_error_ratio": 0.2024691358024691,
      "p95_error_ratio": 0.2897222222222222,
      "settle_time_ratio": 1.0,
      "pwm_settle_time_ratio": 0.8022670788628236,
      "overshoot_ratio": 0.014814814814814815,
      "oscillation_ratio": 0.05130482145449082,
      "attainment_ratio": 0.7975308641975309,
      "rail_hit_ratio": 0.022222222222222223,
      "pwm_chatter_ratio": 0.024691358024691357,
      "tail_mean_abs_error": 18.48148148148148,
      "tail_pwm_jump_abs": 605.4444444444445,
      "terminal_requirements_ok": false,
      "pwm_limit_reasonable": false,
      "pwm_limit_note": "terminal steady-state gate failed (tail error or PWM jump exceeded limits)",
      "weighted_score": Infinity
    }
  },
  "csv_path": "/home/madejuele/projects/2K0300/new/verification/auto-wheel-pid/20260422T132845Z/round-003-left-p/attempt-01/telemetry.csv",
  "host_log_path": "/home/madejuele/projects/2K0300/new/verification/auto-wheel-pid/20260422T132845Z/round-003-left-p/attempt-01/host.log",
  "board_log_path": "/home/madejuele/projects/2K0300/new/verification/auto-wheel-pid/20260422T132845Z/round-003-left-p/attempt-01/board.log",
  "params_path": "/home/madejuele/projects/2K0300/new/verification/auto-wheel-pid/20260422T132845Z/round-003-left-p/attempt-01/params.json",
  "tuning_exit_code": 0,
  "receiver_error": null,
  "ack_complete": true,
  "snapshot_cleared_seen": true,
  "board_markers_ok": true,
  "unexpected_failsafe": false,
  "runtime_error": null,
  "accepted": true,
  "accepted_reason": "left score improved from 1.090592 to 0.496264"
}
