{
  "name": "round-007-p-screen",
  "candidate_label": "left-p=160.000000; right-p=160.000000",
  "wheel_scores": {
    "left": {
      "wheel": "left",
      "sample_count": 22,
      "mean_abs_error": 10.045454545454545,
      "p95_abs_error": 20.649999999999995,
      "overshoot_peak": 12.0,
      "settle_delay_s": 0.7406666666666667,
      "pwm_settle_delay_s": 1.1166666666666667,
      "saturation_ratio": 0.09090909090909091,
      "steady_abs_error_ratio": 0.08571428571428572,
      "p95_error_ratio": 0.159047619047619,
      "settle_time_ratio": 0.5714285714285714,
      "pwm_settle_time_ratio": 0.9219995690583925,
      "overshoot_ratio": 0.050793650793650794,
      "oscillation_ratio": 0.05222698753136919,
      "attainment_ratio": 0.9142857142857143,
      "rail_hit_ratio": 0.10119047619047619,
      "pwm_chatter_ratio": 0.0,
      "tail_mean_abs_error": 9.095238095238095,
      "tail_pwm_jump_abs": 1100.952380952381,
      "terminal_requirements_ok": false,
      "pwm_limit_reasonable": false,
      "pwm_limit_note": "terminal steady-state gate failed (tail error or PWM jump exceeded limits)",
      "weighted_score": Infinity
    },
    "right": {
      "wheel": "right",
      "sample_count": 22,
      "mean_abs_error": 23.863636363636363,
      "p95_abs_error": 67.44999999999999,
      "overshoot_peak": 21.0,
      "settle_delay_s": 1.182,
      "pwm_settle_delay_s": 1.2028571428571428,
      "saturation_ratio": 0.22727272727272727,
      "steady_abs_error_ratio": 0.13862433862433865,
      "p95_error_ratio": 0.6133333333333331,
      "settle_time_ratio": 1.0,
      "pwm_settle_time_ratio": 1.0,
      "overshoot_ratio": 0.10158730158730159,
      "oscillation_ratio": 0.11228762683296963,
      "attainment_ratio": 0.8613756613756614,
      "rail_hit_ratio": 0.22727272727272727,
      "pwm_chatter_ratio": 0.0,
      "tail_mean_abs_error": 14.11111111111111,
      "tail_pwm_jump_abs": 1537.5714285714287,
      "terminal_requirements_ok": false,
      "pwm_limit_reasonable": false,
      "pwm_limit_note": "terminal steady-state gate failed (tail error or PWM jump exceeded limits)",
      "weighted_score": Infinity
    }
  },
  "csv_path": "/home/madejuele/projects/2K0300/new/verification/auto-wheel-pid/20260423T032314Z/round-007-p-screen/attempt-01/telemetry.csv",
  "host_log_path": "/home/madejuele/projects/2K0300/new/verification/auto-wheel-pid/20260423T032314Z/round-007-p-screen/attempt-01/host.log",
  "board_log_path": "/home/madejuele/projects/2K0300/new/verification/auto-wheel-pid/20260423T032314Z/round-007-p-screen/attempt-01/board.log",
  "params_path": "/home/madejuele/projects/2K0300/new/verification/auto-wheel-pid/20260423T032314Z/round-007-p-screen/attempt-01/params.json",
  "tuning_exit_code": 0,
  "receiver_error": null,
  "ack_complete": true,
  "snapshot_cleared_seen": true,
  "board_markers_ok": true,
  "unexpected_failsafe": false,
  "runtime_error": null,
  "accepted": false,
  "accepted_reason": "screen left terminal gate failed: tail PWM jump 1100.952 > 800.000; screen right terminal gate failed: tail PWM jump 1537.571 > 800.000"
}
