{
  "name": "round-002-p-screen",
  "candidate_label": "left-p=137.000000; right-p=83.000000",
  "wheel_scores": {
    "left": {
      "wheel": "left",
      "sample_count": 22,
      "mean_abs_error": 12.863636363636363,
      "p95_abs_error": 25.649999999999995,
      "overshoot_peak": 26.0,
      "settle_delay_s": 0.623,
      "pwm_settle_delay_s": 0.9466190476190476,
      "saturation_ratio": 0.045454545454545456,
      "steady_abs_error_ratio": 0.11005291005291004,
      "p95_error_ratio": 0.23603174603174593,
      "settle_time_ratio": 0.4742907027498909,
      "pwm_settle_time_ratio": 0.7757685352622061,
      "overshoot_ratio": 0.08253968253968254,
      "oscillation_ratio": 0.033068655042587235,
      "attainment_ratio": 0.8899470899470899,
      "rail_hit_ratio": 0.045454545454545456,
      "pwm_chatter_ratio": 0.0,
      "tail_mean_abs_error": 11.714285714285714,
      "tail_pwm_jump_abs": 492.95238095238096,
      "terminal_requirements_ok": false,
      "pwm_limit_reasonable": false,
      "pwm_limit_note": "terminal steady-state gate failed (tail error or PWM jump exceeded limits)",
      "weighted_score": Infinity
    },
    "right": {
      "wheel": "right",
      "sample_count": 22,
      "mean_abs_error": 16.227272727272727,
      "p95_abs_error": 21.95,
      "overshoot_peak": 18.0,
      "settle_delay_s": 1.177,
      "pwm_settle_delay_s": 1.1946190476190477,
      "saturation_ratio": 0.0,
      "steady_abs_error_ratio": 0.1375661375661376,
      "p95_error_ratio": 0.19587301587301587,
      "settle_time_ratio": 1.0,
      "pwm_settle_time_ratio": 1.0,
      "overshoot_ratio": 0.05714285714285714,
      "oscillation_ratio": 0.03312214761443848,
      "attainment_ratio": 0.8624338624338624,
      "rail_hit_ratio": 0.0,
      "pwm_chatter_ratio": 0.0,
      "tail_mean_abs_error": 14.666666666666666,
      "tail_pwm_jump_abs": 508.14285714285717,
      "terminal_requirements_ok": true,
      "pwm_limit_reasonable": true,
      "pwm_limit_note": "within current wheel-PID test envelope",
      "weighted_score": 1.76424978089901
    }
  },
  "csv_path": "/home/madejuele/projects/2K0300/new/verification/auto-wheel-pid/20260423T042856Z/round-002-p-screen/attempt-01/telemetry.csv",
  "host_log_path": "/home/madejuele/projects/2K0300/new/verification/auto-wheel-pid/20260423T042856Z/round-002-p-screen/attempt-01/host.log",
  "board_log_path": "/home/madejuele/projects/2K0300/new/verification/auto-wheel-pid/20260423T042856Z/round-002-p-screen/attempt-01/board.log",
  "params_path": "/home/madejuele/projects/2K0300/new/verification/auto-wheel-pid/20260423T042856Z/round-002-p-screen/attempt-01/params.json",
  "tuning_exit_code": 0,
  "receiver_error": null,
  "ack_complete": true,
  "snapshot_cleared_seen": true,
  "board_markers_ok": true,
  "unexpected_failsafe": false,
  "runtime_error": null,
  "accepted": false,
  "accepted_reason": "screen left terminal gate failed: terminal gate failed; screen right score 1.764250 did not beat 1.215166 by 5%"
}
