{
  "name": "right-p95",
  "candidate_label": "left-p=139.000000; right-p=95.000000; right-alpha=0.400000",
  "wheel_scores": {
    "left": {
      "wheel": "left",
      "sample_count": 57,
      "mean_abs_error": 12.017543859649123,
      "p95_abs_error": 22.999999999999957,
      "overshoot_peak": 13.0,
      "settle_delay_s": 1.0776666666666668,
      "pwm_settle_delay_s": 1.1447857142857143,
      "saturation_ratio": 0.08771929824561403,
      "steady_abs_error_ratio": 0.10264550264550264,
      "p95_error_ratio": 0.24309523809523798,
      "settle_time_ratio": 0.6336756997204784,
      "pwm_settle_time_ratio": 0.7231019330520763,
      "overshoot_ratio": 0.03650793650793651,
      "oscillation_ratio": 0.03678731781053228,
      "attainment_ratio": 0.8973544973544975,
      "rail_hit_ratio": 0.05263157894736842,
      "pwm_chatter_ratio": 0.0,
      "tail_mean_abs_error": 10.428571428571429,
      "tail_pwm_jump_abs": 677.3333333333334,
      "terminal_requirements_ok": false,
      "pwm_limit_reasonable": false,
      "pwm_limit_note": "terminal steady-state gate failed (tail error or PWM jump exceeded limits)",
      "weighted_score": Infinity
    },
    "right": {
      "wheel": "right",
      "sample_count": 57,
      "mean_abs_error": 13.75438596491228,
      "p95_abs_error": 22.199999999999996,
      "overshoot_peak": 5.0,
      "settle_delay_s": 1.5653333333333332,
      "pwm_settle_delay_s": 1.5193809523809525,
      "saturation_ratio": 0.017543859649122806,
      "steady_abs_error_ratio": 0.15079365079365079,
      "p95_error_ratio": 0.2118253968253968,
      "settle_time_ratio": 1.0,
      "pwm_settle_time_ratio": 0.9698369914003337,
      "overshoot_ratio": 0.007936507936507936,
      "oscillation_ratio": 0.03776005377433374,
      "attainment_ratio": 0.8492063492063492,
      "rail_hit_ratio": 0.0,
      "pwm_chatter_ratio": 0.0,
      "tail_mean_abs_error": 15.341269841269842,
      "tail_pwm_jump_abs": 580.0952380952381,
      "terminal_requirements_ok": false,
      "pwm_limit_reasonable": false,
      "pwm_limit_note": "terminal steady-state gate failed (tail error or PWM jump exceeded limits)",
      "weighted_score": Infinity
    }
  },
  "csv_path": "/home/madejuele/projects/2K0300/new/verification/manual-probes/20260423T041956Z-right-alpha04-p-window-scan/right-p95/attempt-01/telemetry.csv",
  "host_log_path": "/home/madejuele/projects/2K0300/new/verification/manual-probes/20260423T041956Z-right-alpha04-p-window-scan/right-p95/attempt-01/host.log",
  "board_log_path": "/home/madejuele/projects/2K0300/new/verification/manual-probes/20260423T041956Z-right-alpha04-p-window-scan/right-p95/attempt-01/board.log",
  "params_path": "/home/madejuele/projects/2K0300/new/verification/manual-probes/20260423T041956Z-right-alpha04-p-window-scan/right-p95/attempt-01/params.json",
  "tuning_exit_code": 0,
  "receiver_error": null,
  "ack_complete": true,
  "snapshot_cleared_seen": true,
  "board_markers_ok": true,
  "unexpected_failsafe": false,
  "runtime_error": null,
  "accepted": false,
  "accepted_reason": ""
}
