{
  "name": "round-006-p-screen",
  "candidate_label": "left-p=146.000000",
  "wheel_scores": {
    "left": {
      "wheel": "left",
      "sample_count": 29,
      "mean_abs_error": 15.724137931034482,
      "p95_abs_error": 28.599999999999998,
      "overshoot_peak": 34.0,
      "settle_delay_s": 1.6183333333333334,
      "pwm_settle_delay_s": 1.6366190476190474,
      "saturation_ratio": 0.1724137931034483,
      "steady_abs_error_ratio": 0.1365079365079365,
      "p95_error_ratio": 0.25984126984126976,
      "settle_time_ratio": 1.0,
      "pwm_settle_time_ratio": 1.0,
      "overshoot_ratio": 0.2571428571428571,
      "oscillation_ratio": 0.10734174629639329,
      "attainment_ratio": 0.943915343915344,
      "rail_hit_ratio": 0.1455026455026455,
      "pwm_chatter_ratio": 0.20965608465608468,
      "tail_mean_abs_error": 14.873015873015873,
      "tail_pwm_jump_abs": 1800.1904761904761,
      "terminal_requirements_ok": false,
      "pwm_limit_reasonable": false,
      "pwm_limit_note": "terminal steady-state gate failed (tail error or PWM jump exceeded limits)",
      "weighted_score": Infinity
    },
    "right": {
      "wheel": "right",
      "sample_count": 29,
      "mean_abs_error": 15.96551724137931,
      "p95_abs_error": 28.39999999999999,
      "overshoot_peak": 7.0,
      "settle_delay_s": 1.6183333333333334,
      "pwm_settle_delay_s": 1.6366190476190474,
      "saturation_ratio": 0.034482758620689655,
      "steady_abs_error_ratio": 0.15767195767195766,
      "p95_error_ratio": 0.2653968253968253,
      "settle_time_ratio": 1.0,
      "pwm_settle_time_ratio": 1.0,
      "overshoot_ratio": 0.047619047619047616,
      "oscillation_ratio": 0.06606188068001212,
      "attainment_ratio": 0.8486772486772488,
      "rail_hit_ratio": 0.04285714285714286,
      "pwm_chatter_ratio": 0.0,
      "tail_mean_abs_error": 17.38095238095238,
      "tail_pwm_jump_abs": 1203.8095238095239,
      "terminal_requirements_ok": false,
      "pwm_limit_reasonable": false,
      "pwm_limit_note": "terminal steady-state gate failed (tail error or PWM jump exceeded limits)",
      "weighted_score": Infinity
    }
  },
  "csv_path": "/home/madejuele/projects/2K0300/new/verification/auto-wheel-pid/20260423T005656Z/round-006-p-screen/attempt-01/telemetry.csv",
  "host_log_path": "/home/madejuele/projects/2K0300/new/verification/auto-wheel-pid/20260423T005656Z/round-006-p-screen/attempt-01/host.log",
  "board_log_path": "/home/madejuele/projects/2K0300/new/verification/auto-wheel-pid/20260423T005656Z/round-006-p-screen/attempt-01/board.log",
  "params_path": "/home/madejuele/projects/2K0300/new/verification/auto-wheel-pid/20260423T005656Z/round-006-p-screen/attempt-01/params.json",
  "tuning_exit_code": 0,
  "receiver_error": null,
  "ack_complete": true,
  "snapshot_cleared_seen": true,
  "board_markers_ok": true,
  "unexpected_failsafe": false,
  "runtime_error": null,
  "accepted": false,
  "accepted_reason": "screen left terminal gate failed: tail PWM jump 1800.190 > 800.000"
}
