{
  "name": "round-005-d-screen",
  "candidate_label": "left-d=1.625000; right-d=1.625000",
  "wheel_scores": {
    "left": {
      "wheel": "left",
      "sample_count": 29,
      "mean_abs_error": 15.206896551724139,
      "p95_abs_error": 28.599999999999998,
      "overshoot_peak": 40.0,
      "settle_delay_s": 1.0546666666666666,
      "pwm_settle_delay_s": 1.537095238095238,
      "saturation_ratio": 0.1724137931034483,
      "steady_abs_error_ratio": 0.17883597883597885,
      "p95_error_ratio": 0.256031746031746,
      "settle_time_ratio": 0.5714285714285714,
      "pwm_settle_time_ratio": 0.9400000000000001,
      "overshoot_ratio": 0.2507936507936508,
      "oscillation_ratio": 0.15890923075716828,
      "attainment_ratio": 1.0222222222222221,
      "rail_hit_ratio": 0.1455026455026455,
      "pwm_chatter_ratio": 0.27645502645502645,
      "tail_mean_abs_error": 20.11111111111111,
      "tail_pwm_jump_abs": 2285.714285714286,
      "terminal_requirements_ok": false,
      "pwm_limit_reasonable": false,
      "pwm_limit_note": "terminal steady-state gate failed (tail error or PWM jump exceeded limits)",
      "weighted_score": Infinity
    },
    "right": {
      "wheel": "right",
      "sample_count": 29,
      "mean_abs_error": 18.103448275862068,
      "p95_abs_error": 29.799999999999994,
      "overshoot_peak": 14.0,
      "settle_delay_s": 1.611,
      "pwm_settle_delay_s": 1.4663809523809523,
      "saturation_ratio": 0.0,
      "steady_abs_error_ratio": 0.18412698412698414,
      "p95_error_ratio": 0.26095238095238094,
      "settle_time_ratio": 1.0,
      "pwm_settle_time_ratio": 0.9037062398356587,
      "overshoot_ratio": 0.044444444444444446,
      "oscillation_ratio": 0.062968714621933,
      "attainment_ratio": 0.8306878306878307,
      "rail_hit_ratio": 0.0,
      "pwm_chatter_ratio": 0.0,
      "tail_mean_abs_error": 19.047619047619047,
      "tail_pwm_jump_abs": 881.5238095238095,
      "terminal_requirements_ok": false,
      "pwm_limit_reasonable": false,
      "pwm_limit_note": "terminal steady-state gate failed (tail error or PWM jump exceeded limits)",
      "weighted_score": Infinity
    }
  },
  "csv_path": "/home/madejuele/projects/2K0300/new/verification/auto-wheel-pid/20260423T013250Z/round-005-d-screen/attempt-01/telemetry.csv",
  "host_log_path": "/home/madejuele/projects/2K0300/new/verification/auto-wheel-pid/20260423T013250Z/round-005-d-screen/attempt-01/host.log",
  "board_log_path": "/home/madejuele/projects/2K0300/new/verification/auto-wheel-pid/20260423T013250Z/round-005-d-screen/attempt-01/board.log",
  "params_path": "/home/madejuele/projects/2K0300/new/verification/auto-wheel-pid/20260423T013250Z/round-005-d-screen/attempt-01/params.json",
  "tuning_exit_code": 0,
  "receiver_error": null,
  "ack_complete": true,
  "snapshot_cleared_seen": true,
  "board_markers_ok": true,
  "unexpected_failsafe": false,
  "runtime_error": null,
  "accepted": false,
  "accepted_reason": "screen left terminal gate failed: tail error 20.111 > 20.000; tail PWM jump 2285.714 > 800.000; screen right terminal gate failed: tail PWM jump 881.524 > 800.000"
}
