{
  "name": "round-044-right-i",
  "candidate_label": "right-i=1.000000",
  "wheel_scores": {
    "left": {
      "wheel": "left",
      "sample_count": 57,
      "mean_abs_error": 15.964912280701755,
      "p95_abs_error": 31.199999999999996,
      "overshoot_peak": 12.0,
      "settle_delay_s": 1.3315,
      "pwm_settle_delay_s": 1.575952380952381,
      "saturation_ratio": 0.08771929824561403,
      "steady_abs_error_ratio": 0.14497354497354498,
      "p95_error_ratio": 0.2617460317460317,
      "settle_time_ratio": 0.8077899010403451,
      "pwm_settle_time_ratio": 1.0,
      "overshoot_ratio": 0.05873015873015873,
      "oscillation_ratio": 0.05826804374598016,
      "attainment_ratio": 0.8624338624338624,
      "rail_hit_ratio": 0.03508771929824561,
      "pwm_chatter_ratio": 0.020833333333333332,
      "tail_mean_abs_error": 15.507936507936508,
      "tail_pwm_jump_abs": 904.2380952380952,
      "terminal_requirements_ok": false,
      "pwm_limit_reasonable": false,
      "pwm_limit_note": "terminal steady-state gate failed (tail error or PWM jump exceeded limits)",
      "weighted_score": Infinity
    },
    "right": {
      "wheel": "right",
      "sample_count": 57,
      "mean_abs_error": 21.57894736842105,
      "p95_abs_error": 31.0,
      "overshoot_peak": 25.0,
      "settle_delay_s": 1.584,
      "pwm_settle_delay_s": 1.575952380952381,
      "saturation_ratio": 0.017543859649122806,
      "steady_abs_error_ratio": 0.191005291005291,
      "p95_error_ratio": 0.30492063492063487,
      "settle_time_ratio": 1.0,
      "pwm_settle_time_ratio": 1.0,
      "overshoot_ratio": 0.03968253968253968,
      "oscillation_ratio": 0.034778696906186415,
      "attainment_ratio": 0.808994708994709,
      "rail_hit_ratio": 0.017543859649122806,
      "pwm_chatter_ratio": 0.0,
      "tail_mean_abs_error": 20.27777777777778,
      "tail_pwm_jump_abs": 496.6904761904762,
      "terminal_requirements_ok": false,
      "pwm_limit_reasonable": false,
      "pwm_limit_note": "terminal steady-state gate failed (tail error or PWM jump exceeded limits)",
      "weighted_score": Infinity
    }
  },
  "csv_path": "/home/madejuele/projects/2K0300/new/verification/auto-wheel-pid/20260422T143235Z/round-044-right-i/attempt-01/telemetry.csv",
  "host_log_path": "/home/madejuele/projects/2K0300/new/verification/auto-wheel-pid/20260422T143235Z/round-044-right-i/attempt-01/host.log",
  "board_log_path": "/home/madejuele/projects/2K0300/new/verification/auto-wheel-pid/20260422T143235Z/round-044-right-i/attempt-01/board.log",
  "params_path": "/home/madejuele/projects/2K0300/new/verification/auto-wheel-pid/20260422T143235Z/round-044-right-i/attempt-01/params.json",
  "tuning_exit_code": 0,
  "receiver_error": null,
  "ack_complete": true,
  "snapshot_cleared_seen": true,
  "board_markers_ok": true,
  "unexpected_failsafe": false,
  "runtime_error": null,
  "accepted": false,
  "accepted_reason": "right score 60.600120 did not beat 43.720994 by 5%"
}
