{
  "name": "round-004-p-screen",
  "candidate_label": "left-p=126.850231; right-p=99.190325",
  "wheel_scores": {
    "left": {
      "wheel": "left",
      "sample_count": 15,
      "mean_abs_error": 15.866666666666667,
      "p95_abs_error": 34.39999999999999,
      "overshoot_peak": 32.0,
      "settle_delay_s": 1.0075,
      "pwm_settle_delay_s": 1.0559166666666666,
      "saturation_ratio": 0.13333333333333333,
      "steady_abs_error_ratio": 0.12037037037037036,
      "p95_error_ratio": 0.36694444444444435,
      "settle_time_ratio": 1.0,
      "pwm_settle_time_ratio": 1.0,
      "overshoot_ratio": 0.2722222222222222,
      "oscillation_ratio": 0.14016814561111474,
      "attainment_ratio": 0.9796296296296295,
      "rail_hit_ratio": 0.13333333333333333,
      "pwm_chatter_ratio": 0.1388888888888889,
      "tail_mean_abs_error": 10.694444444444445,
      "tail_pwm_jump_abs": 2137.8333333333335,
      "terminal_requirements_ok": false,
      "pwm_limit_reasonable": false,
      "pwm_limit_note": "terminal steady-state gate failed (tail error or PWM jump exceeded limits)",
      "weighted_score": Infinity
    },
    "right": {
      "wheel": "right",
      "sample_count": 15,
      "mean_abs_error": 14.4,
      "p95_abs_error": 23.599999999999994,
      "overshoot_peak": 19.0,
      "settle_delay_s": 1.0075,
      "pwm_settle_delay_s": 1.0559166666666666,
      "saturation_ratio": 0.0,
      "steady_abs_error_ratio": 0.1648148148148148,
      "p95_error_ratio": 0.24666666666666662,
      "settle_time_ratio": 1.0,
      "pwm_settle_time_ratio": 1.0,
      "overshoot_ratio": 0.10555555555555556,
      "oscillation_ratio": 0.055213942041924174,
      "attainment_ratio": 0.8351851851851853,
      "rail_hit_ratio": 0.0,
      "pwm_chatter_ratio": 0.0,
      "tail_mean_abs_error": 14.86111111111111,
      "tail_pwm_jump_abs": 1162.8333333333333,
      "terminal_requirements_ok": false,
      "pwm_limit_reasonable": false,
      "pwm_limit_note": "terminal steady-state gate failed (tail error or PWM jump exceeded limits)",
      "weighted_score": Infinity
    }
  },
  "csv_path": "/home/madejuele/projects/2K0300/new/verification/auto-wheel-pid/20260422T160743Z/round-004-p-screen/attempt-01/telemetry.csv",
  "host_log_path": "/home/madejuele/projects/2K0300/new/verification/auto-wheel-pid/20260422T160743Z/round-004-p-screen/attempt-01/host.log",
  "board_log_path": "/home/madejuele/projects/2K0300/new/verification/auto-wheel-pid/20260422T160743Z/round-004-p-screen/attempt-01/board.log",
  "params_path": "/home/madejuele/projects/2K0300/new/verification/auto-wheel-pid/20260422T160743Z/round-004-p-screen/attempt-01/params.json",
  "tuning_exit_code": 0,
  "receiver_error": null,
  "ack_complete": true,
  "snapshot_cleared_seen": true,
  "board_markers_ok": true,
  "unexpected_failsafe": false,
  "runtime_error": null,
  "accepted": false,
  "accepted_reason": "screen left terminal gate failed: tail error 10.694 > 2.000; tail PWM jump 2137.833 > 500.000; screen right terminal gate failed: tail error 14.861 > 2.000; tail PWM jump 1162.833 > 500.000"
}
