{
  "name": "round-016-right-i",
  "candidate_label": "right-i=0.250000",
  "wheel_scores": {
    "left": {
      "wheel": "left",
      "sample_count": 54,
      "mean_abs_error": 14.796296296296296,
      "p95_abs_error": 22.349999999999994,
      "overshoot_peak": 14.0,
      "settle_delay_s": 1.5326666666666666,
      "pwm_settle_delay_s": 1.2660952380952382,
      "saturation_ratio": 0.0,
      "steady_abs_error_ratio": 0.13756613756613756,
      "p95_error_ratio": 0.19904761904761903,
      "settle_time_ratio": 1.0,
      "pwm_settle_time_ratio": 0.8238747332295966,
      "overshoot_ratio": 0.049206349206349205,
      "oscillation_ratio": 0.047814116462672175,
      "attainment_ratio": 0.8677248677248677,
      "rail_hit_ratio": 0.0,
      "pwm_chatter_ratio": 0.0,
      "tail_mean_abs_error": 14.222222222222221,
      "tail_pwm_jump_abs": 918.7619047619048,
      "terminal_requirements_ok": false,
      "pwm_limit_reasonable": false,
      "pwm_limit_note": "terminal steady-state gate failed (tail error or PWM jump exceeded limits)",
      "weighted_score": Infinity
    },
    "right": {
      "wheel": "right",
      "sample_count": 54,
      "mean_abs_error": 17.59259259259259,
      "p95_abs_error": 27.799999999999955,
      "overshoot_peak": 5.0,
      "settle_delay_s": 1.5326666666666666,
      "pwm_settle_delay_s": 1.3805476190476191,
      "saturation_ratio": 0.018518518518518517,
      "steady_abs_error_ratio": 0.1529100529100529,
      "p95_error_ratio": 0.25785714285714284,
      "settle_time_ratio": 1.0,
      "pwm_settle_time_ratio": 0.8955933179723502,
      "overshoot_ratio": 0.007936507936507936,
      "oscillation_ratio": 0.04628363253663954,
      "attainment_ratio": 0.847089947089947,
      "rail_hit_ratio": 0.0,
      "pwm_chatter_ratio": 0.0,
      "tail_mean_abs_error": 15.452380952380953,
      "tail_pwm_jump_abs": 652.3571428571429,
      "terminal_requirements_ok": false,
      "pwm_limit_reasonable": false,
      "pwm_limit_note": "terminal steady-state gate failed (tail error or PWM jump exceeded limits)",
      "weighted_score": Infinity
    }
  },
  "csv_path": "/home/madejuele/projects/2K0300/new/verification/auto-wheel-pid/20260422T143235Z/round-016-right-i/attempt-01/telemetry.csv",
  "host_log_path": "/home/madejuele/projects/2K0300/new/verification/auto-wheel-pid/20260422T143235Z/round-016-right-i/attempt-01/host.log",
  "board_log_path": "/home/madejuele/projects/2K0300/new/verification/auto-wheel-pid/20260422T143235Z/round-016-right-i/attempt-01/board.log",
  "params_path": "/home/madejuele/projects/2K0300/new/verification/auto-wheel-pid/20260422T143235Z/round-016-right-i/attempt-01/params.json",
  "tuning_exit_code": 0,
  "receiver_error": null,
  "ack_complete": true,
  "snapshot_cleared_seen": true,
  "board_markers_ok": true,
  "unexpected_failsafe": false,
  "runtime_error": null,
  "accepted": false,
  "accepted_reason": "right score improved to 64.371454, but right-i=0.250000 was not the best candidate in the dimension batch"
}
