{
  "name": "round-001-p-screen",
  "candidate_label": "right-p=99.750000",
  "wheel_scores": {
    "left": {
      "wheel": "left",
      "sample_count": 19,
      "mean_abs_error": 16.473684210526315,
      "p95_abs_error": 21.699999999999985,
      "overshoot_peak": 14.0,
      "settle_delay_s": 1.1036666666666666,
      "pwm_settle_delay_s": 0.5682380952380952,
      "saturation_ratio": 0.0,
      "steady_abs_error_ratio": 0.17142857142857143,
      "p95_error_ratio": 0.20253968253968252,
      "settle_time_ratio": 1.0,
      "pwm_settle_time_ratio": 0.4790367760007229,
      "overshoot_ratio": 0.044444444444444446,
      "oscillation_ratio": 0.030133267523155,
      "attainment_ratio": 0.8285714285714286,
      "rail_hit_ratio": 0.0,
      "pwm_chatter_ratio": 0.0,
      "tail_mean_abs_error": 17.80952380952381,
      "tail_pwm_jump_abs": 564.3333333333334,
      "terminal_requirements_ok": false,
      "pwm_limit_reasonable": false,
      "pwm_limit_note": "terminal steady-state gate failed (tail error or PWM jump exceeded limits)",
      "weighted_score": Infinity
    },
    "right": {
      "wheel": "right",
      "sample_count": 19,
      "mean_abs_error": 16.157894736842106,
      "p95_abs_error": 29.0,
      "overshoot_peak": 29.0,
      "settle_delay_s": 1.1036666666666666,
      "pwm_settle_delay_s": 0.8488095238095238,
      "saturation_ratio": 0.0,
      "steady_abs_error_ratio": 0.1439153439153439,
      "p95_error_ratio": 0.24523809523809523,
      "settle_time_ratio": 1.0,
      "pwm_settle_time_ratio": 0.7619047619047619,
      "overshoot_ratio": 0.09206349206349207,
      "oscillation_ratio": 0.04232826537464827,
      "attainment_ratio": 0.8560846560846561,
      "rail_hit_ratio": 0.0,
      "pwm_chatter_ratio": 0.0,
      "tail_mean_abs_error": 15.238095238095237,
      "tail_pwm_jump_abs": 490.57142857142856,
      "terminal_requirements_ok": true,
      "pwm_limit_reasonable": true,
      "pwm_limit_note": "within current wheel-PID test envelope",
      "weighted_score": 1.7984762127808511
    }
  },
  "csv_path": "/home/madejuele/projects/2K0300/new/verification/auto-wheel-pid/20260423T114451Z/round-001-p-screen/attempt-01/telemetry.csv",
  "host_log_path": "/home/madejuele/projects/2K0300/new/verification/auto-wheel-pid/20260423T114451Z/round-001-p-screen/attempt-01/host.log",
  "board_log_path": "/home/madejuele/projects/2K0300/new/verification/auto-wheel-pid/20260423T114451Z/round-001-p-screen/attempt-01/board.log",
  "params_path": "/home/madejuele/projects/2K0300/new/verification/auto-wheel-pid/20260423T114451Z/round-001-p-screen/attempt-01/params.json",
  "tuning_exit_code": 0,
  "receiver_error": null,
  "ack_complete": true,
  "snapshot_cleared_seen": true,
  "board_markers_ok": true,
  "unexpected_failsafe": false,
  "runtime_error": null,
  "accepted": false,
  "accepted_reason": "screen right score 1.798476 did not beat 1.657592 by 5%"
}
