{
  "name": "baseline",
  "candidate_label": "current-working-params",
  "wheel_scores": {
    "left": {
      "wheel": "left",
      "sample_count": 63,
      "mean_abs_error": 16.58730158730159,
      "p95_abs_error": 26.0,
      "overshoot_peak": 21.0,
      "settle_delay_s": 1.5823333333333334,
      "pwm_settle_delay_s": 1.6025,
      "saturation_ratio": 0.031746031746031744,
      "steady_abs_error_ratio": 0.14285714285714285,
      "p95_error_ratio": 0.2419047619047619,
      "settle_time_ratio": 0.7857142857142857,
      "pwm_settle_time_ratio": 0.8539964040536123,
      "overshoot_ratio": 0.06349206349206349,
      "oscillation_ratio": 0.04587655511419209,
      "attainment_ratio": 0.8571428571428571,
      "rail_hit_ratio": 0.031746031746031744,
      "pwm_chatter_ratio": 0.0,
      "tail_mean_abs_error": 14.65079365079365,
      "tail_pwm_jump_abs": 530.4047619047619,
      "terminal_requirements_ok": false,
      "pwm_limit_reasonable": false,
      "pwm_limit_note": "terminal steady-state gate failed (tail error or PWM jump exceeded limits)",
      "weighted_score": Infinity
    },
    "right": {
      "wheel": "right",
      "sample_count": 63,
      "mean_abs_error": 17.349206349206348,
      "p95_abs_error": 27.799999999999997,
      "overshoot_peak": 0.0,
      "settle_delay_s": 1.7863333333333333,
      "pwm_settle_delay_s": 1.483142857142857,
      "saturation_ratio": 0.047619047619047616,
      "steady_abs_error_ratio": 0.1343915343915344,
      "p95_error_ratio": 0.2673809523809524,
      "settle_time_ratio": 0.9620454874692163,
      "pwm_settle_time_ratio": 0.7857142857142857,
      "overshoot_ratio": 0.0,
      "oscillation_ratio": 0.034691001255422606,
      "attainment_ratio": 0.8656084656084657,
      "rail_hit_ratio": 0.047619047619047616,
      "pwm_chatter_ratio": 0.0,
      "tail_mean_abs_error": 14.079365079365079,
      "tail_pwm_jump_abs": 401.9047619047619,
      "terminal_requirements_ok": true,
      "pwm_limit_reasonable": true,
      "pwm_limit_note": "within current wheel-PID test envelope",
      "weighted_score": 1.6825008260581156
    }
  },
  "csv_path": "/home/madejuele/projects/2K0300/new/verification/auto-wheel-pid/20260423T103141Z/baseline/attempt-01/telemetry.csv",
  "host_log_path": "/home/madejuele/projects/2K0300/new/verification/auto-wheel-pid/20260423T103141Z/baseline/attempt-01/host.log",
  "board_log_path": "/home/madejuele/projects/2K0300/new/verification/auto-wheel-pid/20260423T103141Z/baseline/attempt-01/board.log",
  "params_path": "/home/madejuele/projects/2K0300/new/verification/auto-wheel-pid/20260423T103141Z/baseline/attempt-01/params.json",
  "tuning_exit_code": 0,
  "receiver_error": null,
  "ack_complete": true,
  "snapshot_cleared_seen": true,
  "board_markers_ok": true,
  "unexpected_failsafe": false,
  "runtime_error": null,
  "accepted": true,
  "accepted_reason": "baseline"
}
