{
  "name": "right-p135",
  "candidate_label": "left-p=139.000000; right-p=135.000000; right-alpha=0.400000",
  "wheel_scores": {
    "left": {
      "wheel": "left",
      "sample_count": 57,
      "mean_abs_error": 11.403508771929825,
      "p95_abs_error": 30.99999999999998,
      "overshoot_peak": 24.0,
      "settle_delay_s": 0.8006666666666666,
      "pwm_settle_delay_s": 1.5725476190476189,
      "saturation_ratio": 0.03508771929824561,
      "steady_abs_error_ratio": 0.10687830687830689,
      "p95_error_ratio": 0.2381746031746031,
      "settle_time_ratio": 0.5026426116580026,
      "pwm_settle_time_ratio": 1.0,
      "overshoot_ratio": 0.07301587301587302,
      "oscillation_ratio": 0.05950837188358836,
      "attainment_ratio": 0.8994708994708994,
      "rail_hit_ratio": 0.023809523809523808,
      "pwm_chatter_ratio": 0.0,
      "tail_mean_abs_error": 11.492063492063492,
      "tail_pwm_jump_abs": 869.8809523809524,
      "terminal_requirements_ok": false,
      "pwm_limit_reasonable": false,
      "pwm_limit_note": "terminal steady-state gate failed (tail error or PWM jump exceeded limits)",
      "weighted_score": Infinity
    },
    "right": {
      "wheel": "right",
      "sample_count": 57,
      "mean_abs_error": 14.929824561403509,
      "p95_abs_error": 44.19999999999991,
      "overshoot_peak": 62.0,
      "settle_delay_s": 1.1038333333333332,
      "pwm_settle_delay_s": 1.3585476190476191,
      "saturation_ratio": 0.05263157894736842,
      "steady_abs_error_ratio": 0.15767195767195769,
      "p95_error_ratio": 0.3616666666666665,
      "settle_time_ratio": 0.6241938635919484,
      "pwm_settle_time_ratio": 0.87038158691702,
      "overshoot_ratio": 0.3238095238095238,
      "oscillation_ratio": 0.14862088910931145,
      "attainment_ratio": 0.9492063492063492,
      "rail_hit_ratio": 0.03508771929824561,
      "pwm_chatter_ratio": 0.0,
      "tail_mean_abs_error": 16.666666666666668,
      "tail_pwm_jump_abs": 1039.547619047619,
      "terminal_requirements_ok": false,
      "pwm_limit_reasonable": false,
      "pwm_limit_note": "terminal steady-state gate failed (tail error or PWM jump exceeded limits)",
      "weighted_score": Infinity
    }
  },
  "csv_path": "/home/madejuele/projects/2K0300/new/verification/manual-probes/20260423T041956Z-right-alpha04-p-window-scan/right-p135/attempt-01/telemetry.csv",
  "host_log_path": "/home/madejuele/projects/2K0300/new/verification/manual-probes/20260423T041956Z-right-alpha04-p-window-scan/right-p135/attempt-01/host.log",
  "board_log_path": "/home/madejuele/projects/2K0300/new/verification/manual-probes/20260423T041956Z-right-alpha04-p-window-scan/right-p135/attempt-01/board.log",
  "params_path": "/home/madejuele/projects/2K0300/new/verification/manual-probes/20260423T041956Z-right-alpha04-p-window-scan/right-p135/attempt-01/params.json",
  "tuning_exit_code": 0,
  "receiver_error": null,
  "ack_complete": true,
  "snapshot_cleared_seen": true,
  "board_markers_ok": true,
  "unexpected_failsafe": false,
  "runtime_error": null,
  "accepted": false,
  "accepted_reason": ""
}
