{
  "name": "round-008-right-p",
  "candidate_label": "right-p=105.468750",
  "wheel_scores": {
    "left": {
      "wheel": "left",
      "sample_count": 60,
      "mean_abs_error": 16.45,
      "p95_abs_error": 36.14999999999999,
      "overshoot_peak": 46.0,
      "settle_delay_s": 1.589,
      "pwm_settle_delay_s": 1.3220555555555555,
      "saturation_ratio": 0.13333333333333333,
      "steady_abs_error_ratio": 0.1574074074074074,
      "p95_error_ratio": 0.37601851851851836,
      "settle_time_ratio": 0.8675968109339408,
      "pwm_settle_time_ratio": 0.7284221195487633,
      "overshoot_ratio": 0.37407407407407406,
      "oscillation_ratio": 0.10945015798534186,
      "attainment_ratio": 1.0820987654320988,
      "rail_hit_ratio": 0.1,
      "pwm_chatter_ratio": 0.16049382716049385,
      "tail_mean_abs_error": 14.555555555555555,
      "tail_pwm_jump_abs": 937.5,
      "terminal_requirements_ok": false,
      "pwm_limit_reasonable": false,
      "pwm_limit_note": "terminal steady-state gate failed (tail error or PWM jump exceeded limits)",
      "weighted_score": Infinity
    },
    "right": {
      "wheel": "right",
      "sample_count": 60,
      "mean_abs_error": 14.233333333333333,
      "p95_abs_error": 35.29999999999998,
      "overshoot_peak": 46.0,
      "settle_delay_s": 1.8215,
      "pwm_settle_delay_s": 1.8208333333333333,
      "saturation_ratio": 0.06666666666666667,
      "steady_abs_error_ratio": 0.17098765432098764,
      "p95_error_ratio": 0.3339814814814814,
      "settle_time_ratio": 1.0,
      "pwm_settle_time_ratio": 1.0,
      "overshoot_ratio": 0.32407407407407407,
      "oscillation_ratio": 0.18228611456368052,
      "attainment_ratio": 1.0191358024691357,
      "rail_hit_ratio": 0.06666666666666667,
      "pwm_chatter_ratio": 0.16049382716049382,
      "tail_mean_abs_error": 16.74074074074074,
      "tail_pwm_jump_abs": 1885.611111111111,
      "terminal_requirements_ok": false,
      "pwm_limit_reasonable": false,
      "pwm_limit_note": "terminal steady-state gate failed (tail error or PWM jump exceeded limits)",
      "weighted_score": Infinity
    }
  },
  "csv_path": "/home/madejuele/projects/2K0300/new/verification/auto-wheel-pid/20260422T132845Z/round-008-right-p/attempt-01/telemetry.csv",
  "host_log_path": "/home/madejuele/projects/2K0300/new/verification/auto-wheel-pid/20260422T132845Z/round-008-right-p/attempt-01/host.log",
  "board_log_path": "/home/madejuele/projects/2K0300/new/verification/auto-wheel-pid/20260422T132845Z/round-008-right-p/attempt-01/board.log",
  "params_path": "/home/madejuele/projects/2K0300/new/verification/auto-wheel-pid/20260422T132845Z/round-008-right-p/attempt-01/params.json",
  "tuning_exit_code": 0,
  "receiver_error": null,
  "ack_complete": true,
  "snapshot_cleared_seen": true,
  "board_markers_ok": true,
  "unexpected_failsafe": false,
  "runtime_error": null,
  "accepted": true,
  "accepted_reason": "right score improved from 0.525562 to 0.380611"
}
