{
  "name": "round-001-p-screen",
  "candidate_label": "left-p=94.000000",
  "wheel_scores": {
    "left": {
      "wheel": "left",
      "sample_count": 20,
      "mean_abs_error": 17.6,
      "p95_abs_error": 31.450000000000006,
      "overshoot_peak": 3.0,
      "settle_delay_s": 1.1313333333333333,
      "pwm_settle_delay_s": 1.1501904761904762,
      "saturation_ratio": 0.0,
      "steady_abs_error_ratio": 0.1470899470899471,
      "p95_error_ratio": 0.26920634920634917,
      "settle_time_ratio": 1.0,
      "pwm_settle_time_ratio": 1.0,
      "overshoot_ratio": 0.009523809523809525,
      "oscillation_ratio": 0.04560051108432956,
      "attainment_ratio": 0.852910052910053,
      "rail_hit_ratio": 0.0,
      "pwm_chatter_ratio": 0.0,
      "tail_mean_abs_error": 14.904761904761905,
      "tail_pwm_jump_abs": 566.8571428571429,
      "terminal_requirements_ok": true,
      "pwm_limit_reasonable": true,
      "pwm_limit_note": "within current wheel-PID test envelope",
      "weighted_score": 2.125992855341237
    },
    "right": {
      "wheel": "right",
      "sample_count": 20,
      "mean_abs_error": 17.8,
      "p95_abs_error": 25.250000000000032,
      "overshoot_peak": 10.0,
      "settle_delay_s": 1.1313333333333333,
      "pwm_settle_delay_s": 0.959857142857143,
      "saturation_ratio": 0.05,
      "steady_abs_error_ratio": 0.14814814814814817,
      "p95_error_ratio": 0.3098412698412698,
      "settle_time_ratio": 1.0,
      "pwm_settle_time_ratio": 0.8419158361018827,
      "overshoot_ratio": 0.031746031746031744,
      "oscillation_ratio": 0.029808133348344,
      "attainment_ratio": 0.8518518518518517,
      "rail_hit_ratio": 0.05,
      "pwm_chatter_ratio": 0.0,
      "tail_mean_abs_error": 15.936507936507937,
      "tail_pwm_jump_abs": 382.0952380952381,
      "terminal_requirements_ok": true,
      "pwm_limit_reasonable": true,
      "pwm_limit_note": "within current wheel-PID test envelope",
      "weighted_score": 1.8427769004518517
    }
  },
  "csv_path": "/home/madejuele/projects/2K0300/new/verification/auto-wheel-pid/20260423T092728Z/round-001-p-screen/attempt-01/telemetry.csv",
  "host_log_path": "/home/madejuele/projects/2K0300/new/verification/auto-wheel-pid/20260423T092728Z/round-001-p-screen/attempt-01/host.log",
  "board_log_path": "/home/madejuele/projects/2K0300/new/verification/auto-wheel-pid/20260423T092728Z/round-001-p-screen/attempt-01/board.log",
  "params_path": "/home/madejuele/projects/2K0300/new/verification/auto-wheel-pid/20260423T092728Z/round-001-p-screen/attempt-01/params.json",
  "tuning_exit_code": 0,
  "receiver_error": null,
  "ack_complete": true,
  "snapshot_cleared_seen": true,
  "board_markers_ok": true,
  "unexpected_failsafe": false,
  "runtime_error": null,
  "accepted": false,
  "accepted_reason": "screen left score 2.125993 did not beat 1.443265 by 5%"
}
