{
  "name": "baseline",
  "candidate_label": "current-working-params",
  "wheel_scores": {
    "left": {
      "wheel": "left",
      "sample_count": 52,
      "mean_abs_error": 15.826923076923077,
      "p95_abs_error": 23.0,
      "overshoot_peak": 5.0,
      "settle_delay_s": 1.5471666666666666,
      "pwm_settle_delay_s": 1.2211904761904762,
      "saturation_ratio": 0.0,
      "steady_abs_error_ratio": 0.13544973544973543,
      "p95_error_ratio": 0.20912698412698413,
      "settle_time_ratio": 1.0,
      "pwm_settle_time_ratio": 0.7873318664235864,
      "overshoot_ratio": 0.007936507936507936,
      "oscillation_ratio": 0.047866197710603235,
      "attainment_ratio": 0.8698412698412699,
      "rail_hit_ratio": 0.0,
      "pwm_chatter_ratio": 0.0,
      "tail_mean_abs_error": 14.206349206349206,
      "tail_pwm_jump_abs": 579.1904761904761,
      "terminal_requirements_ok": true,
      "pwm_limit_reasonable": true,
      "pwm_limit_note": "within current wheel-PID test envelope",
      "weighted_score": 1.4022641806487997
    },
    "right": {
      "wheel": "right",
      "sample_count": 52,
      "mean_abs_error": 15.807692307692308,
      "p95_abs_error": 26.449999999999996,
      "overshoot_peak": 0.0,
      "settle_delay_s": 1.5471666666666666,
      "pwm_settle_delay_s": 1.4813095238095237,
      "saturation_ratio": 0.019230769230769232,
      "steady_abs_error_ratio": 0.1375661375661376,
      "p95_error_ratio": 0.23666666666666666,
      "settle_time_ratio": 1.0,
      "pwm_settle_time_ratio": 0.9581011351909184,
      "overshoot_ratio": 0.0,
      "oscillation_ratio": 0.05164183958314563,
      "attainment_ratio": 0.8624338624338624,
      "rail_hit_ratio": 0.019230769230769232,
      "pwm_chatter_ratio": 0.0,
      "tail_mean_abs_error": 14.587301587301587,
      "tail_pwm_jump_abs": 515.5952380952381,
      "terminal_requirements_ok": false,
      "pwm_limit_reasonable": false,
      "pwm_limit_note": "terminal steady-state gate failed (tail error or PWM jump exceeded limits)",
      "weighted_score": Infinity
    }
  },
  "csv_path": "/home/madejuele/projects/2K0300/new/verification/auto-wheel-pid/20260423T112930Z/baseline/attempt-01/telemetry.csv",
  "host_log_path": "/home/madejuele/projects/2K0300/new/verification/auto-wheel-pid/20260423T112930Z/baseline/attempt-01/host.log",
  "board_log_path": "/home/madejuele/projects/2K0300/new/verification/auto-wheel-pid/20260423T112930Z/baseline/attempt-01/board.log",
  "params_path": "/home/madejuele/projects/2K0300/new/verification/auto-wheel-pid/20260423T112930Z/baseline/attempt-01/params.json",
  "tuning_exit_code": 0,
  "receiver_error": null,
  "ack_complete": true,
  "snapshot_cleared_seen": true,
  "board_markers_ok": true,
  "unexpected_failsafe": false,
  "runtime_error": null,
  "accepted": true,
  "accepted_reason": "baseline"
}
