{
  "name": "round-003-i-screen",
  "candidate_label": "right-i=2.000000",
  "wheel_scores": {
    "left": {
      "wheel": "left",
      "sample_count": 19,
      "mean_abs_error": 5.473684210526316,
      "p95_abs_error": 13.499999999999947,
      "overshoot_peak": 11.0,
      "settle_delay_s": 0.207,
      "pwm_settle_delay_s": 1.1426190476190476,
      "saturation_ratio": 0.10526315789473684,
      "steady_abs_error_ratio": 0.037037037037037035,
      "p95_error_ratio": 0.14317460317460315,
      "settle_time_ratio": 0.14230716348136946,
      "pwm_settle_time_ratio": 1.0,
      "overshoot_ratio": 0.06349206349206349,
      "oscillation_ratio": 0.03429590657619589,
      "attainment_ratio": 1.0074074074074075,
      "rail_hit_ratio": 0.05263157894736842,
      "pwm_chatter_ratio": 0.0,
      "tail_mean_abs_error": 4.428571428571429,
      "tail_pwm_jump_abs": 627.5714285714286,
      "terminal_requirements_ok": false,
      "pwm_limit_reasonable": false,
      "pwm_limit_note": "terminal steady-state gate failed (tail error or PWM jump exceeded limits)",
      "weighted_score": Infinity
    },
    "right": {
      "wheel": "right",
      "sample_count": 19,
      "mean_abs_error": 8.473684210526315,
      "p95_abs_error": 16.099999999999913,
      "overshoot_peak": 53.0,
      "settle_delay_s": 0.3463333333333333,
      "pwm_settle_delay_s": 1.1426190476190476,
      "saturation_ratio": 0.0,
      "steady_abs_error_ratio": 0.06349206349206349,
      "p95_error_ratio": 0.19809523809523807,
      "settle_time_ratio": 0.23809523809523808,
      "pwm_settle_time_ratio": 1.0,
      "overshoot_ratio": 0.21587301587301588,
      "oscillation_ratio": 0.06993386312374465,
      "attainment_ratio": 0.9957671957671959,
      "rail_hit_ratio": 0.0,
      "pwm_chatter_ratio": 0.0,
      "tail_mean_abs_error": 6.761904761904762,
      "tail_pwm_jump_abs": 863.0952380952381,
      "terminal_requirements_ok": false,
      "pwm_limit_reasonable": false,
      "pwm_limit_note": "terminal steady-state gate failed (tail error or PWM jump exceeded limits)",
      "weighted_score": Infinity
    }
  },
  "csv_path": "/home/madejuele/projects/2K0300/new/verification/auto-wheel-pid/20260423T123622Z/round-003-i-screen/attempt-01/telemetry.csv",
  "host_log_path": "/home/madejuele/projects/2K0300/new/verification/auto-wheel-pid/20260423T123622Z/round-003-i-screen/attempt-01/host.log",
  "board_log_path": "/home/madejuele/projects/2K0300/new/verification/auto-wheel-pid/20260423T123622Z/round-003-i-screen/attempt-01/board.log",
  "params_path": "/home/madejuele/projects/2K0300/new/verification/auto-wheel-pid/20260423T123622Z/round-003-i-screen/attempt-01/params.json",
  "tuning_exit_code": 0,
  "receiver_error": null,
  "ack_complete": true,
  "snapshot_cleared_seen": true,
  "board_markers_ok": true,
  "unexpected_failsafe": false,
  "runtime_error": null,
  "accepted": false,
  "accepted_reason": "screen right terminal gate failed: tail PWM jump 863.095 > 800.000"
}
