{
  "name": "right-p90-repeat-02",
  "candidate_label": "left-p=139.000000; right-p=90.000000",
  "wheel_scores": {
    "left": {
      "wheel": "left",
      "sample_count": 56,
      "mean_abs_error": 10.571428571428571,
      "p95_abs_error": 21.0,
      "overshoot_peak": 58.0,
      "settle_delay_s": 1.045,
      "pwm_settle_delay_s": 1.3313095238095238,
      "saturation_ratio": 0.017857142857142856,
      "steady_abs_error_ratio": 0.09365079365079365,
      "p95_error_ratio": 0.20484126984126982,
      "settle_time_ratio": 0.6382153544426822,
      "pwm_settle_time_ratio": 0.8723041831327377,
      "overshoot_ratio": 0.12698412698412698,
      "oscillation_ratio": 0.052039563019340214,
      "attainment_ratio": 0.9232804232804233,
      "rail_hit_ratio": 0.017857142857142856,
      "pwm_chatter_ratio": 0.0,
      "tail_mean_abs_error": 10.325396825396826,
      "tail_pwm_jump_abs": 572.047619047619,
      "terminal_requirements_ok": false,
      "pwm_limit_reasonable": false,
      "pwm_limit_note": "terminal steady-state gate failed (tail error or PWM jump exceeded limits)",
      "weighted_score": Infinity
    },
    "right": {
      "wheel": "right",
      "sample_count": 56,
      "mean_abs_error": 14.928571428571429,
      "p95_abs_error": 27.75,
      "overshoot_peak": 30.0,
      "settle_delay_s": 1.4118333333333333,
      "pwm_settle_delay_s": 1.4887857142857142,
      "saturation_ratio": 0.0,
      "steady_abs_error_ratio": 0.14814814814814817,
      "p95_error_ratio": 0.23531746031746031,
      "settle_time_ratio": 0.9266424828698105,
      "pwm_settle_time_ratio": 0.9705399401139767,
      "overshoot_ratio": 0.047619047619047616,
      "oscillation_ratio": 0.04266337014916944,
      "attainment_ratio": 0.8518518518518517,
      "rail_hit_ratio": 0.0,
      "pwm_chatter_ratio": 0.0,
      "tail_mean_abs_error": 15.619047619047619,
      "tail_pwm_jump_abs": 733.5,
      "terminal_requirements_ok": false,
      "pwm_limit_reasonable": false,
      "pwm_limit_note": "terminal steady-state gate failed (tail error or PWM jump exceeded limits)",
      "weighted_score": Infinity
    }
  },
  "csv_path": "/home/madejuele/projects/2K0300/new/verification/manual-probes/20260423T041054Z-right-p-repeat-verify-battery-retest/right-p90/repeat-02/attempt-01/telemetry.csv",
  "host_log_path": "/home/madejuele/projects/2K0300/new/verification/manual-probes/20260423T041054Z-right-p-repeat-verify-battery-retest/right-p90/repeat-02/attempt-01/host.log",
  "board_log_path": "/home/madejuele/projects/2K0300/new/verification/manual-probes/20260423T041054Z-right-p-repeat-verify-battery-retest/right-p90/repeat-02/attempt-01/board.log",
  "params_path": "/home/madejuele/projects/2K0300/new/verification/manual-probes/20260423T041054Z-right-p-repeat-verify-battery-retest/right-p90/repeat-02/attempt-01/params.json",
  "tuning_exit_code": 0,
  "receiver_error": null,
  "ack_complete": true,
  "snapshot_cleared_seen": true,
  "board_markers_ok": true,
  "unexpected_failsafe": false,
  "runtime_error": null,
  "accepted": false,
  "accepted_reason": ""
}
