{
  "name": "round-001-i-screen",
  "candidate_label": "left-i=0.500000; right-i=0.500000",
  "wheel_scores": {
    "left": {
      "wheel": "left",
      "sample_count": 29,
      "mean_abs_error": 15.068965517241379,
      "p95_abs_error": 27.199999999999996,
      "overshoot_peak": 28.0,
      "settle_delay_s": 1.3673333333333333,
      "pwm_settle_delay_s": 1.1343333333333334,
      "saturation_ratio": 0.20689655172413793,
      "steady_abs_error_ratio": 0.09523809523809523,
      "p95_error_ratio": 0.2692063492063491,
      "settle_time_ratio": 0.8089348813730438,
      "pwm_settle_time_ratio": 0.712771327612317,
      "overshoot_ratio": 0.21587301587301588,
      "oscillation_ratio": 0.07964992513642741,
      "attainment_ratio": 1.0084656084656085,
      "rail_hit_ratio": 0.20689655172413793,
      "pwm_chatter_ratio": 0.16335978835978834,
      "tail_mean_abs_error": 10.380952380952381,
      "tail_pwm_jump_abs": 1423.095238095238,
      "terminal_requirements_ok": false,
      "pwm_limit_reasonable": false,
      "pwm_limit_note": "terminal steady-state gate failed (tail error or PWM jump exceeded limits)",
      "weighted_score": Infinity
    },
    "right": {
      "wheel": "right",
      "sample_count": 29,
      "mean_abs_error": 6.137931034482759,
      "p95_abs_error": 15.199999999999996,
      "overshoot_peak": 12.0,
      "settle_delay_s": 0.497,
      "pwm_settle_delay_s": 1.4903809523809524,
      "saturation_ratio": 0.0,
      "steady_abs_error_ratio": 0.024338624338624337,
      "p95_error_ratio": 0.13777777777777775,
      "settle_time_ratio": 0.2437290905924614,
      "pwm_settle_time_ratio": 0.9115143369175627,
      "overshoot_ratio": 0.08253968253968254,
      "oscillation_ratio": 0.01849536772693517,
      "attainment_ratio": 0.9798941798941799,
      "rail_hit_ratio": 0.0,
      "pwm_chatter_ratio": 0.0,
      "tail_mean_abs_error": 2.4603174603174605,
      "tail_pwm_jump_abs": 287.23809523809524,
      "terminal_requirements_ok": true,
      "pwm_limit_reasonable": true,
      "pwm_limit_note": "PWM limit is not a visible constraint in this round",
      "weighted_score": 1.2341207347610443
    }
  },
  "csv_path": "/home/madejuele/projects/2K0300/new/verification/auto-wheel-pid/20260423T021240Z/round-001-i-screen/attempt-01/telemetry.csv",
  "host_log_path": "/home/madejuele/projects/2K0300/new/verification/auto-wheel-pid/20260423T021240Z/round-001-i-screen/attempt-01/host.log",
  "board_log_path": "/home/madejuele/projects/2K0300/new/verification/auto-wheel-pid/20260423T021240Z/round-001-i-screen/attempt-01/board.log",
  "params_path": "/home/madejuele/projects/2K0300/new/verification/auto-wheel-pid/20260423T021240Z/round-001-i-screen/attempt-01/params.json",
  "tuning_exit_code": 0,
  "receiver_error": null,
  "ack_complete": true,
  "snapshot_cleared_seen": true,
  "board_markers_ok": true,
  "unexpected_failsafe": false,
  "runtime_error": null,
  "accepted": false,
  "accepted_reason": "screen left terminal gate failed: tail PWM jump 1423.095 > 800.000; screen right score improved from inf to 1.234121; pending confirmation"
}
