{
  "name": "baseline",
  "candidate_label": "current-working-params",
  "wheel_scores": {
    "left": {
      "wheel": "left",
      "sample_count": 53,
      "mean_abs_error": 13.320754716981131,
      "p95_abs_error": 19.0,
      "overshoot_peak": 6.0,
      "settle_delay_s": 1.0916666666666668,
      "pwm_settle_delay_s": 1.181047619047619,
      "saturation_ratio": 0.0,
      "steady_abs_error_ratio": 0.13862433862433862,
      "p95_error_ratio": 0.17277777777777778,
      "settle_time_ratio": 0.6400195892028923,
      "pwm_settle_time_ratio": 0.7396434930219752,
      "overshoot_ratio": 0.009523809523809525,
      "oscillation_ratio": 0.02673351423171873,
      "attainment_ratio": 0.8613756613756614,
      "rail_hit_ratio": 0.0,
      "pwm_chatter_ratio": 0.0,
      "tail_mean_abs_error": 14.841269841269842,
      "tail_pwm_jump_abs": 276.4047619047619,
      "terminal_requirements_ok": true,
      "pwm_limit_reasonable": true,
      "pwm_limit_note": "within current wheel-PID test envelope",
      "weighted_score": 1.129753685896642
    },
    "right": {
      "wheel": "right",
      "sample_count": 53,
      "mean_abs_error": 22.69811320754717,
      "p95_abs_error": 32.4,
      "overshoot_peak": 0.0,
      "settle_delay_s": 1.5938333333333334,
      "pwm_settle_delay_s": 1.2873095238095238,
      "saturation_ratio": 0.018867924528301886,
      "steady_abs_error_ratio": 0.21058201058201056,
      "p95_error_ratio": 0.2907142857142857,
      "settle_time_ratio": 1.0,
      "pwm_settle_time_ratio": 0.8191180398686763,
      "overshoot_ratio": 0.0,
      "oscillation_ratio": 0.03505622391771027,
      "attainment_ratio": 0.7894179894179895,
      "rail_hit_ratio": 0.018867924528301886,
      "pwm_chatter_ratio": 0.0,
      "tail_mean_abs_error": 22.285714285714285,
      "tail_pwm_jump_abs": 325.42857142857144,
      "terminal_requirements_ok": false,
      "pwm_limit_reasonable": false,
      "pwm_limit_note": "terminal steady-state gate failed (tail error or PWM jump exceeded limits)",
      "weighted_score": Infinity
    }
  },
  "csv_path": "/home/madejuele/projects/2K0300/new/verification/auto-wheel-pid/20260423T062031Z/baseline/attempt-01/telemetry.csv",
  "host_log_path": "/home/madejuele/projects/2K0300/new/verification/auto-wheel-pid/20260423T062031Z/baseline/attempt-01/host.log",
  "board_log_path": "/home/madejuele/projects/2K0300/new/verification/auto-wheel-pid/20260423T062031Z/baseline/attempt-01/board.log",
  "params_path": "/home/madejuele/projects/2K0300/new/verification/auto-wheel-pid/20260423T062031Z/baseline/attempt-01/params.json",
  "tuning_exit_code": 0,
  "receiver_error": null,
  "ack_complete": true,
  "snapshot_cleared_seen": true,
  "board_markers_ok": true,
  "unexpected_failsafe": false,
  "runtime_error": null,
  "accepted": true,
  "accepted_reason": "baseline"
}
