{
  "name": "round-015-right-i",
  "candidate_label": "right-i=0.125000",
  "wheel_scores": {
    "left": {
      "wheel": "left",
      "sample_count": 52,
      "mean_abs_error": 15.538461538461538,
      "p95_abs_error": 31.0,
      "overshoot_peak": 23.0,
      "settle_delay_s": 1.5376666666666667,
      "pwm_settle_delay_s": 1.561888888888889,
      "saturation_ratio": 0.07692307692307693,
      "steady_abs_error_ratio": 0.1845679012345679,
      "p95_error_ratio": 0.30157407407407405,
      "settle_time_ratio": 1.0,
      "pwm_settle_time_ratio": 1.0,
      "overshoot_ratio": 0.17777777777777778,
      "oscillation_ratio": 0.14481884135806145,
      "attainment_ratio": 0.9080246913580247,
      "rail_hit_ratio": 0.038461538461538464,
      "pwm_chatter_ratio": 0.0,
      "tail_mean_abs_error": 16.90740740740741,
      "tail_pwm_jump_abs": 1440.8333333333333,
      "terminal_requirements_ok": false,
      "pwm_limit_reasonable": false,
      "pwm_limit_note": "terminal steady-state gate failed (tail error or PWM jump exceeded limits)",
      "weighted_score": Infinity
    },
    "right": {
      "wheel": "right",
      "sample_count": 52,
      "mean_abs_error": 18.865384615384617,
      "p95_abs_error": 27.349999999999987,
      "overshoot_peak": 6.0,
      "settle_delay_s": 1.5376666666666667,
      "pwm_settle_delay_s": 1.1721666666666668,
      "saturation_ratio": 0.0,
      "steady_abs_error_ratio": 0.2234567901234568,
      "p95_error_ratio": 0.2857407407407407,
      "settle_time_ratio": 1.0,
      "pwm_settle_time_ratio": 0.7578821023752796,
      "overshoot_ratio": 0.011111111111111112,
      "oscillation_ratio": 0.05181201588784648,
      "attainment_ratio": 0.7765432098765431,
      "rail_hit_ratio": 0.0,
      "pwm_chatter_ratio": 0.0,
      "tail_mean_abs_error": 20.055555555555557,
      "tail_pwm_jump_abs": 666.0,
      "terminal_requirements_ok": false,
      "pwm_limit_reasonable": false,
      "pwm_limit_note": "terminal steady-state gate failed (tail error or PWM jump exceeded limits)",
      "weighted_score": Infinity
    }
  },
  "csv_path": "/home/madejuele/projects/2K0300/new/verification/auto-wheel-pid/20260422T135601Z/round-015-right-i/attempt-01/telemetry.csv",
  "host_log_path": "/home/madejuele/projects/2K0300/new/verification/auto-wheel-pid/20260422T135601Z/round-015-right-i/attempt-01/host.log",
  "board_log_path": "/home/madejuele/projects/2K0300/new/verification/auto-wheel-pid/20260422T135601Z/round-015-right-i/attempt-01/board.log",
  "params_path": "/home/madejuele/projects/2K0300/new/verification/auto-wheel-pid/20260422T135601Z/round-015-right-i/attempt-01/params.json",
  "tuning_exit_code": 0,
  "receiver_error": null,
  "ack_complete": true,
  "snapshot_cleared_seen": true,
  "board_markers_ok": true,
  "unexpected_failsafe": false,
  "runtime_error": null,
  "accepted": false,
  "accepted_reason": "right score 73.038979 did not beat 61.108075 by 5%"
}
