{
  "name": "right-p89-repeat-02",
  "candidate_label": "left-p=139.000000; right-p=89.000000",
  "wheel_scores": {
    "left": {
      "wheel": "left",
      "sample_count": 57,
      "mean_abs_error": 12.701754385964913,
      "p95_abs_error": 26.599999999999966,
      "overshoot_peak": 0.0,
      "settle_delay_s": 0.9471666666666667,
      "pwm_settle_delay_s": 1.4928333333333335,
      "saturation_ratio": 0.05263157894736842,
      "steady_abs_error_ratio": 0.12275132275132275,
      "p95_error_ratio": 0.25984126984126976,
      "settle_time_ratio": 0.5457786215261299,
      "pwm_settle_time_ratio": 0.9440492560405037,
      "overshoot_ratio": 0.0,
      "oscillation_ratio": 0.043095138479038876,
      "attainment_ratio": 0.8772486772486772,
      "rail_hit_ratio": 0.03508771929824561,
      "pwm_chatter_ratio": 0.0,
      "tail_mean_abs_error": 13.253968253968255,
      "tail_pwm_jump_abs": 669.8333333333334,
      "terminal_requirements_ok": false,
      "pwm_limit_reasonable": false,
      "pwm_limit_note": "terminal steady-state gate failed (tail error or PWM jump exceeded limits)",
      "weighted_score": Infinity
    },
    "right": {
      "wheel": "right",
      "sample_count": 57,
      "mean_abs_error": 18.228070175438596,
      "p95_abs_error": 29.0,
      "overshoot_peak": 15.0,
      "settle_delay_s": 1.5701666666666667,
      "pwm_settle_delay_s": 1.1161666666666665,
      "saturation_ratio": 0.017543859649122806,
      "steady_abs_error_ratio": 0.18095238095238095,
      "p95_error_ratio": 0.24365079365079365,
      "settle_time_ratio": 1.0,
      "pwm_settle_time_ratio": 0.7110668995859213,
      "overshoot_ratio": 0.023809523809523808,
      "oscillation_ratio": 0.03533337353085043,
      "attainment_ratio": 0.819047619047619,
      "rail_hit_ratio": 0.017543859649122806,
      "pwm_chatter_ratio": 0.0,
      "tail_mean_abs_error": 19.0,
      "tail_pwm_jump_abs": 587.0952380952381,
      "terminal_requirements_ok": false,
      "pwm_limit_reasonable": false,
      "pwm_limit_note": "terminal steady-state gate failed (tail error or PWM jump exceeded limits)",
      "weighted_score": Infinity
    }
  },
  "csv_path": "/home/madejuele/projects/2K0300/new/verification/manual-probes/20260423T040142Z-right-p-repeat-verify/right-p89/repeat-02/attempt-01/telemetry.csv",
  "host_log_path": "/home/madejuele/projects/2K0300/new/verification/manual-probes/20260423T040142Z-right-p-repeat-verify/right-p89/repeat-02/attempt-01/host.log",
  "board_log_path": "/home/madejuele/projects/2K0300/new/verification/manual-probes/20260423T040142Z-right-p-repeat-verify/right-p89/repeat-02/attempt-01/board.log",
  "params_path": "/home/madejuele/projects/2K0300/new/verification/manual-probes/20260423T040142Z-right-p-repeat-verify/right-p89/repeat-02/attempt-01/params.json",
  "tuning_exit_code": 0,
  "receiver_error": null,
  "ack_complete": true,
  "snapshot_cleared_seen": true,
  "board_markers_ok": true,
  "unexpected_failsafe": false,
  "runtime_error": null,
  "accepted": false,
  "accepted_reason": ""
}
