{
  "name": "round-005-i-screen",
  "candidate_label": "right-i=2.300000",
  "wheel_scores": {
    "left": {
      "wheel": "left",
      "sample_count": 19,
      "mean_abs_error": 4.315789473684211,
      "p95_abs_error": 11.199999999999996,
      "overshoot_peak": 10.0,
      "settle_delay_s": 0.27466666666666667,
      "pwm_settle_delay_s": 0.6486666666666667,
      "saturation_ratio": 0.0,
      "steady_abs_error_ratio": 0.039153439153439155,
      "p95_error_ratio": 0.0949206349206349,
      "settle_time_ratio": 0.21465821221918782,
      "pwm_settle_time_ratio": 0.5949670925280681,
      "overshoot_ratio": 0.05714285714285714,
      "oscillation_ratio": 0.0428653538808242,
      "attainment_ratio": 1.0031746031746032,
      "rail_hit_ratio": 0.0,
      "pwm_chatter_ratio": 0.0,
      "tail_mean_abs_error": 4.555555555555555,
      "tail_pwm_jump_abs": 677.047619047619,
      "terminal_requirements_ok": false,
      "pwm_limit_reasonable": false,
      "pwm_limit_note": "terminal steady-state gate failed (tail error or PWM jump exceeded limits)",
      "weighted_score": Infinity
    },
    "right": {
      "wheel": "right",
      "sample_count": 19,
      "mean_abs_error": 7.526315789473684,
      "p95_abs_error": 15.099999999999934,
      "overshoot_peak": 10.0,
      "settle_delay_s": 0.06999999999999999,
      "pwm_settle_delay_s": 1.1006666666666667,
      "saturation_ratio": 0.0,
      "steady_abs_error_ratio": 0.06349206349206349,
      "p95_error_ratio": 0.17825396825396825,
      "settle_time_ratio": 0.048262548262548256,
      "pwm_settle_time_ratio": 1.0,
      "overshoot_ratio": 0.06666666666666667,
      "oscillation_ratio": 0.032600825189204714,
      "attainment_ratio": 0.9386243386243385,
      "rail_hit_ratio": 0.0,
      "pwm_chatter_ratio": 0.0,
      "tail_mean_abs_error": 6.571428571428571,
      "tail_pwm_jump_abs": 870.5714285714286,
      "terminal_requirements_ok": false,
      "pwm_limit_reasonable": false,
      "pwm_limit_note": "terminal steady-state gate failed (tail error or PWM jump exceeded limits)",
      "weighted_score": Infinity
    }
  },
  "csv_path": "/home/madejuele/projects/2K0300/new/verification/auto-wheel-pid/20260423T124335Z/round-005-i-screen/attempt-01/telemetry.csv",
  "host_log_path": "/home/madejuele/projects/2K0300/new/verification/auto-wheel-pid/20260423T124335Z/round-005-i-screen/attempt-01/host.log",
  "board_log_path": "/home/madejuele/projects/2K0300/new/verification/auto-wheel-pid/20260423T124335Z/round-005-i-screen/attempt-01/board.log",
  "params_path": "/home/madejuele/projects/2K0300/new/verification/auto-wheel-pid/20260423T124335Z/round-005-i-screen/attempt-01/params.json",
  "tuning_exit_code": 0,
  "receiver_error": null,
  "ack_complete": true,
  "snapshot_cleared_seen": true,
  "board_markers_ok": true,
  "unexpected_failsafe": false,
  "runtime_error": null,
  "accepted": false,
  "accepted_reason": "screen right terminal gate failed: tail PWM jump 870.571 > 800.000"
}
