{
  "name": "baseline",
  "candidate_label": "current-working-params",
  "wheel_scores": {
    "left": {
      "wheel": "left",
      "sample_count": 52,
      "mean_abs_error": 16.73076923076923,
      "p95_abs_error": 24.449999999999996,
      "overshoot_peak": 4.0,
      "settle_delay_s": 1.5433333333333334,
      "pwm_settle_delay_s": 1.0288333333333333,
      "saturation_ratio": 0.038461538461538464,
      "steady_abs_error_ratio": 0.15767195767195766,
      "p95_error_ratio": 0.22436507936507935,
      "settle_time_ratio": 1.0,
      "pwm_settle_time_ratio": 0.6546821119142214,
      "overshoot_ratio": 0.006349206349206349,
      "oscillation_ratio": 0.031705463201114566,
      "attainment_ratio": 0.8423280423280423,
      "rail_hit_ratio": 0.019230769230769232,
      "pwm_chatter_ratio": 0.0,
      "tail_mean_abs_error": 16.58730158730159,
      "tail_pwm_jump_abs": 607.4761904761905,
      "terminal_requirements_ok": false,
      "pwm_limit_reasonable": false,
      "pwm_limit_note": "terminal steady-state gate failed (tail error or PWM jump exceeded limits)",
      "weighted_score": Infinity
    },
    "right": {
      "wheel": "right",
      "sample_count": 52,
      "mean_abs_error": 17.442307692307693,
      "p95_abs_error": 26.449999999999996,
      "overshoot_peak": 5.0,
      "settle_delay_s": 1.5433333333333334,
      "pwm_settle_delay_s": 1.4416190476190476,
      "saturation_ratio": 0.0,
      "steady_abs_error_ratio": 0.1656084656084656,
      "p95_error_ratio": 0.23706349206349206,
      "settle_time_ratio": 1.0,
      "pwm_settle_time_ratio": 0.9147373032723352,
      "overshoot_ratio": 0.007936507936507936,
      "oscillation_ratio": 0.03139167823147745,
      "attainment_ratio": 0.8343915343915344,
      "rail_hit_ratio": 0.0,
      "pwm_chatter_ratio": 0.0,
      "tail_mean_abs_error": 17.72222222222222,
      "tail_pwm_jump_abs": 428.42857142857144,
      "terminal_requirements_ok": true,
      "pwm_limit_reasonable": true,
      "pwm_limit_note": "within current wheel-PID test envelope",
      "weighted_score": 2.0655972475589346
    }
  },
  "csv_path": "/home/madejuele/projects/2K0300/new/verification/auto-wheel-pid/20260423T112834Z/baseline/attempt-01/telemetry.csv",
  "host_log_path": "/home/madejuele/projects/2K0300/new/verification/auto-wheel-pid/20260423T112834Z/baseline/attempt-01/host.log",
  "board_log_path": "/home/madejuele/projects/2K0300/new/verification/auto-wheel-pid/20260423T112834Z/baseline/attempt-01/board.log",
  "params_path": "/home/madejuele/projects/2K0300/new/verification/auto-wheel-pid/20260423T112834Z/baseline/attempt-01/params.json",
  "tuning_exit_code": 0,
  "receiver_error": null,
  "ack_complete": true,
  "snapshot_cleared_seen": true,
  "board_markers_ok": true,
  "unexpected_failsafe": false,
  "runtime_error": null,
  "accepted": true,
  "accepted_reason": "baseline"
}
