{
  "name": "round-009-i-screen",
  "candidate_label": "left-i=4.500000; right-i=4.500000",
  "wheel_scores": {
    "left": {
      "wheel": "left",
      "sample_count": 28,
      "mean_abs_error": 9.678571428571429,
      "p95_abs_error": 26.299999999999997,
      "overshoot_peak": 35.0,
      "settle_delay_s": 1.0596666666666668,
      "pwm_settle_delay_s": 1.2081428571428572,
      "saturation_ratio": 0.07142857142857142,
      "steady_abs_error_ratio": 0.0783068783068783,
      "p95_error_ratio": 0.23412698412698404,
      "settle_time_ratio": 0.6886429762939307,
      "pwm_settle_time_ratio": 0.7817602548785345,
      "overshoot_ratio": 0.23174603174603176,
      "oscillation_ratio": 0.052490329673558996,
      "attainment_ratio": 0.9301587301587302,
      "rail_hit_ratio": 0.07142857142857142,
      "pwm_chatter_ratio": 0.0,
      "tail_mean_abs_error": 8.34920634920635,
      "tail_pwm_jump_abs": 1418.4285714285713,
      "terminal_requirements_ok": false,
      "pwm_limit_reasonable": false,
      "pwm_limit_note": "terminal steady-state gate failed (tail error or PWM jump exceeded limits)",
      "weighted_score": Infinity
    },
    "right": {
      "wheel": "right",
      "sample_count": 28,
      "mean_abs_error": 7.285714285714286,
      "p95_abs_error": 18.299999999999997,
      "overshoot_peak": 16.0,
      "settle_delay_s": 0.5156666666666666,
      "pwm_settle_delay_s": 1.4508095238095238,
      "saturation_ratio": 0.03571428571428571,
      "steady_abs_error_ratio": 0.05502645502645502,
      "p95_error_ratio": 0.17888888888888882,
      "settle_time_ratio": 0.23809523809523808,
      "pwm_settle_time_ratio": 0.9267224213460774,
      "overshoot_ratio": 0.10158730158730159,
      "oscillation_ratio": 0.03824299497425821,
      "attainment_ratio": 0.944973544973545,
      "rail_hit_ratio": 0.047619047619047616,
      "pwm_chatter_ratio": 0.0,
      "tail_mean_abs_error": 4.920634920634921,
      "tail_pwm_jump_abs": 459.8095238095238,
      "terminal_requirements_ok": false,
      "pwm_limit_reasonable": false,
      "pwm_limit_note": "terminal steady-state gate failed (tail error or PWM jump exceeded limits)",
      "weighted_score": Infinity
    }
  },
  "csv_path": "/home/madejuele/projects/2K0300/new/verification/auto-wheel-pid/20260423T021240Z/round-009-i-screen/attempt-01/telemetry.csv",
  "host_log_path": "/home/madejuele/projects/2K0300/new/verification/auto-wheel-pid/20260423T021240Z/round-009-i-screen/attempt-01/host.log",
  "board_log_path": "/home/madejuele/projects/2K0300/new/verification/auto-wheel-pid/20260423T021240Z/round-009-i-screen/attempt-01/board.log",
  "params_path": "/home/madejuele/projects/2K0300/new/verification/auto-wheel-pid/20260423T021240Z/round-009-i-screen/attempt-01/params.json",
  "tuning_exit_code": 0,
  "receiver_error": null,
  "ack_complete": true,
  "snapshot_cleared_seen": true,
  "board_markers_ok": true,
  "unexpected_failsafe": false,
  "runtime_error": null,
  "accepted": false,
  "accepted_reason": "screen left terminal gate failed: tail PWM jump 1418.429 > 800.000; screen right terminal gate failed: terminal gate failed"
}
