{
  "name": "round-003-left-p-screen",
  "candidate_label": "left-p=106.862741",
  "wheel_scores": {
    "left": {
      "wheel": "left",
      "sample_count": 15,
      "mean_abs_error": 14.733333333333333,
      "p95_abs_error": 30.899999999999984,
      "overshoot_peak": 15.0,
      "settle_delay_s": 0.8330000000000001,
      "pwm_settle_delay_s": 1.2161666666666668,
      "saturation_ratio": 0.13333333333333333,
      "steady_abs_error_ratio": 0.1685185185185185,
      "p95_error_ratio": 0.32222222222222213,
      "settle_time_ratio": 0.6676986584107327,
      "pwm_settle_time_ratio": 1.0,
      "overshoot_ratio": 0.08333333333333333,
      "oscillation_ratio": 0.07766595825081705,
      "attainment_ratio": 0.8462962962962963,
      "rail_hit_ratio": 0.06666666666666667,
      "pwm_chatter_ratio": 0.16666666666666666,
      "tail_mean_abs_error": 14.472222222222221,
      "tail_pwm_jump_abs": 1462.25,
      "terminal_requirements_ok": false,
      "pwm_limit_reasonable": false,
      "pwm_limit_note": "terminal steady-state gate failed (tail error or PWM jump exceeded limits)",
      "weighted_score": Infinity
    },
    "right": {
      "wheel": "right",
      "sample_count": 15,
      "mean_abs_error": 17.266666666666666,
      "p95_abs_error": 23.899999999999995,
      "overshoot_peak": 0.0,
      "settle_delay_s": 1.201,
      "pwm_settle_delay_s": 1.2161666666666668,
      "saturation_ratio": 0.0,
      "steady_abs_error_ratio": 0.19444444444444445,
      "p95_error_ratio": 0.25416666666666665,
      "settle_time_ratio": 1.0,
      "pwm_settle_time_ratio": 1.0,
      "overshoot_ratio": 0.0,
      "oscillation_ratio": 0.0481002533200179,
      "attainment_ratio": 0.8055555555555556,
      "rail_hit_ratio": 0.0,
      "pwm_chatter_ratio": 0.0,
      "tail_mean_abs_error": 16.916666666666668,
      "tail_pwm_jump_abs": 686.1666666666666,
      "terminal_requirements_ok": false,
      "pwm_limit_reasonable": false,
      "pwm_limit_note": "terminal steady-state gate failed (tail error or PWM jump exceeded limits)",
      "weighted_score": Infinity
    }
  },
  "csv_path": "/home/madejuele/projects/2K0300/new/verification/auto-wheel-pid/20260422T153830Z/round-003-left-p-screen/attempt-01/telemetry.csv",
  "host_log_path": "/home/madejuele/projects/2K0300/new/verification/auto-wheel-pid/20260422T153830Z/round-003-left-p-screen/attempt-01/host.log",
  "board_log_path": "/home/madejuele/projects/2K0300/new/verification/auto-wheel-pid/20260422T153830Z/round-003-left-p-screen/attempt-01/board.log",
  "params_path": "/home/madejuele/projects/2K0300/new/verification/auto-wheel-pid/20260422T153830Z/round-003-left-p-screen/attempt-01/params.json",
  "tuning_exit_code": 0,
  "receiver_error": null,
  "ack_complete": true,
  "snapshot_cleared_seen": true,
  "board_markers_ok": true,
  "unexpected_failsafe": false,
  "runtime_error": null,
  "accepted": false,
  "accepted_reason": "screen left score improved from 158.610249 to 141.314542; pending confirmation"
}
