{
  "name": "round-007-p-screen",
  "candidate_label": "right-p=100.000000",
  "wheel_scores": {
    "left": {
      "wheel": "left",
      "sample_count": 22,
      "mean_abs_error": 10.5,
      "p95_abs_error": 16.95,
      "overshoot_peak": 7.0,
      "settle_delay_s": 1.1603333333333334,
      "pwm_settle_delay_s": 1.0913809523809526,
      "saturation_ratio": 0.045454545454545456,
      "steady_abs_error_ratio": 0.09206349206349207,
      "p95_error_ratio": 0.14492063492063492,
      "settle_time_ratio": 1.0,
      "pwm_settle_time_ratio": 0.9215022985514789,
      "overshoot_ratio": 0.02857142857142857,
      "oscillation_ratio": 0.021075168006378188,
      "attainment_ratio": 0.9079365079365079,
      "rail_hit_ratio": 0.045454545454545456,
      "pwm_chatter_ratio": 0.0,
      "tail_mean_abs_error": 10.015873015873016,
      "tail_pwm_jump_abs": 346.3809523809524,
      "terminal_requirements_ok": true,
      "pwm_limit_reasonable": true,
      "pwm_limit_note": "within current wheel-PID test envelope",
      "weighted_score": 1.476809384141381
    },
    "right": {
      "wheel": "right",
      "sample_count": 22,
      "mean_abs_error": 15.863636363636363,
      "p95_abs_error": 25.95,
      "overshoot_peak": 0.0,
      "settle_delay_s": 0.8480000000000001,
      "pwm_settle_delay_s": 1.1775714285714285,
      "saturation_ratio": 0.045454545454545456,
      "steady_abs_error_ratio": 0.14497354497354498,
      "p95_error_ratio": 0.2663492063492063,
      "settle_time_ratio": 0.6860270300457947,
      "pwm_settle_time_ratio": 1.0,
      "overshoot_ratio": 0.0,
      "oscillation_ratio": 0.03684486248108653,
      "attainment_ratio": 0.8550264550264549,
      "rail_hit_ratio": 0.045454545454545456,
      "pwm_chatter_ratio": 0.0,
      "tail_mean_abs_error": 15.571428571428571,
      "tail_pwm_jump_abs": 577.6666666666666,
      "terminal_requirements_ok": false,
      "pwm_limit_reasonable": false,
      "pwm_limit_note": "terminal steady-state gate failed (tail error or PWM jump exceeded limits)",
      "weighted_score": Infinity
    }
  },
  "csv_path": "/home/madejuele/projects/2K0300/new/verification/auto-wheel-pid/20260423T033735Z/round-007-p-screen/attempt-01/telemetry.csv",
  "host_log_path": "/home/madejuele/projects/2K0300/new/verification/auto-wheel-pid/20260423T033735Z/round-007-p-screen/attempt-01/host.log",
  "board_log_path": "/home/madejuele/projects/2K0300/new/verification/auto-wheel-pid/20260423T033735Z/round-007-p-screen/attempt-01/board.log",
  "params_path": "/home/madejuele/projects/2K0300/new/verification/auto-wheel-pid/20260423T033735Z/round-007-p-screen/attempt-01/params.json",
  "tuning_exit_code": 0,
  "receiver_error": null,
  "ack_complete": true,
  "snapshot_cleared_seen": true,
  "board_markers_ok": true,
  "unexpected_failsafe": false,
  "runtime_error": null,
  "accepted": false,
  "accepted_reason": "screen right terminal gate failed: terminal gate failed"
}
