{
  "name": "round-018-right-i",
  "candidate_label": "right-i=2.000000",
  "wheel_scores": {
    "left": {
      "wheel": "left",
      "sample_count": 52,
      "mean_abs_error": 13.788461538461538,
      "p95_abs_error": 27.449999999999996,
      "overshoot_peak": 15.0,
      "settle_delay_s": 0.9788333333333333,
      "pwm_settle_delay_s": 1.437,
      "saturation_ratio": 0.019230769230769232,
      "steady_abs_error_ratio": 0.15617283950617283,
      "p95_error_ratio": 0.2726851851851852,
      "settle_time_ratio": 0.5625622106358221,
      "pwm_settle_time_ratio": 0.9154813440527726,
      "overshoot_ratio": 0.08888888888888889,
      "oscillation_ratio": 0.07832384522207388,
      "attainment_ratio": 0.8611111111111112,
      "rail_hit_ratio": 0.024691358024691357,
      "pwm_chatter_ratio": 0.020833333333333332,
      "tail_mean_abs_error": 14.61111111111111,
      "tail_pwm_jump_abs": 1275.2222222222222,
      "terminal_requirements_ok": false,
      "pwm_limit_reasonable": false,
      "pwm_limit_note": "terminal steady-state gate failed (tail error or PWM jump exceeded limits)",
      "weighted_score": Infinity
    },
    "right": {
      "wheel": "right",
      "sample_count": 52,
      "mean_abs_error": 17.865384615384617,
      "p95_abs_error": 29.349999999999987,
      "overshoot_peak": 0.0,
      "settle_delay_s": 1.5523333333333333,
      "pwm_settle_delay_s": 1.215,
      "saturation_ratio": 0.0,
      "steady_abs_error_ratio": 0.18395061728395062,
      "p95_error_ratio": 0.2957407407407407,
      "settle_time_ratio": 1.0,
      "pwm_settle_time_ratio": 0.7777777777777778,
      "overshoot_ratio": 0.0,
      "oscillation_ratio": 0.06754997270710117,
      "attainment_ratio": 0.8160493827160493,
      "rail_hit_ratio": 0.0,
      "pwm_chatter_ratio": 0.0,
      "tail_mean_abs_error": 16.74074074074074,
      "tail_pwm_jump_abs": 939.2222222222222,
      "terminal_requirements_ok": false,
      "pwm_limit_reasonable": false,
      "pwm_limit_note": "terminal steady-state gate failed (tail error or PWM jump exceeded limits)",
      "weighted_score": Infinity
    }
  },
  "csv_path": "/home/madejuele/projects/2K0300/new/verification/auto-wheel-pid/20260422T135601Z/round-018-right-i/attempt-01/telemetry.csv",
  "host_log_path": "/home/madejuele/projects/2K0300/new/verification/auto-wheel-pid/20260422T135601Z/round-018-right-i/attempt-01/host.log",
  "board_log_path": "/home/madejuele/projects/2K0300/new/verification/auto-wheel-pid/20260422T135601Z/round-018-right-i/attempt-01/board.log",
  "params_path": "/home/madejuele/projects/2K0300/new/verification/auto-wheel-pid/20260422T135601Z/round-018-right-i/attempt-01/params.json",
  "tuning_exit_code": 0,
  "receiver_error": null,
  "ack_complete": true,
  "snapshot_cleared_seen": true,
  "board_markers_ok": true,
  "unexpected_failsafe": false,
  "runtime_error": null,
  "accepted": false,
  "accepted_reason": "right score 90.218308 did not beat 61.108075 by 5%"
}
