{
  "name": "baseline",
  "candidate_label": "current-working-params",
  "wheel_scores": {
    "left": {
      "wheel": "left",
      "sample_count": 52,
      "mean_abs_error": 14.25,
      "p95_abs_error": 22.449999999999996,
      "overshoot_peak": 11.0,
      "settle_delay_s": 1.3238333333333334,
      "pwm_settle_delay_s": 1.2807619047619048,
      "saturation_ratio": 0.019230769230769232,
      "steady_abs_error_ratio": 0.1275132275132275,
      "p95_error_ratio": 0.22539682539682535,
      "settle_time_ratio": 0.7857142857142857,
      "pwm_settle_time_ratio": 0.827581323293082,
      "overshoot_ratio": 0.01904761904761905,
      "oscillation_ratio": 0.03172532175151942,
      "attainment_ratio": 0.8735449735449736,
      "rail_hit_ratio": 0.019230769230769232,
      "pwm_chatter_ratio": 0.0,
      "tail_mean_abs_error": 13.912698412698413,
      "tail_pwm_jump_abs": 331.1190476190476,
      "terminal_requirements_ok": true,
      "pwm_limit_reasonable": true,
      "pwm_limit_note": "within current wheel-PID test envelope",
      "weighted_score": 1.305618140023951
    },
    "right": {
      "wheel": "right",
      "sample_count": 52,
      "mean_abs_error": 15.5,
      "p95_abs_error": 24.0,
      "overshoot_peak": 15.0,
      "settle_delay_s": 1.5596666666666668,
      "pwm_settle_delay_s": 1.250095238095238,
      "saturation_ratio": 0.019230769230769232,
      "steady_abs_error_ratio": 0.1380952380952381,
      "p95_error_ratio": 0.255079365079365,
      "settle_time_ratio": 1.0,
      "pwm_settle_time_ratio": 0.8077393864988425,
      "overshoot_ratio": 0.025396825396825397,
      "oscillation_ratio": 0.04893403891189691,
      "attainment_ratio": 0.861904761904762,
      "rail_hit_ratio": 0.019230769230769232,
      "pwm_chatter_ratio": 0.0,
      "tail_mean_abs_error": 14.944444444444445,
      "tail_pwm_jump_abs": 875.9285714285714,
      "terminal_requirements_ok": false,
      "pwm_limit_reasonable": false,
      "pwm_limit_note": "terminal steady-state gate failed (tail error or PWM jump exceeded limits)",
      "weighted_score": Infinity
    }
  },
  "csv_path": "/home/madejuele/projects/2K0300/new/verification/auto-wheel-pid/20260423T100034Z/baseline/attempt-01/telemetry.csv",
  "host_log_path": "/home/madejuele/projects/2K0300/new/verification/auto-wheel-pid/20260423T100034Z/baseline/attempt-01/host.log",
  "board_log_path": "/home/madejuele/projects/2K0300/new/verification/auto-wheel-pid/20260423T100034Z/baseline/attempt-01/board.log",
  "params_path": "/home/madejuele/projects/2K0300/new/verification/auto-wheel-pid/20260423T100034Z/baseline/attempt-01/params.json",
  "tuning_exit_code": 0,
  "receiver_error": null,
  "ack_complete": true,
  "snapshot_cleared_seen": true,
  "board_markers_ok": true,
  "unexpected_failsafe": false,
  "runtime_error": null,
  "accepted": true,
  "accepted_reason": "baseline"
}
