{
  "name": "round-003-p-screen",
  "candidate_label": "right-p=75.000000",
  "wheel_scores": {
    "left": {
      "wheel": "left",
      "sample_count": 22,
      "mean_abs_error": 15.954545454545455,
      "p95_abs_error": 59.049999999999976,
      "overshoot_peak": 9.0,
      "settle_delay_s": 1.037,
      "pwm_settle_delay_s": 1.1627142857142856,
      "saturation_ratio": 0.09090909090909091,
      "steady_abs_error_ratio": 0.10687830687830686,
      "p95_error_ratio": 0.37825396825396806,
      "settle_time_ratio": 0.8535262206148283,
      "pwm_settle_time_ratio": 1.0,
      "overshoot_ratio": 0.02857142857142857,
      "oscillation_ratio": 0.03464672817968512,
      "attainment_ratio": 0.8931216931216932,
      "rail_hit_ratio": 0.09523809523809523,
      "pwm_chatter_ratio": 0.0,
      "tail_mean_abs_error": 10.619047619047619,
      "tail_pwm_jump_abs": 817.1904761904761,
      "terminal_requirements_ok": false,
      "pwm_limit_reasonable": false,
      "pwm_limit_note": "terminal steady-state gate failed (tail error or PWM jump exceeded limits)",
      "weighted_score": Infinity
    },
    "right": {
      "wheel": "right",
      "sample_count": 22,
      "mean_abs_error": 20.136363636363637,
      "p95_abs_error": 26.95,
      "overshoot_peak": 0.0,
      "settle_delay_s": 1.163,
      "pwm_settle_delay_s": 1.0437142857142856,
      "saturation_ratio": 0.0,
      "steady_abs_error_ratio": 0.17883597883597882,
      "p95_error_ratio": 0.24190476190476187,
      "settle_time_ratio": 1.0,
      "pwm_settle_time_ratio": 0.9065934065934067,
      "overshoot_ratio": 0.0,
      "oscillation_ratio": 0.033076742189421186,
      "attainment_ratio": 0.8211640211640212,
      "rail_hit_ratio": 0.0,
      "pwm_chatter_ratio": 0.0,
      "tail_mean_abs_error": 18.682539682539684,
      "tail_pwm_jump_abs": 512.9047619047619,
      "terminal_requirements_ok": true,
      "pwm_limit_reasonable": true,
      "pwm_limit_note": "within current wheel-PID test envelope",
      "weighted_score": 1.9738716139828818
    }
  },
  "csv_path": "/home/madejuele/projects/2K0300/new/verification/auto-wheel-pid/20260423T033735Z/round-003-p-screen/attempt-01/telemetry.csv",
  "host_log_path": "/home/madejuele/projects/2K0300/new/verification/auto-wheel-pid/20260423T033735Z/round-003-p-screen/attempt-01/host.log",
  "board_log_path": "/home/madejuele/projects/2K0300/new/verification/auto-wheel-pid/20260423T033735Z/round-003-p-screen/attempt-01/board.log",
  "params_path": "/home/madejuele/projects/2K0300/new/verification/auto-wheel-pid/20260423T033735Z/round-003-p-screen/attempt-01/params.json",
  "tuning_exit_code": 0,
  "receiver_error": null,
  "ack_complete": true,
  "snapshot_cleared_seen": true,
  "board_markers_ok": true,
  "unexpected_failsafe": false,
  "runtime_error": null,
  "accepted": false,
  "accepted_reason": "screen right score improved from inf to 1.973872; pending confirmation"
}
