{
  "name": "right-d0.50",
  "candidate_label": "left-p=139.000000; right-p=85.000000; right-d=0.500000; right-alpha=0.400000",
  "wheel_scores": {
    "left": {
      "wheel": "left",
      "sample_count": 56,
      "mean_abs_error": 14.75,
      "p95_abs_error": 43.0,
      "overshoot_peak": 65.0,
      "settle_delay_s": 1.1698333333333333,
      "pwm_settle_delay_s": 1.2921428571428573,
      "saturation_ratio": 0.07142857142857142,
      "steady_abs_error_ratio": 0.10370370370370371,
      "p95_error_ratio": 0.3111904761904762,
      "settle_time_ratio": 0.6973569383738463,
      "pwm_settle_time_ratio": 0.8362920315522685,
      "overshoot_ratio": 0.2396825396825397,
      "oscillation_ratio": 0.05185037479055168,
      "attainment_ratio": 0.9079365079365079,
      "rail_hit_ratio": 0.07407407407407407,
      "pwm_chatter_ratio": 0.0,
      "tail_mean_abs_error": 10.793650793650794,
      "tail_pwm_jump_abs": 1089.8809523809523,
      "terminal_requirements_ok": false,
      "pwm_limit_reasonable": false,
      "pwm_limit_note": "terminal steady-state gate failed (tail error or PWM jump exceeded limits)",
      "weighted_score": Infinity
    },
    "right": {
      "wheel": "right",
      "sample_count": 56,
      "mean_abs_error": 17.142857142857142,
      "p95_abs_error": 26.75,
      "overshoot_peak": 0.0,
      "settle_delay_s": 1.5336666666666667,
      "pwm_settle_delay_s": 1.4539523809523809,
      "saturation_ratio": 0.017857142857142856,
      "steady_abs_error_ratio": 0.17883597883597885,
      "p95_error_ratio": 0.2539682539682539,
      "settle_time_ratio": 1.0,
      "pwm_settle_time_ratio": 0.9463191675581056,
      "overshoot_ratio": 0.0,
      "oscillation_ratio": 0.03726730140186715,
      "attainment_ratio": 0.8211640211640212,
      "rail_hit_ratio": 0.0,
      "pwm_chatter_ratio": 0.0,
      "tail_mean_abs_error": 19.444444444444443,
      "tail_pwm_jump_abs": 525.0952380952381,
      "terminal_requirements_ok": false,
      "pwm_limit_reasonable": false,
      "pwm_limit_note": "terminal steady-state gate failed (tail error or PWM jump exceeded limits)",
      "weighted_score": Infinity
    }
  },
  "csv_path": "/home/madejuele/projects/2K0300/new/verification/manual-probes/20260423T043827Z-right-d-window-scan/right-d0.50/attempt-01/telemetry.csv",
  "host_log_path": "/home/madejuele/projects/2K0300/new/verification/manual-probes/20260423T043827Z-right-d-window-scan/right-d0.50/attempt-01/host.log",
  "board_log_path": "/home/madejuele/projects/2K0300/new/verification/manual-probes/20260423T043827Z-right-d-window-scan/right-d0.50/attempt-01/board.log",
  "params_path": "/home/madejuele/projects/2K0300/new/verification/manual-probes/20260423T043827Z-right-d-window-scan/right-d0.50/attempt-01/params.json",
  "tuning_exit_code": 0,
  "receiver_error": null,
  "ack_complete": true,
  "snapshot_cleared_seen": true,
  "board_markers_ok": true,
  "unexpected_failsafe": false,
  "runtime_error": null,
  "accepted": false,
  "accepted_reason": ""
}
