{
  "name": "round-016-right-i",
  "candidate_label": "right-i=0.125000",
  "wheel_scores": {
    "left": {
      "wheel": "left",
      "sample_count": 65,
      "mean_abs_error": 14.676923076923076,
      "p95_abs_error": 28.0,
      "overshoot_peak": 30.0,
      "settle_delay_s": 1.5633333333333332,
      "pwm_settle_delay_s": 1.6869444444444446,
      "saturation_ratio": 0.18461538461538463,
      "steady_abs_error_ratio": 0.17530864197530865,
      "p95_error_ratio": 0.29277777777777775,
      "settle_time_ratio": 0.7423030114710376,
      "pwm_settle_time_ratio": 0.869094823234991,
      "overshoot_ratio": 0.27037037037037037,
      "oscillation_ratio": 0.0987852460073138,
      "attainment_ratio": 0.9271604938271605,
      "rail_hit_ratio": 0.13846153846153847,
      "pwm_chatter_ratio": 0.20493827160493824,
      "tail_mean_abs_error": 15.38888888888889,
      "tail_pwm_jump_abs": 1264.1666666666667,
      "terminal_requirements_ok": false,
      "pwm_limit_reasonable": false,
      "pwm_limit_note": "terminal steady-state gate failed (tail error or PWM jump exceeded limits)",
      "weighted_score": Infinity
    },
    "right": {
      "wheel": "right",
      "sample_count": 65,
      "mean_abs_error": 14.8,
      "p95_abs_error": 31.39999999999999,
      "overshoot_peak": 47.0,
      "settle_delay_s": 1.3933333333333333,
      "pwm_settle_delay_s": 1.9410555555555558,
      "saturation_ratio": 0.09230769230769231,
      "steady_abs_error_ratio": 0.14814814814814814,
      "p95_error_ratio": 0.32509259259259254,
      "settle_time_ratio": 0.6190476190476191,
      "pwm_settle_time_ratio": 1.0,
      "overshoot_ratio": 0.23148148148148148,
      "oscillation_ratio": 0.11820473093746084,
      "attainment_ratio": 0.9617283950617285,
      "rail_hit_ratio": 0.07692307692307693,
      "pwm_chatter_ratio": 0.0691358024691358,
      "tail_mean_abs_error": 13.481481481481481,
      "tail_pwm_jump_abs": 1452.9444444444443,
      "terminal_requirements_ok": false,
      "pwm_limit_reasonable": false,
      "pwm_limit_note": "terminal steady-state gate failed (tail error or PWM jump exceeded limits)",
      "weighted_score": Infinity
    }
  },
  "csv_path": "/home/madejuele/projects/2K0300/new/verification/auto-wheel-pid/20260422T132845Z/round-016-right-i/attempt-01/telemetry.csv",
  "host_log_path": "/home/madejuele/projects/2K0300/new/verification/auto-wheel-pid/20260422T132845Z/round-016-right-i/attempt-01/host.log",
  "board_log_path": "/home/madejuele/projects/2K0300/new/verification/auto-wheel-pid/20260422T132845Z/round-016-right-i/attempt-01/board.log",
  "params_path": "/home/madejuele/projects/2K0300/new/verification/auto-wheel-pid/20260422T132845Z/round-016-right-i/attempt-01/params.json",
  "tuning_exit_code": 0,
  "receiver_error": null,
  "ack_complete": true,
  "snapshot_cleared_seen": true,
  "board_markers_ok": true,
  "unexpected_failsafe": false,
  "runtime_error": null,
  "accepted": true,
  "accepted_reason": "right score improved from 0.380611 to 0.279285"
}
