{
  "name": "round-022-left-d",
  "candidate_label": "left-d=1.000000",
  "wheel_scores": {
    "left": {
      "wheel": "left",
      "sample_count": 52,
      "mean_abs_error": 12.51923076923077,
      "p95_abs_error": 23.449999999999996,
      "overshoot_peak": 36.0,
      "settle_delay_s": 1.3845,
      "pwm_settle_delay_s": 1.5040555555555557,
      "saturation_ratio": 0.019230769230769232,
      "steady_abs_error_ratio": 0.12962962962962962,
      "p95_error_ratio": 0.25527777777777777,
      "settle_time_ratio": 0.9029409506258159,
      "pwm_settle_time_ratio": 1.0,
      "overshoot_ratio": 0.2,
      "oscillation_ratio": 0.09788577171248618,
      "attainment_ratio": 0.9308641975308642,
      "rail_hit_ratio": 0.024691358024691357,
      "pwm_chatter_ratio": 0.027777777777777776,
      "tail_mean_abs_error": 10.88888888888889,
      "tail_pwm_jump_abs": 1116.7777777777778,
      "terminal_requirements_ok": false,
      "pwm_limit_reasonable": false,
      "pwm_limit_note": "terminal steady-state gate failed (tail error or PWM jump exceeded limits)",
      "weighted_score": Infinity
    },
    "right": {
      "wheel": "right",
      "sample_count": 52,
      "mean_abs_error": 18.26923076923077,
      "p95_abs_error": 30.0,
      "overshoot_peak": 19.0,
      "settle_delay_s": 1.4898333333333333,
      "pwm_settle_delay_s": 1.4353888888888888,
      "saturation_ratio": 0.038461538461538464,
      "steady_abs_error_ratio": 0.23333333333333334,
      "p95_error_ratio": 0.3124074074074074,
      "settle_time_ratio": 1.0,
      "pwm_settle_time_ratio": 0.9575345289631004,
      "overshoot_ratio": 0.03518518518518519,
      "oscillation_ratio": 0.08653942223517334,
      "attainment_ratio": 0.7901234567901234,
      "rail_hit_ratio": 0.024691358024691357,
      "pwm_chatter_ratio": 0.0,
      "tail_mean_abs_error": 21.425925925925927,
      "tail_pwm_jump_abs": 1049.8333333333333,
      "terminal_requirements_ok": false,
      "pwm_limit_reasonable": false,
      "pwm_limit_note": "terminal steady-state gate failed (tail error or PWM jump exceeded limits)",
      "weighted_score": Infinity
    }
  },
  "csv_path": "/home/madejuele/projects/2K0300/new/verification/auto-wheel-pid/20260422T135601Z/round-022-left-d/attempt-01/telemetry.csv",
  "host_log_path": "/home/madejuele/projects/2K0300/new/verification/auto-wheel-pid/20260422T135601Z/round-022-left-d/attempt-01/host.log",
  "board_log_path": "/home/madejuele/projects/2K0300/new/verification/auto-wheel-pid/20260422T135601Z/round-022-left-d/attempt-01/board.log",
  "params_path": "/home/madejuele/projects/2K0300/new/verification/auto-wheel-pid/20260422T135601Z/round-022-left-d/attempt-01/params.json",
  "tuning_exit_code": 0,
  "receiver_error": null,
  "ack_complete": true,
  "snapshot_cleared_seen": true,
  "board_markers_ok": true,
  "unexpected_failsafe": false,
  "runtime_error": null,
  "accepted": false,
  "accepted_reason": "left score 96.000171 did not beat 45.760765 by 5%"
}
