{
  "name": "round-004-i-screen",
  "candidate_label": "left-i=4.000000; right-i=4.000000",
  "wheel_scores": {
    "left": {
      "wheel": "left",
      "sample_count": 19,
      "mean_abs_error": 5.315789473684211,
      "p95_abs_error": 12.299999999999951,
      "overshoot_peak": 10.0,
      "settle_delay_s": 0.06966666666666667,
      "pwm_settle_delay_s": 1.0144285714285715,
      "saturation_ratio": 0.10526315789473684,
      "steady_abs_error_ratio": 0.02751322751322751,
      "p95_error_ratio": 0.13444444444444442,
      "settle_time_ratio": 0.04835947984636031,
      "pwm_settle_time_ratio": 0.9055948910176316,
      "overshoot_ratio": 0.07301587301587302,
      "oscillation_ratio": 0.0219015340945468,
      "attainment_ratio": 1.0063492063492063,
      "rail_hit_ratio": 0.10526315789473684,
      "pwm_chatter_ratio": 0.0,
      "tail_mean_abs_error": 2.9523809523809526,
      "tail_pwm_jump_abs": 469.95238095238096,
      "terminal_requirements_ok": false,
      "pwm_limit_reasonable": false,
      "pwm_limit_note": "terminal steady-state gate failed (tail error or PWM jump exceeded limits)",
      "weighted_score": Infinity
    },
    "right": {
      "wheel": "right",
      "sample_count": 19,
      "mean_abs_error": 4.2105263157894735,
      "p95_abs_error": 11.0,
      "overshoot_peak": 3.0,
      "settle_delay_s": 0.06966666666666667,
      "pwm_settle_delay_s": 0.9653809523809525,
      "saturation_ratio": 0.10526315789473684,
      "steady_abs_error_ratio": 0.047619047619047616,
      "p95_error_ratio": 0.08539682539682539,
      "settle_time_ratio": 0.04835947984636031,
      "pwm_settle_time_ratio": 0.8579295663843769,
      "overshoot_ratio": 0.01904761904761905,
      "oscillation_ratio": 0.03464249918658147,
      "attainment_ratio": 0.9629629629629629,
      "rail_hit_ratio": 0.10526315789473684,
      "pwm_chatter_ratio": 0.0,
      "tail_mean_abs_error": 5.190476190476191,
      "tail_pwm_jump_abs": 619.7142857142857,
      "terminal_requirements_ok": true,
      "pwm_limit_reasonable": true,
      "pwm_limit_note": "PWM limit is reachable in this round, but not the dominant issue by itself",
      "weighted_score": 1.4072241370027436
    }
  },
  "csv_path": "/home/madejuele/projects/2K0300/new/verification/auto-wheel-pid/20260423T123015Z/round-004-i-screen/attempt-01/telemetry.csv",
  "host_log_path": "/home/madejuele/projects/2K0300/new/verification/auto-wheel-pid/20260423T123015Z/round-004-i-screen/attempt-01/host.log",
  "board_log_path": "/home/madejuele/projects/2K0300/new/verification/auto-wheel-pid/20260423T123015Z/round-004-i-screen/attempt-01/board.log",
  "params_path": "/home/madejuele/projects/2K0300/new/verification/auto-wheel-pid/20260423T123015Z/round-004-i-screen/attempt-01/params.json",
  "tuning_exit_code": 0,
  "receiver_error": null,
  "ack_complete": true,
  "snapshot_cleared_seen": true,
  "board_markers_ok": true,
  "unexpected_failsafe": false,
  "runtime_error": null,
  "accepted": false,
  "accepted_reason": "screen left terminal gate failed: terminal gate failed; screen right score improved from inf to 1.407224; pending confirmation"
}
