{
  "name": "round-004-p-screen",
  "candidate_label": "left-p=136.000000",
  "wheel_scores": {
    "left": {
      "wheel": "left",
      "sample_count": 28,
      "mean_abs_error": 12.285714285714286,
      "p95_abs_error": 36.99999999999997,
      "overshoot_peak": 44.0,
      "settle_delay_s": 0.8806666666666667,
      "pwm_settle_delay_s": 1.4770952380952382,
      "saturation_ratio": 0.10714285714285714,
      "steady_abs_error_ratio": 0.08465608465608467,
      "p95_error_ratio": 0.2765079365079365,
      "settle_time_ratio": 0.5757623255977437,
      "pwm_settle_time_ratio": 0.926671967488294,
      "overshoot_ratio": 0.24761904761904763,
      "oscillation_ratio": 0.06322971190865767,
      "attainment_ratio": 1.0232804232804233,
      "rail_hit_ratio": 0.10714285714285714,
      "pwm_chatter_ratio": 0.14087301587301587,
      "tail_mean_abs_error": 8.53968253968254,
      "tail_pwm_jump_abs": 1094.4761904761904,
      "terminal_requirements_ok": false,
      "pwm_limit_reasonable": false,
      "pwm_limit_note": "terminal steady-state gate failed (tail error or PWM jump exceeded limits)",
      "weighted_score": Infinity
    },
    "right": {
      "wheel": "right",
      "sample_count": 28,
      "mean_abs_error": 16.178571428571427,
      "p95_abs_error": 25.65,
      "overshoot_peak": 21.0,
      "settle_delay_s": 1.605,
      "pwm_settle_delay_s": 1.5956666666666666,
      "saturation_ratio": 0.0,
      "steady_abs_error_ratio": 0.13756613756613756,
      "p95_error_ratio": 0.22873015873015873,
      "settle_time_ratio": 1.0,
      "pwm_settle_time_ratio": 1.0,
      "overshoot_ratio": 0.12380952380952381,
      "oscillation_ratio": 0.05521036920442203,
      "attainment_ratio": 0.8624338624338623,
      "rail_hit_ratio": 0.0,
      "pwm_chatter_ratio": 0.0,
      "tail_mean_abs_error": 15.523809523809524,
      "tail_pwm_jump_abs": 880.0,
      "terminal_requirements_ok": false,
      "pwm_limit_reasonable": false,
      "pwm_limit_note": "terminal steady-state gate failed (tail error or PWM jump exceeded limits)",
      "weighted_score": Infinity
    }
  },
  "csv_path": "/home/madejuele/projects/2K0300/new/verification/auto-wheel-pid/20260423T010159Z/round-004-p-screen/attempt-01/telemetry.csv",
  "host_log_path": "/home/madejuele/projects/2K0300/new/verification/auto-wheel-pid/20260423T010159Z/round-004-p-screen/attempt-01/host.log",
  "board_log_path": "/home/madejuele/projects/2K0300/new/verification/auto-wheel-pid/20260423T010159Z/round-004-p-screen/attempt-01/board.log",
  "params_path": "/home/madejuele/projects/2K0300/new/verification/auto-wheel-pid/20260423T010159Z/round-004-p-screen/attempt-01/params.json",
  "tuning_exit_code": 0,
  "receiver_error": null,
  "ack_complete": true,
  "snapshot_cleared_seen": true,
  "board_markers_ok": true,
  "unexpected_failsafe": false,
  "runtime_error": null,
  "accepted": false,
  "accepted_reason": "screen left terminal gate failed: tail PWM jump 1094.476 > 800.000"
}
