{
  "name": "round-001-p-screen",
  "candidate_label": "left-p=136.000000; right-p=86.000000",
  "wheel_scores": {
    "left": {
      "wheel": "left",
      "sample_count": 22,
      "mean_abs_error": 14.090909090909092,
      "p95_abs_error": 23.9,
      "overshoot_peak": 0.0,
      "settle_delay_s": 1.1726666666666667,
      "pwm_settle_delay_s": 1.052047619047619,
      "saturation_ratio": 0.045454545454545456,
      "steady_abs_error_ratio": 0.12380952380952381,
      "p95_error_ratio": 0.21873015873015866,
      "settle_time_ratio": 1.0,
      "pwm_settle_time_ratio": 0.8789453669666625,
      "overshoot_ratio": 0.0,
      "oscillation_ratio": 0.03482125315469916,
      "attainment_ratio": 0.8761904761904762,
      "rail_hit_ratio": 0.05357142857142857,
      "pwm_chatter_ratio": 0.0,
      "tail_mean_abs_error": 13.126984126984127,
      "tail_pwm_jump_abs": 508.14285714285717,
      "terminal_requirements_ok": true,
      "pwm_limit_reasonable": true,
      "pwm_limit_note": "PWM limit is reachable in this round, but not the dominant issue by itself",
      "weighted_score": 1.6700572489052785
    },
    "right": {
      "wheel": "right",
      "sample_count": 22,
      "mean_abs_error": 19.59090909090909,
      "p95_abs_error": 36.55,
      "overshoot_peak": 0.0,
      "settle_delay_s": 1.1726666666666667,
      "pwm_settle_delay_s": 0.9506190476190476,
      "saturation_ratio": 0.09090909090909091,
      "steady_abs_error_ratio": 0.20105820105820107,
      "p95_error_ratio": 0.29079365079365066,
      "settle_time_ratio": 1.0,
      "pwm_settle_time_ratio": 0.8160424262512429,
      "overshoot_ratio": 0.0,
      "oscillation_ratio": 0.06788207800565145,
      "attainment_ratio": 0.798941798941799,
      "rail_hit_ratio": 0.05357142857142857,
      "pwm_chatter_ratio": 0.0,
      "tail_mean_abs_error": 21.142857142857142,
      "tail_pwm_jump_abs": 1023.5714285714286,
      "terminal_requirements_ok": false,
      "pwm_limit_reasonable": false,
      "pwm_limit_note": "terminal steady-state gate failed (tail error or PWM jump exceeded limits)",
      "weighted_score": Infinity
    }
  },
  "csv_path": "/home/madejuele/projects/2K0300/new/verification/auto-wheel-pid/20260423T035347Z/round-001-p-screen/attempt-01/telemetry.csv",
  "host_log_path": "/home/madejuele/projects/2K0300/new/verification/auto-wheel-pid/20260423T035347Z/round-001-p-screen/attempt-01/host.log",
  "board_log_path": "/home/madejuele/projects/2K0300/new/verification/auto-wheel-pid/20260423T035347Z/round-001-p-screen/attempt-01/board.log",
  "params_path": "/home/madejuele/projects/2K0300/new/verification/auto-wheel-pid/20260423T035347Z/round-001-p-screen/attempt-01/params.json",
  "tuning_exit_code": 0,
  "receiver_error": null,
  "ack_complete": true,
  "snapshot_cleared_seen": true,
  "board_markers_ok": true,
  "unexpected_failsafe": false,
  "runtime_error": null,
  "accepted": false,
  "accepted_reason": "screen left score 1.670057 did not beat 1.575325 by 5%; screen right terminal gate failed: tail error 21.143 > 20.000; tail PWM jump 1023.571 > 800.000"
}
