{
  "name": "round-004-left-p",
  "candidate_label": "left-p=135.000000",
  "wheel_scores": {
    "left": {
      "wheel": "left",
      "sample_count": 52,
      "mean_abs_error": 14.346153846153847,
      "p95_abs_error": 36.34999999999999,
      "overshoot_peak": 44.0,
      "settle_delay_s": 0.9555,
      "pwm_settle_delay_s": 1.5566190476190476,
      "saturation_ratio": 0.17307692307692307,
      "steady_abs_error_ratio": 0.13015873015873017,
      "p95_error_ratio": 0.2824603174603174,
      "settle_time_ratio": 0.6930776504812091,
      "pwm_settle_time_ratio": 1.0,
      "overshoot_ratio": 0.2650793650793651,
      "oscillation_ratio": 0.11844799706648905,
      "attainment_ratio": 0.9841269841269841,
      "rail_hit_ratio": 0.1531084656084656,
      "pwm_chatter_ratio": 0.2546768707482993,
      "tail_mean_abs_error": 13.936507936507937,
      "tail_pwm_jump_abs": 1795.8809523809523,
      "terminal_requirements_ok": false,
      "pwm_limit_reasonable": false,
      "pwm_limit_note": "terminal steady-state gate failed (tail error or PWM jump exceeded limits)",
      "weighted_score": Infinity
    },
    "right": {
      "wheel": "right",
      "sample_count": 52,
      "mean_abs_error": 16.5,
      "p95_abs_error": 30.0,
      "overshoot_peak": 15.0,
      "settle_delay_s": 1.5636666666666668,
      "pwm_settle_delay_s": 1.3516190476190475,
      "saturation_ratio": 0.0,
      "steady_abs_error_ratio": 0.13703703703703704,
      "p95_error_ratio": 0.26420634920634917,
      "settle_time_ratio": 1.0,
      "pwm_settle_time_ratio": 0.8571428571428571,
      "overshoot_ratio": 0.025396825396825397,
      "oscillation_ratio": 0.07788567987612109,
      "attainment_ratio": 0.87989417989418,
      "rail_hit_ratio": 0.0,
      "pwm_chatter_ratio": 0.0,
      "tail_mean_abs_error": 14.404761904761905,
      "tail_pwm_jump_abs": 1130.6904761904761,
      "terminal_requirements_ok": false,
      "pwm_limit_reasonable": false,
      "pwm_limit_note": "terminal steady-state gate failed (tail error or PWM jump exceeded limits)",
      "weighted_score": Infinity
    }
  },
  "csv_path": "/home/madejuele/projects/2K0300/new/verification/auto-wheel-pid/20260422T143235Z/round-004-left-p/attempt-01/telemetry.csv",
  "host_log_path": "/home/madejuele/projects/2K0300/new/verification/auto-wheel-pid/20260422T143235Z/round-004-left-p/attempt-01/host.log",
  "board_log_path": "/home/madejuele/projects/2K0300/new/verification/auto-wheel-pid/20260422T143235Z/round-004-left-p/attempt-01/board.log",
  "params_path": "/home/madejuele/projects/2K0300/new/verification/auto-wheel-pid/20260422T143235Z/round-004-left-p/attempt-01/params.json",
  "tuning_exit_code": 0,
  "receiver_error": null,
  "ack_complete": true,
  "snapshot_cleared_seen": true,
  "board_markers_ok": true,
  "unexpected_failsafe": false,
  "runtime_error": null,
  "accepted": false,
  "accepted_reason": "left score 174.728589 did not beat 108.171492 by 5%"
}
