{
  "name": "round-003-p-screen",
  "candidate_label": "left-p=76.000000; right-p=97.000000",
  "wheel_scores": {
    "left": {
      "wheel": "left",
      "sample_count": 19,
      "mean_abs_error": 6.157894736842105,
      "p95_abs_error": 18.699999999999942,
      "overshoot_peak": 8.0,
      "settle_delay_s": 0.347,
      "pwm_settle_delay_s": 0.8489047619047618,
      "saturation_ratio": 0.05263157894736842,
      "steady_abs_error_ratio": 0.047619047619047616,
      "p95_error_ratio": 0.17523809523809525,
      "settle_time_ratio": 0.23809523809523808,
      "pwm_settle_time_ratio": 0.7330741820537738,
      "overshoot_ratio": 0.05396825396825397,
      "oscillation_ratio": 0.04965739797957789,
      "attainment_ratio": 0.9904761904761905,
      "rail_hit_ratio": 0.0,
      "pwm_chatter_ratio": 0.0,
      "tail_mean_abs_error": 5.095238095238095,
      "tail_pwm_jump_abs": 586.3333333333334,
      "terminal_requirements_ok": false,
      "pwm_limit_reasonable": false,
      "pwm_limit_note": "terminal steady-state gate failed (tail error or PWM jump exceeded limits)",
      "weighted_score": Infinity
    },
    "right": {
      "wheel": "right",
      "sample_count": 19,
      "mean_abs_error": 6.894736842105263,
      "p95_abs_error": 16.79999999999992,
      "overshoot_peak": 51.0,
      "settle_delay_s": 0.06766666666666667,
      "pwm_settle_delay_s": 0.7218095238095238,
      "saturation_ratio": 0.05263157894736842,
      "steady_abs_error_ratio": 0.029629629629629627,
      "p95_error_ratio": 0.18047619047619046,
      "settle_time_ratio": 0.04642971501761128,
      "pwm_settle_time_ratio": 0.6538029225405061,
      "overshoot_ratio": 0.2126984126984127,
      "oscillation_ratio": 0.024387555992363155,
      "attainment_ratio": 1.021164021164021,
      "rail_hit_ratio": 0.05263157894736842,
      "pwm_chatter_ratio": 0.0,
      "tail_mean_abs_error": 3.015873015873016,
      "tail_pwm_jump_abs": 559.5714285714286,
      "terminal_requirements_ok": false,
      "pwm_limit_reasonable": false,
      "pwm_limit_note": "terminal steady-state gate failed (tail error or PWM jump exceeded limits)",
      "weighted_score": Infinity
    }
  },
  "csv_path": "/home/madejuele/projects/2K0300/new/verification/auto-wheel-pid/20260423T125309Z/round-003-p-screen/attempt-01/telemetry.csv",
  "host_log_path": "/home/madejuele/projects/2K0300/new/verification/auto-wheel-pid/20260423T125309Z/round-003-p-screen/attempt-01/host.log",
  "board_log_path": "/home/madejuele/projects/2K0300/new/verification/auto-wheel-pid/20260423T125309Z/round-003-p-screen/attempt-01/board.log",
  "params_path": "/home/madejuele/projects/2K0300/new/verification/auto-wheel-pid/20260423T125309Z/round-003-p-screen/attempt-01/params.json",
  "tuning_exit_code": 0,
  "receiver_error": null,
  "ack_complete": true,
  "snapshot_cleared_seen": true,
  "board_markers_ok": true,
  "unexpected_failsafe": false,
  "runtime_error": null,
  "accepted": false,
  "accepted_reason": "screen left terminal gate failed: terminal gate failed; screen right terminal gate failed: terminal gate failed"
}
