{
  "name": "round-002-d-screen",
  "candidate_label": "left-d=0.250000; right-d=0.250000",
  "wheel_scores": {
    "left": {
      "wheel": "left",
      "sample_count": 29,
      "mean_abs_error": 12.827586206896552,
      "p95_abs_error": 24.199999999999996,
      "overshoot_peak": 34.0,
      "settle_delay_s": 1.6313333333333333,
      "pwm_settle_delay_s": 1.6419047619047618,
      "saturation_ratio": 0.13793103448275862,
      "steady_abs_error_ratio": 0.12063492063492064,
      "p95_error_ratio": 0.23492063492063486,
      "settle_time_ratio": 1.0,
      "pwm_settle_time_ratio": 1.0,
      "overshoot_ratio": 0.19365079365079366,
      "oscillation_ratio": 0.11039869830710455,
      "attainment_ratio": 0.9936507936507937,
      "rail_hit_ratio": 0.10344827586206896,
      "pwm_chatter_ratio": 0.21825396825396826,
      "tail_mean_abs_error": 13.714285714285714,
      "tail_pwm_jump_abs": 2029.047619047619,
      "terminal_requirements_ok": false,
      "pwm_limit_reasonable": false,
      "pwm_limit_note": "terminal steady-state gate failed (tail error or PWM jump exceeded limits)",
      "weighted_score": Infinity
    },
    "right": {
      "wheel": "right",
      "sample_count": 29,
      "mean_abs_error": 17.620689655172413,
      "p95_abs_error": 24.199999999999996,
      "overshoot_peak": 30.0,
      "settle_delay_s": 1.6313333333333333,
      "pwm_settle_delay_s": 1.5366666666666666,
      "saturation_ratio": 0.0,
      "steady_abs_error_ratio": 0.15873015873015872,
      "p95_error_ratio": 0.23190476190476186,
      "settle_time_ratio": 1.0,
      "pwm_settle_time_ratio": 0.9324097011958284,
      "overshoot_ratio": 0.1746031746031746,
      "oscillation_ratio": 0.0467081106075554,
      "attainment_ratio": 0.8455026455026454,
      "rail_hit_ratio": 0.0,
      "pwm_chatter_ratio": 0.0,
      "tail_mean_abs_error": 15.714285714285714,
      "tail_pwm_jump_abs": 853.7619047619048,
      "terminal_requirements_ok": false,
      "pwm_limit_reasonable": false,
      "pwm_limit_note": "terminal steady-state gate failed (tail error or PWM jump exceeded limits)",
      "weighted_score": Infinity
    }
  },
  "csv_path": "/home/madejuele/projects/2K0300/new/verification/auto-wheel-pid/20260423T012139Z/round-002-d-screen/attempt-01/telemetry.csv",
  "host_log_path": "/home/madejuele/projects/2K0300/new/verification/auto-wheel-pid/20260423T012139Z/round-002-d-screen/attempt-01/host.log",
  "board_log_path": "/home/madejuele/projects/2K0300/new/verification/auto-wheel-pid/20260423T012139Z/round-002-d-screen/attempt-01/board.log",
  "params_path": "/home/madejuele/projects/2K0300/new/verification/auto-wheel-pid/20260423T012139Z/round-002-d-screen/attempt-01/params.json",
  "tuning_exit_code": 0,
  "receiver_error": null,
  "ack_complete": true,
  "snapshot_cleared_seen": true,
  "board_markers_ok": true,
  "unexpected_failsafe": false,
  "runtime_error": null,
  "accepted": false,
  "accepted_reason": "screen left terminal gate failed: tail PWM jump 2029.048 > 800.000; screen right terminal gate failed: tail PWM jump 853.762 > 800.000"
}
