{
  "name": "round-004-p-screen",
  "candidate_label": "left-p=144.000000",
  "wheel_scores": {
    "left": {
      "wheel": "left",
      "sample_count": 29,
      "mean_abs_error": 15.241379310344827,
      "p95_abs_error": 48.599999999999966,
      "overshoot_peak": 57.0,
      "settle_delay_s": 1.171,
      "pwm_settle_delay_s": 1.6252380952380954,
      "saturation_ratio": 0.13793103448275862,
      "steady_abs_error_ratio": 0.1111111111111111,
      "p95_error_ratio": 0.34793650793650777,
      "settle_time_ratio": 0.6668935590912958,
      "pwm_settle_time_ratio": 1.0,
      "overshoot_ratio": 0.3619047619047619,
      "oscillation_ratio": 0.09738713561424038,
      "attainment_ratio": 0.9523809523809523,
      "rail_hit_ratio": 0.13793103448275862,
      "pwm_chatter_ratio": 0.06679894179894179,
      "tail_mean_abs_error": 11.031746031746032,
      "tail_pwm_jump_abs": 1514.2857142857142,
      "terminal_requirements_ok": false,
      "pwm_limit_reasonable": false,
      "pwm_limit_note": "terminal steady-state gate failed (tail error or PWM jump exceeded limits)",
      "weighted_score": Infinity
    },
    "right": {
      "wheel": "right",
      "sample_count": 29,
      "mean_abs_error": 16.689655172413794,
      "p95_abs_error": 27.0,
      "overshoot_peak": 31.0,
      "settle_delay_s": 1.606,
      "pwm_settle_delay_s": 1.6252380952380954,
      "saturation_ratio": 0.0,
      "steady_abs_error_ratio": 0.19788359788359788,
      "p95_error_ratio": 0.2534920634920635,
      "settle_time_ratio": 1.0,
      "pwm_settle_time_ratio": 1.0,
      "overshoot_ratio": 0.10158730158730159,
      "oscillation_ratio": 0.09063299949302604,
      "attainment_ratio": 0.9227513227513228,
      "rail_hit_ratio": 0.0,
      "pwm_chatter_ratio": 0.0,
      "tail_mean_abs_error": 21.063492063492063,
      "tail_pwm_jump_abs": 796.1904761904761,
      "terminal_requirements_ok": false,
      "pwm_limit_reasonable": false,
      "pwm_limit_note": "terminal steady-state gate failed (tail error or PWM jump exceeded limits)",
      "weighted_score": Infinity
    }
  },
  "csv_path": "/home/madejuele/projects/2K0300/new/verification/auto-wheel-pid/20260423T005656Z/round-004-p-screen/attempt-01/telemetry.csv",
  "host_log_path": "/home/madejuele/projects/2K0300/new/verification/auto-wheel-pid/20260423T005656Z/round-004-p-screen/attempt-01/host.log",
  "board_log_path": "/home/madejuele/projects/2K0300/new/verification/auto-wheel-pid/20260423T005656Z/round-004-p-screen/attempt-01/board.log",
  "params_path": "/home/madejuele/projects/2K0300/new/verification/auto-wheel-pid/20260423T005656Z/round-004-p-screen/attempt-01/params.json",
  "tuning_exit_code": 0,
  "receiver_error": null,
  "ack_complete": true,
  "snapshot_cleared_seen": true,
  "board_markers_ok": true,
  "unexpected_failsafe": false,
  "runtime_error": null,
  "accepted": false,
  "accepted_reason": "screen left terminal gate failed: tail PWM jump 1514.286 > 800.000"
}
