{
  "name": "round-013-left-i",
  "candidate_label": "left-i=0.500000",
  "wheel_scores": {
    "left": {
      "wheel": "left",
      "sample_count": 63,
      "mean_abs_error": 15.53968253968254,
      "p95_abs_error": 35.699999999999996,
      "overshoot_peak": 61.0,
      "settle_delay_s": 1.673,
      "pwm_settle_delay_s": 1.6961111111111113,
      "saturation_ratio": 0.14285714285714285,
      "steady_abs_error_ratio": 0.16296296296296298,
      "p95_error_ratio": 0.35305555555555546,
      "settle_time_ratio": 0.8522393538913362,
      "pwm_settle_time_ratio": 0.8888888888888888,
      "overshoot_ratio": 0.34629629629629627,
      "oscillation_ratio": 0.16056487016099072,
      "attainment_ratio": 0.9790123456790123,
      "rail_hit_ratio": 0.10606060606060606,
      "pwm_chatter_ratio": 0.2074074074074074,
      "tail_mean_abs_error": 14.203703703703704,
      "tail_pwm_jump_abs": 1550.0,
      "terminal_requirements_ok": false,
      "pwm_limit_reasonable": false,
      "pwm_limit_note": "terminal steady-state gate failed (tail error or PWM jump exceeded limits)",
      "weighted_score": Infinity
    },
    "right": {
      "wheel": "right",
      "sample_count": 63,
      "mean_abs_error": 12.968253968253968,
      "p95_abs_error": 25.799999999999997,
      "overshoot_peak": 30.0,
      "settle_delay_s": 1.8743333333333334,
      "pwm_settle_delay_s": 1.9226666666666667,
      "saturation_ratio": 0.031746031746031744,
      "steady_abs_error_ratio": 0.14074074074074075,
      "p95_error_ratio": 0.2719444444444444,
      "settle_time_ratio": 0.9509696304427369,
      "pwm_settle_time_ratio": 1.0,
      "overshoot_ratio": 0.2351851851851852,
      "oscillation_ratio": 0.07302032002175769,
      "attainment_ratio": 0.9382716049382717,
      "rail_hit_ratio": 0.04242424242424243,
      "pwm_chatter_ratio": 0.040740740740740744,
      "tail_mean_abs_error": 12.25925925925926,
      "tail_pwm_jump_abs": 943.3888888888889,
      "terminal_requirements_ok": false,
      "pwm_limit_reasonable": false,
      "pwm_limit_note": "terminal steady-state gate failed (tail error or PWM jump exceeded limits)",
      "weighted_score": Infinity
    }
  },
  "csv_path": "/home/madejuele/projects/2K0300/new/verification/auto-wheel-pid/20260422T132845Z/round-013-left-i/attempt-01/telemetry.csv",
  "host_log_path": "/home/madejuele/projects/2K0300/new/verification/auto-wheel-pid/20260422T132845Z/round-013-left-i/attempt-01/host.log",
  "board_log_path": "/home/madejuele/projects/2K0300/new/verification/auto-wheel-pid/20260422T132845Z/round-013-left-i/attempt-01/board.log",
  "params_path": "/home/madejuele/projects/2K0300/new/verification/auto-wheel-pid/20260422T132845Z/round-013-left-i/attempt-01/params.json",
  "tuning_exit_code": 0,
  "receiver_error": null,
  "ack_complete": true,
  "snapshot_cleared_seen": true,
  "board_markers_ok": true,
  "unexpected_failsafe": false,
  "runtime_error": null,
  "accepted": false,
  "accepted_reason": "left score 0.354085 did not beat 0.227230 by 5%"
}
