{
  "name": "round-001-p-screen",
  "candidate_label": "right-p=100.250000",
  "wheel_scores": {
    "left": {
      "wheel": "left",
      "sample_count": 19,
      "mean_abs_error": 17.526315789473685,
      "p95_abs_error": 21.199999999999996,
      "overshoot_peak": 0.0,
      "settle_delay_s": 1.1136666666666666,
      "pwm_settle_delay_s": 0.9123809523809525,
      "saturation_ratio": 0.05263157894736842,
      "steady_abs_error_ratio": 0.15978835978835979,
      "p95_error_ratio": 0.20380952380952383,
      "settle_time_ratio": 1.0,
      "pwm_settle_time_ratio": 0.7942732648615002,
      "overshoot_ratio": 0.0,
      "oscillation_ratio": 0.028924424412679513,
      "attainment_ratio": 0.8402116402116403,
      "rail_hit_ratio": 0.05263157894736842,
      "pwm_chatter_ratio": 0.0,
      "tail_mean_abs_error": 16.650793650793652,
      "tail_pwm_jump_abs": 631.0952380952381,
      "terminal_requirements_ok": true,
      "pwm_limit_reasonable": true,
      "pwm_limit_note": "PWM limit is reachable in this round, but not the dominant issue by itself",
      "weighted_score": 1.8306600739383114
    },
    "right": {
      "wheel": "right",
      "sample_count": 19,
      "mean_abs_error": 17.31578947368421,
      "p95_abs_error": 28.599999999999966,
      "overshoot_peak": 14.0,
      "settle_delay_s": 1.1136666666666666,
      "pwm_settle_delay_s": 1.1327142857142858,
      "saturation_ratio": 0.0,
      "steady_abs_error_ratio": 0.14603174603174604,
      "p95_error_ratio": 0.2757142857142857,
      "settle_time_ratio": 1.0,
      "pwm_settle_time_ratio": 1.0,
      "overshoot_ratio": 0.044444444444444446,
      "oscillation_ratio": 0.04517273975949385,
      "attainment_ratio": 0.8539682539682539,
      "rail_hit_ratio": 0.0,
      "pwm_chatter_ratio": 0.0,
      "tail_mean_abs_error": 15.365079365079366,
      "tail_pwm_jump_abs": 779.0,
      "terminal_requirements_ok": false,
      "pwm_limit_reasonable": false,
      "pwm_limit_note": "terminal steady-state gate failed (tail error or PWM jump exceeded limits)",
      "weighted_score": Infinity
    }
  },
  "csv_path": "/home/madejuele/projects/2K0300/new/verification/auto-wheel-pid/20260423T114603Z/round-001-p-screen/attempt-01/telemetry.csv",
  "host_log_path": "/home/madejuele/projects/2K0300/new/verification/auto-wheel-pid/20260423T114603Z/round-001-p-screen/attempt-01/host.log",
  "board_log_path": "/home/madejuele/projects/2K0300/new/verification/auto-wheel-pid/20260423T114603Z/round-001-p-screen/attempt-01/board.log",
  "params_path": "/home/madejuele/projects/2K0300/new/verification/auto-wheel-pid/20260423T114603Z/round-001-p-screen/attempt-01/params.json",
  "tuning_exit_code": 0,
  "receiver_error": null,
  "ack_complete": true,
  "snapshot_cleared_seen": true,
  "board_markers_ok": true,
  "unexpected_failsafe": false,
  "runtime_error": null,
  "accepted": false,
  "accepted_reason": "screen right terminal gate failed: terminal gate failed"
}
