{
  "name": "round-013-i-confirm",
  "candidate_label": "left-i=5.000000; right-i=0.500000",
  "wheel_scores": {
    "left": {
      "wheel": "left",
      "sample_count": 29,
      "mean_abs_error": 7.931034482758621,
      "p95_abs_error": 19.599999999999998,
      "overshoot_peak": 25.0,
      "settle_delay_s": 0.06066666666666667,
      "pwm_settle_delay_s": 1.6150476190476188,
      "saturation_ratio": 0.06896551724137931,
      "steady_abs_error_ratio": 0.08465608465608467,
      "p95_error_ratio": 0.16698412698412696,
      "settle_time_ratio": 0.047073023536511764,
      "pwm_settle_time_ratio": 1.0,
      "overshoot_ratio": 0.16825396825396827,
      "oscillation_ratio": 0.08162341387404662,
      "attainment_ratio": 0.9873015873015873,
      "rail_hit_ratio": 0.0,
      "pwm_chatter_ratio": 0.08928571428571429,
      "tail_mean_abs_error": 8.761904761904763,
      "tail_pwm_jump_abs": 1897.142857142857,
      "terminal_requirements_ok": false,
      "pwm_limit_reasonable": false,
      "pwm_limit_note": "terminal steady-state gate failed (tail error or PWM jump exceeded limits)",
      "weighted_score": Infinity
    },
    "right": {
      "wheel": "right",
      "sample_count": 29,
      "mean_abs_error": 9.03448275862069,
      "p95_abs_error": 16.0,
      "overshoot_peak": 31.0,
      "settle_delay_s": 0.4896666666666667,
      "pwm_settle_delay_s": 1.6150476190476188,
      "saturation_ratio": 0.0,
      "steady_abs_error_ratio": 0.06878306878306878,
      "p95_error_ratio": 0.169047619047619,
      "settle_time_ratio": 0.3581775664273507,
      "pwm_settle_time_ratio": 1.0,
      "overshoot_ratio": 0.13333333333333333,
      "oscillation_ratio": 0.03483191005335282,
      "attainment_ratio": 0.9375661375661375,
      "rail_hit_ratio": 0.0,
      "pwm_chatter_ratio": 0.0,
      "tail_mean_abs_error": 7.095238095238095,
      "tail_pwm_jump_abs": 660.8571428571429,
      "terminal_requirements_ok": true,
      "pwm_limit_reasonable": true,
      "pwm_limit_note": "within current wheel-PID test envelope",
      "weighted_score": 1.4227502132623318
    }
  },
  "csv_path": "/home/madejuele/projects/2K0300/new/verification/auto-wheel-pid/20260423T021240Z/round-013-i-confirm/attempt-01/telemetry.csv",
  "host_log_path": "/home/madejuele/projects/2K0300/new/verification/auto-wheel-pid/20260423T021240Z/round-013-i-confirm/attempt-01/host.log",
  "board_log_path": "/home/madejuele/projects/2K0300/new/verification/auto-wheel-pid/20260423T021240Z/round-013-i-confirm/attempt-01/board.log",
  "params_path": "/home/madejuele/projects/2K0300/new/verification/auto-wheel-pid/20260423T021240Z/round-013-i-confirm/attempt-01/params.json",
  "tuning_exit_code": 0,
  "receiver_error": null,
  "ack_complete": true,
  "snapshot_cleared_seen": true,
  "board_markers_ok": true,
  "unexpected_failsafe": false,
  "runtime_error": null,
  "accepted": true,
  "accepted_reason": "right score improved from inf to 1.422750; selected best candidate after paired screen+confirm at right-i=0.500000"
}
