{
  "name": "baseline-screen",
  "candidate_label": "current-working-params-screen",
  "wheel_scores": {
    "left": {
      "wheel": "left",
      "sample_count": 20,
      "mean_abs_error": 15.85,
      "p95_abs_error": 23.550000000000008,
      "overshoot_peak": 5.0,
      "settle_delay_s": 1.1466666666666667,
      "pwm_settle_delay_s": 0.7500952380952381,
      "saturation_ratio": 0.05,
      "steady_abs_error_ratio": 0.16084656084656085,
      "p95_error_ratio": 0.213015873015873,
      "settle_time_ratio": 1.0,
      "pwm_settle_time_ratio": 0.6286335390179278,
      "overshoot_ratio": 0.015873015873015872,
      "oscillation_ratio": 0.03145900792235229,
      "attainment_ratio": 0.8391534391534391,
      "rail_hit_ratio": 0.0,
      "pwm_chatter_ratio": 0.0,
      "tail_mean_abs_error": 16.857142857142858,
      "tail_pwm_jump_abs": 498.8095238095238,
      "terminal_requirements_ok": true,
      "pwm_limit_reasonable": true,
      "pwm_limit_note": "within current wheel-PID test envelope",
      "weighted_score": 1.0752980382575097
    },
    "right": {
      "wheel": "right",
      "sample_count": 20,
      "mean_abs_error": 15.9,
      "p95_abs_error": 24.250000000000018,
      "overshoot_peak": 16.0,
      "settle_delay_s": 1.1466666666666667,
      "pwm_settle_delay_s": 1.0313809523809523,
      "saturation_ratio": 0.05,
      "steady_abs_error_ratio": 0.14179894179894179,
      "p95_error_ratio": 0.24079365079365078,
      "settle_time_ratio": 1.0,
      "pwm_settle_time_ratio": 0.8899972291493488,
      "overshoot_ratio": 0.050793650793650794,
      "oscillation_ratio": 0.0227642217682515,
      "attainment_ratio": 0.8582010582010582,
      "rail_hit_ratio": 0.05,
      "pwm_chatter_ratio": 0.0,
      "tail_mean_abs_error": 14.793650793650794,
      "tail_pwm_jump_abs": 479.95238095238096,
      "terminal_requirements_ok": true,
      "pwm_limit_reasonable": true,
      "pwm_limit_note": "within current wheel-PID test envelope",
      "weighted_score": 1.7216462594883084
    }
  },
  "csv_path": "/home/madejuele/projects/2K0300/new/verification/auto-wheel-pid/20260423T112225Z/baseline-screen/attempt-01/telemetry.csv",
  "host_log_path": "/home/madejuele/projects/2K0300/new/verification/auto-wheel-pid/20260423T112225Z/baseline-screen/attempt-01/host.log",
  "board_log_path": "/home/madejuele/projects/2K0300/new/verification/auto-wheel-pid/20260423T112225Z/baseline-screen/attempt-01/board.log",
  "params_path": "/home/madejuele/projects/2K0300/new/verification/auto-wheel-pid/20260423T112225Z/baseline-screen/attempt-01/params.json",
  "tuning_exit_code": 0,
  "receiver_error": null,
  "ack_complete": true,
  "snapshot_cleared_seen": true,
  "board_markers_ok": true,
  "unexpected_failsafe": false,
  "runtime_error": null,
  "accepted": true,
  "accepted_reason": "baseline-screen"
}
