{
  "name": "round-001-d-screen",
  "candidate_label": "left-d=0.700000; right-d=0.150000",
  "wheel_scores": {
    "left": {
      "wheel": "left",
      "sample_count": 19,
      "mean_abs_error": 18.105263157894736,
      "p95_abs_error": 24.199999999999996,
      "overshoot_peak": 24.0,
      "settle_delay_s": 1.1153333333333333,
      "pwm_settle_delay_s": 0.7478571428571428,
      "saturation_ratio": 0.0,
      "steady_abs_error_ratio": 0.16825396825396827,
      "p95_error_ratio": 0.22746031746031747,
      "settle_time_ratio": 1.0,
      "pwm_settle_time_ratio": 0.6540303272146847,
      "overshoot_ratio": 0.0761904761904762,
      "oscillation_ratio": 0.04556846268703352,
      "attainment_ratio": 0.8317460317460318,
      "rail_hit_ratio": 0.0,
      "pwm_chatter_ratio": 0.0,
      "tail_mean_abs_error": 18.015873015873016,
      "tail_pwm_jump_abs": 579.0,
      "terminal_requirements_ok": true,
      "pwm_limit_reasonable": true,
      "pwm_limit_note": "within current wheel-PID test envelope",
      "weighted_score": 1.5754085976210133
    },
    "right": {
      "wheel": "right",
      "sample_count": 19,
      "mean_abs_error": 18.473684210526315,
      "p95_abs_error": 33.499999999999886,
      "overshoot_peak": 83.0,
      "settle_delay_s": 1.1153333333333333,
      "pwm_settle_delay_s": 0.936,
      "saturation_ratio": 0.05263157894736842,
      "steady_abs_error_ratio": 0.16084656084656085,
      "p95_error_ratio": 0.3807936507936508,
      "settle_time_ratio": 1.0,
      "pwm_settle_time_ratio": 0.8292098962490024,
      "overshoot_ratio": 0.2634920634920635,
      "oscillation_ratio": 0.07218017441905467,
      "attainment_ratio": 0.8539682539682539,
      "rail_hit_ratio": 0.05263157894736842,
      "pwm_chatter_ratio": 0.0,
      "tail_mean_abs_error": 17.904761904761905,
      "tail_pwm_jump_abs": 345.95238095238096,
      "terminal_requirements_ok": false,
      "pwm_limit_reasonable": false,
      "pwm_limit_note": "terminal steady-state gate failed (tail error or PWM jump exceeded limits)",
      "weighted_score": Infinity
    }
  },
  "csv_path": "/home/madejuele/projects/2K0300/new/verification/auto-wheel-pid/20260423T121302Z/round-001-d-screen/attempt-01/telemetry.csv",
  "host_log_path": "/home/madejuele/projects/2K0300/new/verification/auto-wheel-pid/20260423T121302Z/round-001-d-screen/attempt-01/host.log",
  "board_log_path": "/home/madejuele/projects/2K0300/new/verification/auto-wheel-pid/20260423T121302Z/round-001-d-screen/attempt-01/board.log",
  "params_path": "/home/madejuele/projects/2K0300/new/verification/auto-wheel-pid/20260423T121302Z/round-001-d-screen/attempt-01/params.json",
  "tuning_exit_code": 0,
  "receiver_error": null,
  "ack_complete": true,
  "snapshot_cleared_seen": true,
  "board_markers_ok": true,
  "unexpected_failsafe": false,
  "runtime_error": null,
  "accepted": false,
  "accepted_reason": "screen left score improved from 2.323050 to 1.575409; pending confirmation; screen right terminal gate failed: terminal gate failed"
}
