{
  "name": "round-002-i-screen",
  "candidate_label": "right-i=1.800000",
  "wheel_scores": {
    "left": {
      "wheel": "left",
      "sample_count": 20,
      "mean_abs_error": 5.85,
      "p95_abs_error": 16.45000000000002,
      "overshoot_peak": 7.0,
      "settle_delay_s": 0.27466666666666667,
      "pwm_settle_delay_s": 0.8283809523809526,
      "saturation_ratio": 0.15,
      "steady_abs_error_ratio": 0.029629629629629627,
      "p95_error_ratio": 0.15682539682539673,
      "settle_time_ratio": 0.25396800779722123,
      "pwm_settle_time_ratio": 0.6666666666666666,
      "overshoot_ratio": 0.050793650793650794,
      "oscillation_ratio": 0.03701630730238255,
      "attainment_ratio": 1.0,
      "rail_hit_ratio": 0.1,
      "pwm_chatter_ratio": 0.0,
      "tail_mean_abs_error": 3.3968253968253967,
      "tail_pwm_jump_abs": 547.7142857142857,
      "terminal_requirements_ok": true,
      "pwm_limit_reasonable": true,
      "pwm_limit_note": "PWM limit is reachable in this round, but not the dominant issue by itself",
      "weighted_score": 1.2886802859969706
    },
    "right": {
      "wheel": "right",
      "sample_count": 20,
      "mean_abs_error": 6.15,
      "p95_abs_error": 16.200000000000003,
      "overshoot_peak": 20.0,
      "settle_delay_s": 0.6843333333333333,
      "pwm_settle_delay_s": 1.0185714285714287,
      "saturation_ratio": 0.05,
      "steady_abs_error_ratio": 0.03915343915343915,
      "p95_error_ratio": 0.1338095238095238,
      "settle_time_ratio": 0.6659831133790047,
      "pwm_settle_time_ratio": 0.8781882648976324,
      "overshoot_ratio": 0.12698412698412698,
      "oscillation_ratio": 0.044695691888343984,
      "attainment_ratio": 1.0306878306878307,
      "rail_hit_ratio": 0.05,
      "pwm_chatter_ratio": 0.0,
      "tail_mean_abs_error": 4.619047619047619,
      "tail_pwm_jump_abs": 634.1904761904761,
      "terminal_requirements_ok": false,
      "pwm_limit_reasonable": false,
      "pwm_limit_note": "terminal steady-state gate failed (tail error or PWM jump exceeded limits)",
      "weighted_score": Infinity
    }
  },
  "csv_path": "/home/madejuele/projects/2K0300/new/verification/auto-wheel-pid/20260423T123622Z/round-002-i-screen/attempt-01/telemetry.csv",
  "host_log_path": "/home/madejuele/projects/2K0300/new/verification/auto-wheel-pid/20260423T123622Z/round-002-i-screen/attempt-01/host.log",
  "board_log_path": "/home/madejuele/projects/2K0300/new/verification/auto-wheel-pid/20260423T123622Z/round-002-i-screen/attempt-01/board.log",
  "params_path": "/home/madejuele/projects/2K0300/new/verification/auto-wheel-pid/20260423T123622Z/round-002-i-screen/attempt-01/params.json",
  "tuning_exit_code": 0,
  "receiver_error": null,
  "ack_complete": true,
  "snapshot_cleared_seen": true,
  "board_markers_ok": true,
  "unexpected_failsafe": false,
  "runtime_error": null,
  "accepted": false,
  "accepted_reason": "screen right terminal gate failed: terminal gate failed"
}
