{
  "name": "baseline",
  "candidate_label": "current-working-params",
  "wheel_scores": {
    "left": {
      "wheel": "left",
      "sample_count": 51,
      "mean_abs_error": 16.49019607843137,
      "p95_abs_error": 22.5,
      "overshoot_peak": 20.0,
      "settle_delay_s": 1.5403333333333333,
      "pwm_settle_delay_s": 0.8727142857142857,
      "saturation_ratio": 0.0,
      "steady_abs_error_ratio": 0.1470899470899471,
      "p95_error_ratio": 0.20833333333333334,
      "settle_time_ratio": 1.0,
      "pwm_settle_time_ratio": 0.5641784854683675,
      "overshoot_ratio": 0.050793650793650794,
      "oscillation_ratio": 0.031976813529859,
      "attainment_ratio": 0.852910052910053,
      "rail_hit_ratio": 0.0,
      "pwm_chatter_ratio": 0.0,
      "tail_mean_abs_error": 15.968253968253968,
      "tail_pwm_jump_abs": 440.8333333333333,
      "terminal_requirements_ok": true,
      "pwm_limit_reasonable": true,
      "pwm_limit_note": "within current wheel-PID test envelope",
      "weighted_score": 1.014375149214228
    },
    "right": {
      "wheel": "right",
      "sample_count": 51,
      "mean_abs_error": 15.588235294117647,
      "p95_abs_error": 24.5,
      "overshoot_peak": 4.0,
      "settle_delay_s": 1.5403333333333333,
      "pwm_settle_delay_s": 1.1910476190476191,
      "saturation_ratio": 0.0196078431372549,
      "steady_abs_error_ratio": 0.16455026455026456,
      "p95_error_ratio": 0.2199206349206349,
      "settle_time_ratio": 1.0,
      "pwm_settle_time_ratio": 0.7678069567230962,
      "overshoot_ratio": 0.006349206349206349,
      "oscillation_ratio": 0.040042413706452624,
      "attainment_ratio": 0.8354497354497356,
      "rail_hit_ratio": 0.0196078431372549,
      "pwm_chatter_ratio": 0.0,
      "tail_mean_abs_error": 17.76984126984127,
      "tail_pwm_jump_abs": 633.7857142857143,
      "terminal_requirements_ok": false,
      "pwm_limit_reasonable": false,
      "pwm_limit_note": "terminal steady-state gate failed (tail error or PWM jump exceeded limits)",
      "weighted_score": Infinity
    }
  },
  "csv_path": "/home/madejuele/projects/2K0300/new/verification/auto-wheel-pid/20260423T114116Z/baseline/attempt-01/telemetry.csv",
  "host_log_path": "/home/madejuele/projects/2K0300/new/verification/auto-wheel-pid/20260423T114116Z/baseline/attempt-01/host.log",
  "board_log_path": "/home/madejuele/projects/2K0300/new/verification/auto-wheel-pid/20260423T114116Z/baseline/attempt-01/board.log",
  "params_path": "/home/madejuele/projects/2K0300/new/verification/auto-wheel-pid/20260423T114116Z/baseline/attempt-01/params.json",
  "tuning_exit_code": 0,
  "receiver_error": null,
  "ack_complete": true,
  "snapshot_cleared_seen": true,
  "board_markers_ok": true,
  "unexpected_failsafe": false,
  "runtime_error": null,
  "accepted": true,
  "accepted_reason": "baseline"
}
