{
  "name": "baseline",
  "candidate_label": "current-working-params",
  "wheel_scores": {
    "left": {
      "wheel": "left",
      "sample_count": 53,
      "mean_abs_error": 14.88679245283019,
      "p95_abs_error": 23.0,
      "overshoot_peak": 0.0,
      "settle_delay_s": 1.5453333333333332,
      "pwm_settle_delay_s": 1.1063095238095237,
      "saturation_ratio": 0.018867924528301886,
      "steady_abs_error_ratio": 0.12698412698412698,
      "p95_error_ratio": 0.21563492063492062,
      "settle_time_ratio": 1.0,
      "pwm_settle_time_ratio": 0.7145908865786,
      "overshoot_ratio": 0.0,
      "oscillation_ratio": 0.02472950888194472,
      "attainment_ratio": 0.873015873015873,
      "rail_hit_ratio": 0.018867924528301886,
      "pwm_chatter_ratio": 0.0,
      "tail_mean_abs_error": 13.222222222222221,
      "tail_pwm_jump_abs": 387.4047619047619,
      "terminal_requirements_ok": true,
      "pwm_limit_reasonable": true,
      "pwm_limit_note": "within current wheel-PID test envelope",
      "weighted_score": 1.3462215697220996
    },
    "right": {
      "wheel": "right",
      "sample_count": 53,
      "mean_abs_error": 20.22641509433962,
      "p95_abs_error": 31.4,
      "overshoot_peak": 2.0,
      "settle_delay_s": 1.5453333333333332,
      "pwm_settle_delay_s": 1.4503333333333333,
      "saturation_ratio": 0.018867924528301886,
      "steady_abs_error_ratio": 0.2126984126984127,
      "p95_error_ratio": 0.2787301587301587,
      "settle_time_ratio": 1.0,
      "pwm_settle_time_ratio": 0.9341580126367399,
      "overshoot_ratio": 0.0031746031746031746,
      "oscillation_ratio": 0.04040812200979376,
      "attainment_ratio": 0.7873015873015873,
      "rail_hit_ratio": 0.0,
      "pwm_chatter_ratio": 0.0,
      "tail_mean_abs_error": 22.476190476190474,
      "tail_pwm_jump_abs": 756.547619047619,
      "terminal_requirements_ok": false,
      "pwm_limit_reasonable": false,
      "pwm_limit_note": "terminal steady-state gate failed (tail error or PWM jump exceeded limits)",
      "weighted_score": Infinity
    }
  },
  "csv_path": "/home/madejuele/projects/2K0300/new/verification/auto-wheel-pid/20260423T102050Z/baseline/attempt-01/telemetry.csv",
  "host_log_path": "/home/madejuele/projects/2K0300/new/verification/auto-wheel-pid/20260423T102050Z/baseline/attempt-01/host.log",
  "board_log_path": "/home/madejuele/projects/2K0300/new/verification/auto-wheel-pid/20260423T102050Z/baseline/attempt-01/board.log",
  "params_path": "/home/madejuele/projects/2K0300/new/verification/auto-wheel-pid/20260423T102050Z/baseline/attempt-01/params.json",
  "tuning_exit_code": 0,
  "receiver_error": null,
  "ack_complete": true,
  "snapshot_cleared_seen": true,
  "board_markers_ok": true,
  "unexpected_failsafe": false,
  "runtime_error": null,
  "accepted": true,
  "accepted_reason": "baseline"
}
