{
  "name": "round-002-p-screen",
  "candidate_label": "left-p=142.000000",
  "wheel_scores": {
    "left": {
      "wheel": "left",
      "sample_count": 29,
      "mean_abs_error": 11.03448275862069,
      "p95_abs_error": 24.99999999999999,
      "overshoot_peak": 29.0,
      "settle_delay_s": 1.359,
      "pwm_settle_delay_s": 1.627142857142857,
      "saturation_ratio": 0.06896551724137931,
      "steady_abs_error_ratio": 0.13121693121693123,
      "p95_error_ratio": 0.1911111111111111,
      "settle_time_ratio": 0.809438775510204,
      "pwm_settle_time_ratio": 1.0,
      "overshoot_ratio": 0.1873015873015873,
      "oscillation_ratio": 0.12655022178910721,
      "attainment_ratio": 0.9576719576719578,
      "rail_hit_ratio": 0.06896551724137931,
      "pwm_chatter_ratio": 0.14087301587301587,
      "tail_mean_abs_error": 13.841269841269842,
      "tail_pwm_jump_abs": 1927.142857142857,
      "terminal_requirements_ok": false,
      "pwm_limit_reasonable": false,
      "pwm_limit_note": "terminal steady-state gate failed (tail error or PWM jump exceeded limits)",
      "weighted_score": Infinity
    },
    "right": {
      "wheel": "right",
      "sample_count": 29,
      "mean_abs_error": 16.93103448275862,
      "p95_abs_error": 28.599999999999998,
      "overshoot_peak": 0.0,
      "settle_delay_s": 1.608,
      "pwm_settle_delay_s": 1.5031428571428571,
      "saturation_ratio": 0.0,
      "steady_abs_error_ratio": 0.18941798941798943,
      "p95_error_ratio": 0.25793650793650796,
      "settle_time_ratio": 1.0,
      "pwm_settle_time_ratio": 0.9255255255255255,
      "overshoot_ratio": 0.0,
      "oscillation_ratio": 0.03974173315673742,
      "attainment_ratio": 0.8105820105820105,
      "rail_hit_ratio": 0.0,
      "pwm_chatter_ratio": 0.0,
      "tail_mean_abs_error": 20.11111111111111,
      "tail_pwm_jump_abs": 803.8095238095239,
      "terminal_requirements_ok": false,
      "pwm_limit_reasonable": false,
      "pwm_limit_note": "terminal steady-state gate failed (tail error or PWM jump exceeded limits)",
      "weighted_score": Infinity
    }
  },
  "csv_path": "/home/madejuele/projects/2K0300/new/verification/auto-wheel-pid/20260423T005656Z/round-002-p-screen/attempt-01/telemetry.csv",
  "host_log_path": "/home/madejuele/projects/2K0300/new/verification/auto-wheel-pid/20260423T005656Z/round-002-p-screen/attempt-01/host.log",
  "board_log_path": "/home/madejuele/projects/2K0300/new/verification/auto-wheel-pid/20260423T005656Z/round-002-p-screen/attempt-01/board.log",
  "params_path": "/home/madejuele/projects/2K0300/new/verification/auto-wheel-pid/20260423T005656Z/round-002-p-screen/attempt-01/params.json",
  "tuning_exit_code": 0,
  "receiver_error": null,
  "ack_complete": true,
  "snapshot_cleared_seen": true,
  "board_markers_ok": true,
  "unexpected_failsafe": false,
  "runtime_error": null,
  "accepted": false,
  "accepted_reason": "screen left terminal gate failed: tail PWM jump 1927.143 > 800.000"
}
