{
  "name": "round-009-left-i",
  "candidate_label": "left-i=0.250000",
  "wheel_scores": {
    "left": {
      "wheel": "left",
      "sample_count": 60,
      "mean_abs_error": 12.333333333333334,
      "p95_abs_error": 24.14999999999999,
      "overshoot_peak": 18.0,
      "settle_delay_s": 1.6398333333333333,
      "pwm_settle_delay_s": 1.8068888888888888,
      "saturation_ratio": 0.03333333333333333,
      "steady_abs_error_ratio": 0.11481481481481481,
      "p95_error_ratio": 0.2498148148148147,
      "settle_time_ratio": 0.8772347306119959,
      "pwm_settle_time_ratio": 1.0,
      "overshoot_ratio": 0.12777777777777777,
      "oscillation_ratio": 0.11438329425769965,
      "attainment_ratio": 0.9518518518518518,
      "rail_hit_ratio": 0.0,
      "pwm_chatter_ratio": 0.0,
      "tail_mean_abs_error": 10.12962962962963,
      "tail_pwm_jump_abs": 1235.0,
      "terminal_requirements_ok": false,
      "pwm_limit_reasonable": false,
      "pwm_limit_note": "terminal steady-state gate failed (tail error or PWM jump exceeded limits)",
      "weighted_score": Infinity
    },
    "right": {
      "wheel": "right",
      "sample_count": 60,
      "mean_abs_error": 15.516666666666667,
      "p95_abs_error": 25.0,
      "overshoot_peak": 20.0,
      "settle_delay_s": 1.8074999999999999,
      "pwm_settle_delay_s": 1.483111111111111,
      "saturation_ratio": 0.0,
      "steady_abs_error_ratio": 0.17037037037037037,
      "p95_error_ratio": 0.23962962962962958,
      "settle_time_ratio": 1.0,
      "pwm_settle_time_ratio": 0.8196660180167602,
      "overshoot_ratio": 0.037037037037037035,
      "oscillation_ratio": 0.032796406030915014,
      "attainment_ratio": 0.8296296296296296,
      "rail_hit_ratio": 0.0,
      "pwm_chatter_ratio": 0.0,
      "tail_mean_abs_error": 15.703703703703704,
      "tail_pwm_jump_abs": 508.22222222222223,
      "terminal_requirements_ok": false,
      "pwm_limit_reasonable": false,
      "pwm_limit_note": "terminal steady-state gate failed (tail error or PWM jump exceeded limits)",
      "weighted_score": Infinity
    }
  },
  "csv_path": "/home/madejuele/projects/2K0300/new/verification/auto-wheel-pid/20260422T124500Z/round-009-left-i/attempt-01/telemetry.csv",
  "host_log_path": "/home/madejuele/projects/2K0300/new/verification/auto-wheel-pid/20260422T124500Z/round-009-left-i/attempt-01/host.log",
  "board_log_path": "/home/madejuele/projects/2K0300/new/verification/auto-wheel-pid/20260422T124500Z/round-009-left-i/attempt-01/board.log",
  "params_path": "/home/madejuele/projects/2K0300/new/verification/auto-wheel-pid/20260422T124500Z/round-009-left-i/attempt-01/params.json",
  "tuning_exit_code": 0,
  "receiver_error": null,
  "ack_complete": true,
  "snapshot_cleared_seen": true,
  "board_markers_ok": true,
  "unexpected_failsafe": false,
  "runtime_error": null,
  "accepted": true,
  "accepted_reason": "left score improved from 14.288987 to 13.124633"
}
