{
  "name": "round-031-left-p",
  "candidate_label": "left-p=112.500000",
  "wheel_scores": {
    "left": {
      "wheel": "left",
      "sample_count": 56,
      "mean_abs_error": 15.642857142857142,
      "p95_abs_error": 30.0,
      "overshoot_peak": 30.0,
      "settle_delay_s": 1.1526666666666667,
      "pwm_settle_delay_s": 1.561904761904762,
      "saturation_ratio": 0.16071428571428573,
      "steady_abs_error_ratio": 0.15396825396825398,
      "p95_error_ratio": 0.27920634920634924,
      "settle_time_ratio": 0.6810764385914686,
      "pwm_settle_time_ratio": 1.0,
      "overshoot_ratio": 0.15714285714285714,
      "oscillation_ratio": 0.10842839141037366,
      "attainment_ratio": 0.9063492063492063,
      "rail_hit_ratio": 0.08928571428571429,
      "pwm_chatter_ratio": 0.12996031746031747,
      "tail_mean_abs_error": 15.531746031746032,
      "tail_pwm_jump_abs": 1860.142857142857,
      "terminal_requirements_ok": false,
      "pwm_limit_reasonable": false,
      "pwm_limit_note": "terminal steady-state gate failed (tail error or PWM jump exceeded limits)",
      "weighted_score": Infinity
    },
    "right": {
      "wheel": "right",
      "sample_count": 56,
      "mean_abs_error": 18.660714285714285,
      "p95_abs_error": 26.0,
      "overshoot_peak": 15.0,
      "settle_delay_s": 1.5526666666666666,
      "pwm_settle_delay_s": 1.2981666666666667,
      "saturation_ratio": 0.0,
      "steady_abs_error_ratio": 0.16455026455026456,
      "p95_error_ratio": 0.24325396825396822,
      "settle_time_ratio": 1.0,
      "pwm_settle_time_ratio": 0.8377142762037909,
      "overshoot_ratio": 0.023809523809523808,
      "oscillation_ratio": 0.03558574274794148,
      "attainment_ratio": 0.8354497354497356,
      "rail_hit_ratio": 0.0,
      "pwm_chatter_ratio": 0.0,
      "tail_mean_abs_error": 17.69047619047619,
      "tail_pwm_jump_abs": 648.6666666666666,
      "terminal_requirements_ok": false,
      "pwm_limit_reasonable": false,
      "pwm_limit_note": "terminal steady-state gate failed (tail error or PWM jump exceeded limits)",
      "weighted_score": Infinity
    }
  },
  "csv_path": "/home/madejuele/projects/2K0300/new/verification/auto-wheel-pid/20260422T143235Z/round-031-left-p/attempt-01/telemetry.csv",
  "host_log_path": "/home/madejuele/projects/2K0300/new/verification/auto-wheel-pid/20260422T143235Z/round-031-left-p/attempt-01/host.log",
  "board_log_path": "/home/madejuele/projects/2K0300/new/verification/auto-wheel-pid/20260422T143235Z/round-031-left-p/attempt-01/board.log",
  "params_path": "/home/madejuele/projects/2K0300/new/verification/auto-wheel-pid/20260422T143235Z/round-031-left-p/attempt-01/params.json",
  "tuning_exit_code": 0,
  "receiver_error": null,
  "ack_complete": true,
  "snapshot_cleared_seen": true,
  "board_markers_ok": true,
  "unexpected_failsafe": false,
  "runtime_error": null,
  "accepted": false,
  "accepted_reason": "left score 183.100415 did not beat 51.744817 by 5%"
}
