{
  "name": "round-004-p-screen",
  "candidate_label": "right-p=85.000000",
  "wheel_scores": {
    "left": {
      "wheel": "left",
      "sample_count": 22,
      "mean_abs_error": 12.318181818181818,
      "p95_abs_error": 17.9,
      "overshoot_peak": 0.0,
      "settle_delay_s": 0.5579999999999999,
      "pwm_settle_delay_s": 0.6274285714285713,
      "saturation_ratio": 0.045454545454545456,
      "steady_abs_error_ratio": 0.10264550264550265,
      "p95_error_ratio": 0.20031746031746026,
      "settle_time_ratio": 0.4147941761173359,
      "pwm_settle_time_ratio": 0.5714285714285714,
      "overshoot_ratio": 0.0,
      "oscillation_ratio": 0.026502062276062395,
      "attainment_ratio": 0.8973544973544972,
      "rail_hit_ratio": 0.045454545454545456,
      "pwm_chatter_ratio": 0.0,
      "tail_mean_abs_error": 10.841269841269842,
      "tail_pwm_jump_abs": 618.1904761904761,
      "terminal_requirements_ok": false,
      "pwm_limit_reasonable": false,
      "pwm_limit_note": "terminal steady-state gate failed (tail error or PWM jump exceeded limits)",
      "weighted_score": Infinity
    },
    "right": {
      "wheel": "right",
      "sample_count": 22,
      "mean_abs_error": 16.40909090909091,
      "p95_abs_error": 25.95,
      "overshoot_peak": 0.0,
      "settle_delay_s": 1.179,
      "pwm_settle_delay_s": 1.038857142857143,
      "saturation_ratio": 0.045454545454545456,
      "steady_abs_error_ratio": 0.14708994708994708,
      "p95_error_ratio": 0.24365079365079362,
      "settle_time_ratio": 1.0,
      "pwm_settle_time_ratio": 0.8786941214125681,
      "overshoot_ratio": 0.0,
      "oscillation_ratio": 0.03994117134567414,
      "attainment_ratio": 0.852910052910053,
      "rail_hit_ratio": 0.045454545454545456,
      "pwm_chatter_ratio": 0.0,
      "tail_mean_abs_error": 15.253968253968255,
      "tail_pwm_jump_abs": 423.4761904761905,
      "terminal_requirements_ok": false,
      "pwm_limit_reasonable": false,
      "pwm_limit_note": "terminal steady-state gate failed (tail error or PWM jump exceeded limits)",
      "weighted_score": Infinity
    }
  },
  "csv_path": "/home/madejuele/projects/2K0300/new/verification/auto-wheel-pid/20260423T033735Z/round-004-p-screen/attempt-01/telemetry.csv",
  "host_log_path": "/home/madejuele/projects/2K0300/new/verification/auto-wheel-pid/20260423T033735Z/round-004-p-screen/attempt-01/host.log",
  "board_log_path": "/home/madejuele/projects/2K0300/new/verification/auto-wheel-pid/20260423T033735Z/round-004-p-screen/attempt-01/board.log",
  "params_path": "/home/madejuele/projects/2K0300/new/verification/auto-wheel-pid/20260423T033735Z/round-004-p-screen/attempt-01/params.json",
  "tuning_exit_code": 0,
  "receiver_error": null,
  "ack_complete": true,
  "snapshot_cleared_seen": true,
  "board_markers_ok": true,
  "unexpected_failsafe": false,
  "runtime_error": null,
  "accepted": false,
  "accepted_reason": "screen right terminal gate failed: terminal gate failed"
}
