{
  "name": "baseline",
  "candidate_label": "current-working-params",
  "wheel_scores": {
    "left": {
      "wheel": "left",
      "sample_count": 51,
      "mean_abs_error": 16.176470588235293,
      "p95_abs_error": 28.0,
      "overshoot_peak": 2.0,
      "settle_delay_s": 1.4936666666666667,
      "pwm_settle_delay_s": 0.9352142857142857,
      "saturation_ratio": 0.0196078431372549,
      "steady_abs_error_ratio": 0.16243386243386243,
      "p95_error_ratio": 0.23166666666666666,
      "settle_time_ratio": 1.0,
      "pwm_settle_time_ratio": 0.6407799047049327,
      "overshoot_ratio": 0.0031746031746031746,
      "oscillation_ratio": 0.045932107615358535,
      "attainment_ratio": 0.8375661375661377,
      "rail_hit_ratio": 0.0196078431372549,
      "pwm_chatter_ratio": 0.0,
      "tail_mean_abs_error": 16.753968253968253,
      "tail_pwm_jump_abs": 706.3333333333334,
      "terminal_requirements_ok": false,
      "pwm_limit_reasonable": false,
      "pwm_limit_note": "terminal steady-state gate failed (tail error or PWM jump exceeded limits)",
      "weighted_score": Infinity
    },
    "right": {
      "wheel": "right",
      "sample_count": 51,
      "mean_abs_error": 14.980392156862745,
      "p95_abs_error": 23.0,
      "overshoot_peak": 19.0,
      "settle_delay_s": 1.4936666666666667,
      "pwm_settle_delay_s": 1.1159999999999999,
      "saturation_ratio": 0.0196078431372549,
      "steady_abs_error_ratio": 0.14973544973544972,
      "p95_error_ratio": 0.20555555555555555,
      "settle_time_ratio": 1.0,
      "pwm_settle_time_ratio": 0.7631952564731732,
      "overshoot_ratio": 0.031746031746031744,
      "oscillation_ratio": 0.038519690797204804,
      "attainment_ratio": 0.8502645502645502,
      "rail_hit_ratio": 0.0196078431372549,
      "pwm_chatter_ratio": 0.0,
      "tail_mean_abs_error": 15.515873015873016,
      "tail_pwm_jump_abs": 675.047619047619,
      "terminal_requirements_ok": false,
      "pwm_limit_reasonable": false,
      "pwm_limit_note": "terminal steady-state gate failed (tail error or PWM jump exceeded limits)",
      "weighted_score": Infinity
    }
  },
  "csv_path": "/home/madejuele/projects/2K0300/new/verification/auto-wheel-pid/20260423T110015Z/baseline/attempt-01/telemetry.csv",
  "host_log_path": "/home/madejuele/projects/2K0300/new/verification/auto-wheel-pid/20260423T110015Z/baseline/attempt-01/host.log",
  "board_log_path": "/home/madejuele/projects/2K0300/new/verification/auto-wheel-pid/20260423T110015Z/baseline/attempt-01/board.log",
  "params_path": "/home/madejuele/projects/2K0300/new/verification/auto-wheel-pid/20260423T110015Z/baseline/attempt-01/params.json",
  "tuning_exit_code": 0,
  "receiver_error": null,
  "ack_complete": true,
  "snapshot_cleared_seen": true,
  "board_markers_ok": true,
  "unexpected_failsafe": false,
  "runtime_error": null,
  "accepted": true,
  "accepted_reason": "baseline"
}
