{
  "name": "right-d0.00",
  "candidate_label": "left-p=139.000000; right-p=85.000000; right-d=0.000000; right-alpha=0.400000",
  "wheel_scores": {
    "left": {
      "wheel": "left",
      "sample_count": 57,
      "mean_abs_error": 12.350877192982455,
      "p95_abs_error": 21.99999999999998,
      "overshoot_peak": 10.0,
      "settle_delay_s": 1.0775000000000001,
      "pwm_settle_delay_s": 1.2987857142857142,
      "saturation_ratio": 0.03508771929824561,
      "steady_abs_error_ratio": 0.1216931216931217,
      "p95_error_ratio": 0.20269841269841268,
      "settle_time_ratio": 0.6383522481157411,
      "pwm_settle_time_ratio": 0.812464046021093,
      "overshoot_ratio": 0.01746031746031746,
      "oscillation_ratio": 0.060190368540975786,
      "attainment_ratio": 0.8835978835978835,
      "rail_hit_ratio": 0.03508771929824561,
      "pwm_chatter_ratio": 0.0,
      "tail_mean_abs_error": 12.619047619047619,
      "tail_pwm_jump_abs": 772.3333333333334,
      "terminal_requirements_ok": false,
      "pwm_limit_reasonable": false,
      "pwm_limit_note": "terminal steady-state gate failed (tail error or PWM jump exceeded limits)",
      "weighted_score": Infinity
    },
    "right": {
      "wheel": "right",
      "sample_count": 57,
      "mean_abs_error": 18.36842105263158,
      "p95_abs_error": 29.0,
      "overshoot_peak": 0.0,
      "settle_delay_s": 1.5688333333333333,
      "pwm_settle_delay_s": 0.8649761904761906,
      "saturation_ratio": 0.03508771929824561,
      "steady_abs_error_ratio": 0.16878306878306878,
      "p95_error_ratio": 0.25380952380952376,
      "settle_time_ratio": 1.0,
      "pwm_settle_time_ratio": 0.556471869209088,
      "overshoot_ratio": 0.0,
      "oscillation_ratio": 0.04103023106769827,
      "attainment_ratio": 0.8312169312169312,
      "rail_hit_ratio": 0.03508771929824561,
      "pwm_chatter_ratio": 0.0,
      "tail_mean_abs_error": 18.11904761904762,
      "tail_pwm_jump_abs": 572.5238095238095,
      "terminal_requirements_ok": false,
      "pwm_limit_reasonable": false,
      "pwm_limit_note": "terminal steady-state gate failed (tail error or PWM jump exceeded limits)",
      "weighted_score": Infinity
    }
  },
  "csv_path": "/home/madejuele/projects/2K0300/new/verification/manual-probes/20260423T043827Z-right-d-window-scan/right-d0.00/attempt-01/telemetry.csv",
  "host_log_path": "/home/madejuele/projects/2K0300/new/verification/manual-probes/20260423T043827Z-right-d-window-scan/right-d0.00/attempt-01/host.log",
  "board_log_path": "/home/madejuele/projects/2K0300/new/verification/manual-probes/20260423T043827Z-right-d-window-scan/right-d0.00/attempt-01/board.log",
  "params_path": "/home/madejuele/projects/2K0300/new/verification/manual-probes/20260423T043827Z-right-d-window-scan/right-d0.00/attempt-01/params.json",
  "tuning_exit_code": 0,
  "receiver_error": null,
  "ack_complete": true,
  "snapshot_cleared_seen": true,
  "board_markers_ok": true,
  "unexpected_failsafe": false,
  "runtime_error": null,
  "accepted": false,
  "accepted_reason": ""
}
