{
  "name": "round-001-d-screen",
  "candidate_label": "left-d=0.125000; right-d=0.125000",
  "wheel_scores": {
    "left": {
      "wheel": "left",
      "sample_count": 29,
      "mean_abs_error": 13.413793103448276,
      "p95_abs_error": 32.199999999999996,
      "overshoot_peak": 24.0,
      "settle_delay_s": 1.3633333333333333,
      "pwm_settle_delay_s": 1.6260476190476192,
      "saturation_ratio": 0.1724137931034483,
      "steady_abs_error_ratio": 0.11957671957671959,
      "p95_error_ratio": 0.2896825396825396,
      "settle_time_ratio": 0.8830213903743315,
      "pwm_settle_time_ratio": 1.0,
      "overshoot_ratio": 0.1492063492063492,
      "oscillation_ratio": 0.1129833330291149,
      "attainment_ratio": 0.9439153439153438,
      "rail_hit_ratio": 0.17883597883597882,
      "pwm_chatter_ratio": 0.373015873015873,
      "tail_mean_abs_error": 12.587301587301587,
      "tail_pwm_jump_abs": 2056.714285714286,
      "terminal_requirements_ok": false,
      "pwm_limit_reasonable": false,
      "pwm_limit_note": "terminal steady-state gate failed (tail error or PWM jump exceeded limits)",
      "weighted_score": Infinity
    },
    "right": {
      "wheel": "right",
      "sample_count": 29,
      "mean_abs_error": 17.379310344827587,
      "p95_abs_error": 31.199999999999996,
      "overshoot_peak": 1.0,
      "settle_delay_s": 1.6083333333333334,
      "pwm_settle_delay_s": 1.6260476190476192,
      "saturation_ratio": 0.0,
      "steady_abs_error_ratio": 0.15449735449735452,
      "p95_error_ratio": 0.2649206349206349,
      "settle_time_ratio": 1.0,
      "pwm_settle_time_ratio": 1.0,
      "overshoot_ratio": 0.0031746031746031746,
      "oscillation_ratio": 0.0624948045383624,
      "attainment_ratio": 0.8455026455026454,
      "rail_hit_ratio": 0.0,
      "pwm_chatter_ratio": 0.0,
      "tail_mean_abs_error": 15.174603174603174,
      "tail_pwm_jump_abs": 1258.6190476190477,
      "terminal_requirements_ok": false,
      "pwm_limit_reasonable": false,
      "pwm_limit_note": "terminal steady-state gate failed (tail error or PWM jump exceeded limits)",
      "weighted_score": Infinity
    }
  },
  "csv_path": "/home/madejuele/projects/2K0300/new/verification/auto-wheel-pid/20260423T012139Z/round-001-d-screen/attempt-01/telemetry.csv",
  "host_log_path": "/home/madejuele/projects/2K0300/new/verification/auto-wheel-pid/20260423T012139Z/round-001-d-screen/attempt-01/host.log",
  "board_log_path": "/home/madejuele/projects/2K0300/new/verification/auto-wheel-pid/20260423T012139Z/round-001-d-screen/attempt-01/board.log",
  "params_path": "/home/madejuele/projects/2K0300/new/verification/auto-wheel-pid/20260423T012139Z/round-001-d-screen/attempt-01/params.json",
  "tuning_exit_code": 0,
  "receiver_error": null,
  "ack_complete": true,
  "snapshot_cleared_seen": true,
  "board_markers_ok": true,
  "unexpected_failsafe": false,
  "runtime_error": null,
  "accepted": false,
  "accepted_reason": "screen left terminal gate failed: tail PWM jump 2056.714 > 800.000; screen right terminal gate failed: tail PWM jump 1258.619 > 800.000"
}
