{
  "name": "round-010-left-i",
  "candidate_label": "left-i=0.500000",
  "wheel_scores": {
    "left": {
      "wheel": "left",
      "sample_count": 62,
      "mean_abs_error": 12.209677419354838,
      "p95_abs_error": 24.0,
      "overshoot_peak": 24.0,
      "settle_delay_s": 1.3085,
      "pwm_settle_delay_s": 1.8037222222222222,
      "saturation_ratio": 0.016129032258064516,
      "steady_abs_error_ratio": 0.12777777777777777,
      "p95_error_ratio": 0.24462962962962956,
      "settle_time_ratio": 0.6586622285623712,
      "pwm_settle_time_ratio": 0.9539377598022695,
      "overshoot_ratio": 0.14074074074074075,
      "oscillation_ratio": 0.08979029706578205,
      "attainment_ratio": 0.9722222222222222,
      "rail_hit_ratio": 0.0,
      "pwm_chatter_ratio": 0.024691358024691357,
      "tail_mean_abs_error": 11.685185185185185,
      "tail_pwm_jump_abs": 775.0,
      "terminal_requirements_ok": false,
      "pwm_limit_reasonable": false,
      "pwm_limit_note": "terminal steady-state gate failed (tail error or PWM jump exceeded limits)",
      "weighted_score": Infinity
    },
    "right": {
      "wheel": "right",
      "sample_count": 62,
      "mean_abs_error": 15.064516129032258,
      "p95_abs_error": 23.0,
      "overshoot_peak": 0.0,
      "settle_delay_s": 1.5381666666666667,
      "pwm_settle_delay_s": 1.6903888888888887,
      "saturation_ratio": 0.0,
      "steady_abs_error_ratio": 0.16666666666666666,
      "p95_error_ratio": 0.2464814814814814,
      "settle_time_ratio": 0.8333333333333334,
      "pwm_settle_time_ratio": 0.8888888888888888,
      "overshoot_ratio": 0.0,
      "oscillation_ratio": 0.04439230280296129,
      "attainment_ratio": 0.8333333333333334,
      "rail_hit_ratio": 0.0,
      "pwm_chatter_ratio": 0.0,
      "tail_mean_abs_error": 14.962962962962964,
      "tail_pwm_jump_abs": 523.7222222222222,
      "terminal_requirements_ok": false,
      "pwm_limit_reasonable": false,
      "pwm_limit_note": "terminal steady-state gate failed (tail error or PWM jump exceeded limits)",
      "weighted_score": Infinity
    }
  },
  "csv_path": "/home/madejuele/projects/2K0300/new/verification/auto-wheel-pid/20260422T124500Z/round-010-left-i/attempt-01/telemetry.csv",
  "host_log_path": "/home/madejuele/projects/2K0300/new/verification/auto-wheel-pid/20260422T124500Z/round-010-left-i/attempt-01/host.log",
  "board_log_path": "/home/madejuele/projects/2K0300/new/verification/auto-wheel-pid/20260422T124500Z/round-010-left-i/attempt-01/board.log",
  "params_path": "/home/madejuele/projects/2K0300/new/verification/auto-wheel-pid/20260422T124500Z/round-010-left-i/attempt-01/params.json",
  "tuning_exit_code": 0,
  "receiver_error": null,
  "ack_complete": true,
  "snapshot_cleared_seen": true,
  "board_markers_ok": true,
  "unexpected_failsafe": false,
  "runtime_error": null,
  "accepted": false,
  "accepted_reason": "left score 13.566539 did not beat 13.124633 by 5%"
}
