{
  "name": "baseline-screen",
  "candidate_label": "current-working-params-screen",
  "wheel_scores": {
    "left": {
      "wheel": "left",
      "sample_count": 28,
      "mean_abs_error": 12.75,
      "p95_abs_error": 27.89999999999999,
      "overshoot_peak": 38.0,
      "settle_delay_s": 0.561,
      "pwm_settle_delay_s": 1.5637142857142856,
      "saturation_ratio": 0.17857142857142858,
      "steady_abs_error_ratio": 0.12275132275132276,
      "p95_error_ratio": 0.2425396825396825,
      "settle_time_ratio": 0.2872077660979953,
      "pwm_settle_time_ratio": 1.0,
      "overshoot_ratio": 0.19365079365079366,
      "oscillation_ratio": 0.10671332679308104,
      "attainment_ratio": 0.9703703703703704,
      "rail_hit_ratio": 0.07142857142857142,
      "pwm_chatter_ratio": 0.10119047619047619,
      "tail_mean_abs_error": 12.793650793650794,
      "tail_pwm_jump_abs": 1687.1904761904761,
      "terminal_requirements_ok": false,
      "pwm_limit_reasonable": false,
      "pwm_limit_note": "terminal steady-state gate failed (tail error or PWM jump exceeded limits)",
      "weighted_score": Infinity
    },
    "right": {
      "wheel": "right",
      "sample_count": 28,
      "mean_abs_error": 5.928571428571429,
      "p95_abs_error": 13.949999999999996,
      "overshoot_peak": 8.0,
      "settle_delay_s": 0.37233333333333335,
      "pwm_settle_delay_s": 1.5637142857142856,
      "saturation_ratio": 0.0,
      "steady_abs_error_ratio": 0.04126984126984127,
      "p95_error_ratio": 0.11206349206349203,
      "settle_time_ratio": 0.17813287404714062,
      "pwm_settle_time_ratio": 1.0,
      "overshoot_ratio": 0.044444444444444446,
      "oscillation_ratio": 0.03546524978177298,
      "attainment_ratio": 0.9693121693121695,
      "rail_hit_ratio": 0.0,
      "pwm_chatter_ratio": 0.0,
      "tail_mean_abs_error": 4.428571428571429,
      "tail_pwm_jump_abs": 692.4761904761905,
      "terminal_requirements_ok": false,
      "pwm_limit_reasonable": false,
      "pwm_limit_note": "terminal steady-state gate failed (tail error or PWM jump exceeded limits)",
      "weighted_score": Infinity
    }
  },
  "csv_path": "/home/madejuele/projects/2K0300/new/verification/auto-wheel-pid/20260423T022515Z/baseline-screen/attempt-01/telemetry.csv",
  "host_log_path": "/home/madejuele/projects/2K0300/new/verification/auto-wheel-pid/20260423T022515Z/baseline-screen/attempt-01/host.log",
  "board_log_path": "/home/madejuele/projects/2K0300/new/verification/auto-wheel-pid/20260423T022515Z/baseline-screen/attempt-01/board.log",
  "params_path": "/home/madejuele/projects/2K0300/new/verification/auto-wheel-pid/20260423T022515Z/baseline-screen/attempt-01/params.json",
  "tuning_exit_code": 0,
  "receiver_error": null,
  "ack_complete": true,
  "snapshot_cleared_seen": true,
  "board_markers_ok": true,
  "unexpected_failsafe": false,
  "runtime_error": null,
  "accepted": true,
  "accepted_reason": "baseline-screen"
}
