{
  "name": "round-018-right-i",
  "candidate_label": "right-i=2.000000",
  "wheel_scores": {
    "left": {
      "wheel": "left",
      "sample_count": 56,
      "mean_abs_error": 16.517857142857142,
      "p95_abs_error": 24.0,
      "overshoot_peak": 19.0,
      "settle_delay_s": 1.4585000000000001,
      "pwm_settle_delay_s": 1.4042857142857144,
      "saturation_ratio": 0.017857142857142856,
      "steady_abs_error_ratio": 0.15343915343915346,
      "p95_error_ratio": 0.21904761904761905,
      "settle_time_ratio": 0.9292985457656117,
      "pwm_settle_time_ratio": 0.8986301593126043,
      "overshoot_ratio": 0.03492063492063492,
      "oscillation_ratio": 0.029535502279051502,
      "attainment_ratio": 0.8465608465608466,
      "rail_hit_ratio": 0.02142857142857143,
      "pwm_chatter_ratio": 0.023809523809523808,
      "tail_mean_abs_error": 16.063492063492063,
      "tail_pwm_jump_abs": 542.2857142857143,
      "terminal_requirements_ok": false,
      "pwm_limit_reasonable": false,
      "pwm_limit_note": "terminal steady-state gate failed (tail error or PWM jump exceeded limits)",
      "weighted_score": Infinity
    },
    "right": {
      "wheel": "right",
      "sample_count": 56,
      "mean_abs_error": 17.196428571428573,
      "p95_abs_error": 26.25,
      "overshoot_peak": 17.0,
      "settle_delay_s": 1.5503333333333333,
      "pwm_settle_delay_s": 1.5677142857142856,
      "saturation_ratio": 0.0,
      "steady_abs_error_ratio": 0.17354497354497353,
      "p95_error_ratio": 0.2365079365079365,
      "settle_time_ratio": 1.0,
      "pwm_settle_time_ratio": 1.0,
      "overshoot_ratio": 0.046031746031746035,
      "oscillation_ratio": 0.03909449766036932,
      "attainment_ratio": 0.8264550264550264,
      "rail_hit_ratio": 0.0,
      "pwm_chatter_ratio": 0.0,
      "tail_mean_abs_error": 18.26984126984127,
      "tail_pwm_jump_abs": 612.8571428571429,
      "terminal_requirements_ok": false,
      "pwm_limit_reasonable": false,
      "pwm_limit_note": "terminal steady-state gate failed (tail error or PWM jump exceeded limits)",
      "weighted_score": Infinity
    }
  },
  "csv_path": "/home/madejuele/projects/2K0300/new/verification/auto-wheel-pid/20260422T143235Z/round-018-right-i/attempt-01/telemetry.csv",
  "host_log_path": "/home/madejuele/projects/2K0300/new/verification/auto-wheel-pid/20260422T143235Z/round-018-right-i/attempt-01/host.log",
  "board_log_path": "/home/madejuele/projects/2K0300/new/verification/auto-wheel-pid/20260422T143235Z/round-018-right-i/attempt-01/board.log",
  "params_path": "/home/madejuele/projects/2K0300/new/verification/auto-wheel-pid/20260422T143235Z/round-018-right-i/attempt-01/params.json",
  "tuning_exit_code": 0,
  "receiver_error": null,
  "ack_complete": true,
  "snapshot_cleared_seen": true,
  "board_markers_ok": true,
  "unexpected_failsafe": false,
  "runtime_error": null,
  "accepted": false,
  "accepted_reason": "right score improved to 63.953587, but right-i=2.000000 was not the best candidate in the dimension batch"
}
