{
  "name": "baseline",
  "candidate_label": "current-working-params",
  "wheel_scores": {
    "left": {
      "wheel": "left",
      "sample_count": 53,
      "mean_abs_error": 13.88679245283019,
      "p95_abs_error": 21.4,
      "overshoot_peak": 24.0,
      "settle_delay_s": 1.4465,
      "pwm_settle_delay_s": 1.0215476190476191,
      "saturation_ratio": 0.018867924528301886,
      "steady_abs_error_ratio": 0.12698412698412698,
      "p95_error_ratio": 0.18857142857142856,
      "settle_time_ratio": 0.8675206252713852,
      "pwm_settle_time_ratio": 0.631108314341493,
      "overshoot_ratio": 0.05396825396825397,
      "oscillation_ratio": 0.027713342712506986,
      "attainment_ratio": 0.873015873015873,
      "rail_hit_ratio": 0.018867924528301886,
      "pwm_chatter_ratio": 0.0,
      "tail_mean_abs_error": 13.587301587301587,
      "tail_pwm_jump_abs": 268.95238095238096,
      "terminal_requirements_ok": true,
      "pwm_limit_reasonable": true,
      "pwm_limit_note": "within current wheel-PID test envelope",
      "weighted_score": 1.2493278396927747
    },
    "right": {
      "wheel": "right",
      "sample_count": 53,
      "mean_abs_error": 17.358490566037737,
      "p95_abs_error": 29.0,
      "overshoot_peak": 9.0,
      "settle_delay_s": 1.616,
      "pwm_settle_delay_s": 1.5620714285714286,
      "saturation_ratio": 0.0,
      "steady_abs_error_ratio": 0.1703703703703704,
      "p95_error_ratio": 0.24674603174603174,
      "settle_time_ratio": 1.0,
      "pwm_settle_time_ratio": 0.958947583947584,
      "overshoot_ratio": 0.015873015873015872,
      "oscillation_ratio": 0.027245670313315127,
      "attainment_ratio": 0.8296296296296296,
      "rail_hit_ratio": 0.0,
      "pwm_chatter_ratio": 0.020833333333333332,
      "tail_mean_abs_error": 18.285714285714285,
      "tail_pwm_jump_abs": 408.92857142857144,
      "terminal_requirements_ok": true,
      "pwm_limit_reasonable": true,
      "pwm_limit_note": "within current wheel-PID test envelope",
      "weighted_score": 2.4561718188285835
    }
  },
  "csv_path": "/home/madejuele/projects/2K0300/new/verification/auto-wheel-pid/20260423T103331Z/baseline/attempt-01/telemetry.csv",
  "host_log_path": "/home/madejuele/projects/2K0300/new/verification/auto-wheel-pid/20260423T103331Z/baseline/attempt-01/host.log",
  "board_log_path": "/home/madejuele/projects/2K0300/new/verification/auto-wheel-pid/20260423T103331Z/baseline/attempt-01/board.log",
  "params_path": "/home/madejuele/projects/2K0300/new/verification/auto-wheel-pid/20260423T103331Z/baseline/attempt-01/params.json",
  "tuning_exit_code": 0,
  "receiver_error": null,
  "ack_complete": true,
  "snapshot_cleared_seen": true,
  "board_markers_ok": true,
  "unexpected_failsafe": false,
  "runtime_error": null,
  "accepted": true,
  "accepted_reason": "baseline"
}
