{
  "name": "baseline-screen",
  "candidate_label": "current-working-params-screen",
  "wheel_scores": {
    "left": {
      "wheel": "left",
      "sample_count": 21,
      "mean_abs_error": 17.095238095238095,
      "p95_abs_error": 26.0,
      "overshoot_peak": 0.0,
      "settle_delay_s": 0.8716666666666667,
      "pwm_settle_delay_s": 1.0886190476190476,
      "saturation_ratio": 0.047619047619047616,
      "steady_abs_error_ratio": 0.1470899470899471,
      "p95_error_ratio": 0.29111111111111104,
      "settle_time_ratio": 0.6384615384615384,
      "pwm_settle_time_ratio": 0.9134023015227245,
      "overshoot_ratio": 0.0,
      "oscillation_ratio": 0.03051831768738612,
      "attainment_ratio": 0.8529100529100528,
      "rail_hit_ratio": 0.047619047619047616,
      "pwm_chatter_ratio": 0.0,
      "tail_mean_abs_error": 16.142857142857142,
      "tail_pwm_jump_abs": 643.1904761904761,
      "terminal_requirements_ok": false,
      "pwm_limit_reasonable": false,
      "pwm_limit_note": "terminal steady-state gate failed (tail error or PWM jump exceeded limits)",
      "weighted_score": Infinity
    },
    "right": {
      "wheel": "right",
      "sample_count": 21,
      "mean_abs_error": 16.80952380952381,
      "p95_abs_error": 27.0,
      "overshoot_peak": 3.0,
      "settle_delay_s": 1.2006666666666668,
      "pwm_settle_delay_s": 1.1950476190476191,
      "saturation_ratio": 0.047619047619047616,
      "steady_abs_error_ratio": 0.13544973544973546,
      "p95_error_ratio": 0.2428571428571428,
      "settle_time_ratio": 1.0,
      "pwm_settle_time_ratio": 1.0,
      "overshoot_ratio": 0.009523809523809525,
      "oscillation_ratio": 0.0378501666234396,
      "attainment_ratio": 0.8645502645502646,
      "rail_hit_ratio": 0.047619047619047616,
      "pwm_chatter_ratio": 0.0,
      "tail_mean_abs_error": 14.444444444444445,
      "tail_pwm_jump_abs": 813.0,
      "terminal_requirements_ok": false,
      "pwm_limit_reasonable": false,
      "pwm_limit_note": "terminal steady-state gate failed (tail error or PWM jump exceeded limits)",
      "weighted_score": Infinity
    }
  },
  "csv_path": "/home/madejuele/projects/2K0300/new/verification/auto-wheel-pid/20260423T103238Z/baseline-screen/attempt-01/telemetry.csv",
  "host_log_path": "/home/madejuele/projects/2K0300/new/verification/auto-wheel-pid/20260423T103238Z/baseline-screen/attempt-01/host.log",
  "board_log_path": "/home/madejuele/projects/2K0300/new/verification/auto-wheel-pid/20260423T103238Z/baseline-screen/attempt-01/board.log",
  "params_path": "/home/madejuele/projects/2K0300/new/verification/auto-wheel-pid/20260423T103238Z/baseline-screen/attempt-01/params.json",
  "tuning_exit_code": 0,
  "receiver_error": null,
  "ack_complete": true,
  "snapshot_cleared_seen": true,
  "board_markers_ok": true,
  "unexpected_failsafe": false,
  "runtime_error": null,
  "accepted": true,
  "accepted_reason": "baseline-screen"
}
