{
  "name": "round-009-left-i",
  "candidate_label": "left-i=0.000000",
  "wheel_scores": {
    "left": {
      "wheel": "left",
      "sample_count": 61,
      "mean_abs_error": 11.081967213114755,
      "p95_abs_error": 24.0,
      "overshoot_peak": 29.0,
      "settle_delay_s": 0.9045,
      "pwm_settle_delay_s": 1.857888888888889,
      "saturation_ratio": 0.06557377049180328,
      "steady_abs_error_ratio": 0.13148148148148148,
      "p95_error_ratio": 0.25888888888888884,
      "settle_time_ratio": 0.4545560801332807,
      "pwm_settle_time_ratio": 1.0,
      "overshoot_ratio": 0.24814814814814815,
      "oscillation_ratio": 0.11030517657438345,
      "attainment_ratio": 0.9635802469135804,
      "rail_hit_ratio": 0.05353535353535354,
      "pwm_chatter_ratio": 0.09259259259259259,
      "tail_mean_abs_error": 11.296296296296296,
      "tail_pwm_jump_abs": 1542.5,
      "terminal_requirements_ok": false,
      "pwm_limit_reasonable": false,
      "pwm_limit_note": "terminal steady-state gate failed (tail error or PWM jump exceeded limits)",
      "weighted_score": Infinity
    },
    "right": {
      "wheel": "right",
      "sample_count": 61,
      "mean_abs_error": 17.049180327868854,
      "p95_abs_error": 39.0,
      "overshoot_peak": 62.0,
      "settle_delay_s": 1.8458333333333332,
      "pwm_settle_delay_s": 1.857888888888889,
      "saturation_ratio": 0.09836065573770492,
      "steady_abs_error_ratio": 0.17407407407407408,
      "p95_error_ratio": 0.4069444444444443,
      "settle_time_ratio": 1.0,
      "pwm_settle_time_ratio": 1.0,
      "overshoot_ratio": 0.362962962962963,
      "oscillation_ratio": 0.17219074050111605,
      "attainment_ratio": 0.9604938271604938,
      "rail_hit_ratio": 0.11262626262626263,
      "pwm_chatter_ratio": 0.14320987654320988,
      "tail_mean_abs_error": 15.185185185185185,
      "tail_pwm_jump_abs": 1732.5,
      "terminal_requirements_ok": false,
      "pwm_limit_reasonable": false,
      "pwm_limit_note": "terminal steady-state gate failed (tail error or PWM jump exceeded limits)",
      "weighted_score": Infinity
    }
  },
  "csv_path": "/home/madejuele/projects/2K0300/new/verification/auto-wheel-pid/20260422T132845Z/round-009-left-i/attempt-01/telemetry.csv",
  "host_log_path": "/home/madejuele/projects/2K0300/new/verification/auto-wheel-pid/20260422T132845Z/round-009-left-i/attempt-01/host.log",
  "board_log_path": "/home/madejuele/projects/2K0300/new/verification/auto-wheel-pid/20260422T132845Z/round-009-left-i/attempt-01/board.log",
  "params_path": "/home/madejuele/projects/2K0300/new/verification/auto-wheel-pid/20260422T132845Z/round-009-left-i/attempt-01/params.json",
  "tuning_exit_code": 0,
  "receiver_error": null,
  "ack_complete": true,
  "snapshot_cleared_seen": true,
  "board_markers_ok": true,
  "unexpected_failsafe": false,
  "runtime_error": null,
  "accepted": true,
  "accepted_reason": "left score improved from 0.440700 to 0.227230"
}
