{
  "name": "baseline",
  "candidate_label": "current-working-params",
  "wheel_scores": {
    "left": {
      "wheel": "left",
      "sample_count": 52,
      "mean_abs_error": 17.673076923076923,
      "p95_abs_error": 24.89999999999999,
      "overshoot_peak": 47.0,
      "settle_delay_s": 1.3765,
      "pwm_settle_delay_s": 0.9613571428571428,
      "saturation_ratio": 0.038461538461538464,
      "steady_abs_error_ratio": 0.15026455026455024,
      "p95_error_ratio": 0.2878571428571428,
      "settle_time_ratio": 0.8174044265593562,
      "pwm_settle_time_ratio": 0.6106325332551785,
      "overshoot_ratio": 0.0746031746031746,
      "oscillation_ratio": 0.03428930866239343,
      "attainment_ratio": 0.8497354497354498,
      "rail_hit_ratio": 0.038461538461538464,
      "pwm_chatter_ratio": 0.0,
      "tail_mean_abs_error": 16.063492063492063,
      "tail_pwm_jump_abs": 656.8809523809524,
      "terminal_requirements_ok": false,
      "pwm_limit_reasonable": false,
      "pwm_limit_note": "terminal steady-state gate failed (tail error or PWM jump exceeded limits)",
      "weighted_score": Infinity
    },
    "right": {
      "wheel": "right",
      "sample_count": 52,
      "mean_abs_error": 14.807692307692308,
      "p95_abs_error": 25.0,
      "overshoot_peak": 40.0,
      "settle_delay_s": 1.3806666666666667,
      "pwm_settle_delay_s": 1.175047619047619,
      "saturation_ratio": 0.038461538461538464,
      "steady_abs_error_ratio": 0.13544973544973543,
      "p95_error_ratio": 0.23492063492063486,
      "settle_time_ratio": 0.8325317669564183,
      "pwm_settle_time_ratio": 0.7449027498323273,
      "overshoot_ratio": 0.06349206349206349,
      "oscillation_ratio": 0.029283115093085562,
      "attainment_ratio": 0.8645502645502645,
      "rail_hit_ratio": 0.038461538461538464,
      "pwm_chatter_ratio": 0.0,
      "tail_mean_abs_error": 14.222222222222221,
      "tail_pwm_jump_abs": 433.2857142857143,
      "terminal_requirements_ok": true,
      "pwm_limit_reasonable": true,
      "pwm_limit_note": "within current wheel-PID test envelope",
      "weighted_score": 1.5028767337981963
    }
  },
  "csv_path": "/home/madejuele/projects/2K0300/new/verification/auto-wheel-pid/20260423T115100Z/baseline/attempt-01/telemetry.csv",
  "host_log_path": "/home/madejuele/projects/2K0300/new/verification/auto-wheel-pid/20260423T115100Z/baseline/attempt-01/host.log",
  "board_log_path": "/home/madejuele/projects/2K0300/new/verification/auto-wheel-pid/20260423T115100Z/baseline/attempt-01/board.log",
  "params_path": "/home/madejuele/projects/2K0300/new/verification/auto-wheel-pid/20260423T115100Z/baseline/attempt-01/params.json",
  "tuning_exit_code": 0,
  "receiver_error": null,
  "ack_complete": true,
  "snapshot_cleared_seen": true,
  "board_markers_ok": true,
  "unexpected_failsafe": false,
  "runtime_error": null,
  "accepted": true,
  "accepted_reason": "baseline"
}
