{
  "name": "round-033-right-p",
  "candidate_label": "right-p=35.156250",
  "wheel_scores": {
    "left": {
      "wheel": "left",
      "sample_count": 57,
      "mean_abs_error": 15.263157894736842,
      "p95_abs_error": 25.0,
      "overshoot_peak": 24.0,
      "settle_delay_s": 1.5828333333333333,
      "pwm_settle_delay_s": 1.4063333333333334,
      "saturation_ratio": 0.017543859649122806,
      "steady_abs_error_ratio": 0.1513227513227513,
      "p95_error_ratio": 0.22952380952380952,
      "settle_time_ratio": 1.0,
      "pwm_settle_time_ratio": 0.8930577044295456,
      "overshoot_ratio": 0.03968253968253968,
      "oscillation_ratio": 0.04598329062240933,
      "attainment_ratio": 0.8497354497354498,
      "rail_hit_ratio": 0.018518518518518517,
      "pwm_chatter_ratio": 0.0,
      "tail_mean_abs_error": 16.650793650793652,
      "tail_pwm_jump_abs": 945.2857142857143,
      "terminal_requirements_ok": false,
      "pwm_limit_reasonable": false,
      "pwm_limit_note": "terminal steady-state gate failed (tail error or PWM jump exceeded limits)",
      "weighted_score": Infinity
    },
    "right": {
      "wheel": "right",
      "sample_count": 57,
      "mean_abs_error": 36.29824561403509,
      "p95_abs_error": 45.0,
      "overshoot_peak": 0.0,
      "settle_delay_s": 1.5828333333333333,
      "pwm_settle_delay_s": 1.5037142857142858,
      "saturation_ratio": 0.0,
      "steady_abs_error_ratio": 0.34867724867724864,
      "p95_error_ratio": 0.4268253968253968,
      "settle_time_ratio": 1.0,
      "pwm_settle_time_ratio": 0.9519682349927419,
      "overshoot_ratio": 0.0,
      "oscillation_ratio": 0.04707586569909818,
      "attainment_ratio": 0.6513227513227513,
      "rail_hit_ratio": 0.0,
      "pwm_chatter_ratio": 0.0,
      "tail_mean_abs_error": 37.13492063492063,
      "tail_pwm_jump_abs": 333.6190476190476,
      "terminal_requirements_ok": false,
      "pwm_limit_reasonable": false,
      "pwm_limit_note": "terminal steady-state gate failed (tail error or PWM jump exceeded limits)",
      "weighted_score": Infinity
    }
  },
  "csv_path": "/home/madejuele/projects/2K0300/new/verification/auto-wheel-pid/20260422T143235Z/round-033-right-p/attempt-01/telemetry.csv",
  "host_log_path": "/home/madejuele/projects/2K0300/new/verification/auto-wheel-pid/20260422T143235Z/round-033-right-p/attempt-01/host.log",
  "board_log_path": "/home/madejuele/projects/2K0300/new/verification/auto-wheel-pid/20260422T143235Z/round-033-right-p/attempt-01/board.log",
  "params_path": "/home/madejuele/projects/2K0300/new/verification/auto-wheel-pid/20260422T143235Z/round-033-right-p/attempt-01/params.json",
  "tuning_exit_code": 0,
  "receiver_error": null,
  "ack_complete": true,
  "snapshot_cleared_seen": true,
  "board_markers_ok": true,
  "unexpected_failsafe": false,
  "runtime_error": null,
  "accepted": false,
  "accepted_reason": "right score 83.528761 did not beat 43.720994 by 5%"
}
