{
  "name": "baseline",
  "candidate_label": "current-working-params",
  "wheel_scores": {
    "left": {
      "wheel": "left",
      "sample_count": 57,
      "mean_abs_error": 11.701754385964913,
      "p95_abs_error": 21.199999999999996,
      "overshoot_peak": 17.0,
      "settle_delay_s": 1.2938333333333334,
      "pwm_settle_delay_s": 1.3415238095238096,
      "saturation_ratio": 0.017543859649122806,
      "steady_abs_error_ratio": 0.09312169312169312,
      "p95_error_ratio": 0.18849206349206343,
      "settle_time_ratio": 0.7869463035094441,
      "pwm_settle_time_ratio": 0.8686550558232313,
      "overshoot_ratio": 0.03492063492063492,
      "oscillation_ratio": 0.03377233227198706,
      "attainment_ratio": 0.9121693121693121,
      "rail_hit_ratio": 0.0,
      "pwm_chatter_ratio": 0.0,
      "tail_mean_abs_error": 9.73015873015873,
      "tail_pwm_jump_abs": 460.4761904761905,
      "terminal_requirements_ok": false,
      "pwm_limit_reasonable": false,
      "pwm_limit_note": "terminal steady-state gate failed (tail error or PWM jump exceeded limits)",
      "weighted_score": Infinity
    },
    "right": {
      "wheel": "right",
      "sample_count": 57,
      "mean_abs_error": 17.29824561403509,
      "p95_abs_error": 29.199999999999996,
      "overshoot_peak": 6.0,
      "settle_delay_s": 1.5605,
      "pwm_settle_delay_s": 1.360857142857143,
      "saturation_ratio": 0.03508771929824561,
      "steady_abs_error_ratio": 0.14338624338624337,
      "p95_error_ratio": 0.2626984126984127,
      "settle_time_ratio": 1.0,
      "pwm_settle_time_ratio": 0.8806136411869789,
      "overshoot_ratio": 0.009523809523809525,
      "oscillation_ratio": 0.044339605229364774,
      "attainment_ratio": 0.8629629629629629,
      "rail_hit_ratio": 0.03508771929824561,
      "pwm_chatter_ratio": 0.0,
      "tail_mean_abs_error": 14.817460317460318,
      "tail_pwm_jump_abs": 707.2857142857143,
      "terminal_requirements_ok": false,
      "pwm_limit_reasonable": false,
      "pwm_limit_note": "terminal steady-state gate failed (tail error or PWM jump exceeded limits)",
      "weighted_score": Infinity
    }
  },
  "csv_path": "/home/madejuele/projects/2K0300/new/verification/auto-wheel-pid/20260423T035347Z/baseline/attempt-01/telemetry.csv",
  "host_log_path": "/home/madejuele/projects/2K0300/new/verification/auto-wheel-pid/20260423T035347Z/baseline/attempt-01/host.log",
  "board_log_path": "/home/madejuele/projects/2K0300/new/verification/auto-wheel-pid/20260423T035347Z/baseline/attempt-01/board.log",
  "params_path": "/home/madejuele/projects/2K0300/new/verification/auto-wheel-pid/20260423T035347Z/baseline/attempt-01/params.json",
  "tuning_exit_code": 0,
  "receiver_error": null,
  "ack_complete": true,
  "snapshot_cleared_seen": true,
  "board_markers_ok": true,
  "unexpected_failsafe": false,
  "runtime_error": null,
  "accepted": true,
  "accepted_reason": "baseline"
}
