{
  "name": "round-017-p-screen",
  "candidate_label": "left-p=148.000000; right-p=88.000000",
  "wheel_scores": {
    "left": {
      "wheel": "left",
      "sample_count": 15,
      "mean_abs_error": 16.066666666666666,
      "p95_abs_error": 29.6,
      "overshoot_peak": 31.0,
      "settle_delay_s": 1.1085,
      "pwm_settle_delay_s": 0.7991666666666666,
      "saturation_ratio": 0.13333333333333333,
      "steady_abs_error_ratio": 0.21481481481481485,
      "p95_error_ratio": 0.29888888888888887,
      "settle_time_ratio": 1.0,
      "pwm_settle_time_ratio": 0.7183151845130067,
      "overshoot_ratio": 0.3055555555555556,
      "oscillation_ratio": 0.1693468748107031,
      "attainment_ratio": 1.1074074074074074,
      "rail_hit_ratio": 0.14285714285714285,
      "pwm_chatter_ratio": 0.2638888888888889,
      "tail_mean_abs_error": 19.61111111111111,
      "tail_pwm_jump_abs": 1750.0,
      "terminal_requirements_ok": false,
      "pwm_limit_reasonable": false,
      "pwm_limit_note": "terminal steady-state gate failed (tail error or PWM jump exceeded limits)",
      "weighted_score": Infinity
    },
    "right": {
      "wheel": "right",
      "sample_count": 15,
      "mean_abs_error": 14.733333333333333,
      "p95_abs_error": 26.299999999999986,
      "overshoot_peak": 16.0,
      "settle_delay_s": 1.1085,
      "pwm_settle_delay_s": 1.1095833333333334,
      "saturation_ratio": 0.06666666666666667,
      "steady_abs_error_ratio": 0.2037037037037037,
      "p95_error_ratio": 0.2933333333333333,
      "settle_time_ratio": 1.0,
      "pwm_settle_time_ratio": 1.0,
      "overshoot_ratio": 0.08888888888888889,
      "oscillation_ratio": 0.15380565169411498,
      "attainment_ratio": 0.8555555555555555,
      "rail_hit_ratio": 0.08333333333333333,
      "pwm_chatter_ratio": 0.0,
      "tail_mean_abs_error": 18.5,
      "tail_pwm_jump_abs": 1349.3333333333333,
      "terminal_requirements_ok": false,
      "pwm_limit_reasonable": false,
      "pwm_limit_note": "terminal steady-state gate failed (tail error or PWM jump exceeded limits)",
      "weighted_score": Infinity
    }
  },
  "csv_path": "/home/madejuele/projects/2K0300/new/verification/auto-wheel-pid/20260423T004635Z/round-017-p-screen/attempt-01/telemetry.csv",
  "host_log_path": "/home/madejuele/projects/2K0300/new/verification/auto-wheel-pid/20260423T004635Z/round-017-p-screen/attempt-01/host.log",
  "board_log_path": "/home/madejuele/projects/2K0300/new/verification/auto-wheel-pid/20260423T004635Z/round-017-p-screen/attempt-01/board.log",
  "params_path": "/home/madejuele/projects/2K0300/new/verification/auto-wheel-pid/20260423T004635Z/round-017-p-screen/attempt-01/params.json",
  "tuning_exit_code": 0,
  "receiver_error": null,
  "ack_complete": true,
  "snapshot_cleared_seen": true,
  "board_markers_ok": true,
  "unexpected_failsafe": false,
  "runtime_error": null,
  "accepted": false,
  "accepted_reason": "screen left terminal gate failed: tail PWM jump 1750.000 > 800.000; screen right terminal gate failed: tail PWM jump 1349.333 > 800.000"
}
