{
  "name": "round-004-i-screen",
  "candidate_label": "left-i=0.400000; right-i=0.400000",
  "wheel_scores": {
    "left": {
      "wheel": "left",
      "sample_count": 20,
      "mean_abs_error": 9.5,
      "p95_abs_error": 17.200000000000003,
      "overshoot_peak": 5.0,
      "settle_delay_s": 0.7523333333333333,
      "pwm_settle_delay_s": 0.7472857142857142,
      "saturation_ratio": 0.05,
      "steady_abs_error_ratio": 0.08148148148148147,
      "p95_error_ratio": 0.15587301587301586,
      "settle_time_ratio": 0.5714285714285714,
      "pwm_settle_time_ratio": 0.6463245492371706,
      "overshoot_ratio": 0.015873015873015872,
      "oscillation_ratio": 0.042628352410388794,
      "attainment_ratio": 0.9185185185185185,
      "rail_hit_ratio": 0.0,
      "pwm_chatter_ratio": 0.0,
      "tail_mean_abs_error": 8.777777777777779,
      "tail_pwm_jump_abs": 894.3333333333334,
      "terminal_requirements_ok": false,
      "pwm_limit_reasonable": false,
      "pwm_limit_note": "terminal steady-state gate failed (tail error or PWM jump exceeded limits)",
      "weighted_score": Infinity
    },
    "right": {
      "wheel": "right",
      "sample_count": 20,
      "mean_abs_error": 8.6,
      "p95_abs_error": 14.400000000000006,
      "overshoot_peak": 1.0,
      "settle_delay_s": 0.6166666666666666,
      "pwm_settle_delay_s": 1.1844285714285714,
      "saturation_ratio": 0.0,
      "steady_abs_error_ratio": 0.06984126984126984,
      "p95_error_ratio": 0.12714285714285714,
      "settle_time_ratio": 0.5241562644475266,
      "pwm_settle_time_ratio": 1.0,
      "overshoot_ratio": 0.0031746031746031746,
      "oscillation_ratio": 0.020115745986381894,
      "attainment_ratio": 0.9301587301587302,
      "rail_hit_ratio": 0.0,
      "pwm_chatter_ratio": 0.0,
      "tail_mean_abs_error": 7.682539682539683,
      "tail_pwm_jump_abs": 412.23809523809524,
      "terminal_requirements_ok": true,
      "pwm_limit_reasonable": true,
      "pwm_limit_note": "within current wheel-PID test envelope",
      "weighted_score": 1.4243642945863098
    }
  },
  "csv_path": "/home/madejuele/projects/2K0300/new/verification/auto-wheel-pid/20260423T122234Z/round-004-i-screen/attempt-01/telemetry.csv",
  "host_log_path": "/home/madejuele/projects/2K0300/new/verification/auto-wheel-pid/20260423T122234Z/round-004-i-screen/attempt-01/host.log",
  "board_log_path": "/home/madejuele/projects/2K0300/new/verification/auto-wheel-pid/20260423T122234Z/round-004-i-screen/attempt-01/board.log",
  "params_path": "/home/madejuele/projects/2K0300/new/verification/auto-wheel-pid/20260423T122234Z/round-004-i-screen/attempt-01/params.json",
  "tuning_exit_code": 0,
  "receiver_error": null,
  "ack_complete": true,
  "snapshot_cleared_seen": true,
  "board_markers_ok": true,
  "unexpected_failsafe": false,
  "runtime_error": null,
  "accepted": false,
  "accepted_reason": "screen left terminal gate failed: tail PWM jump 894.333 > 800.000; screen right score improved from inf to 1.424364; pending confirmation"
}
