{
  "name": "round-008-d-screen",
  "candidate_label": "left-d=2.000000; right-d=2.000000",
  "wheel_scores": {
    "left": {
      "wheel": "left",
      "sample_count": 29,
      "mean_abs_error": 15.379310344827585,
      "p95_abs_error": 29.39999999999999,
      "overshoot_peak": 22.0,
      "settle_delay_s": 1.1656666666666666,
      "pwm_settle_delay_s": 1.5975238095238096,
      "saturation_ratio": 0.2413793103448276,
      "steady_abs_error_ratio": 0.14603174603174604,
      "p95_error_ratio": 0.26619047619047614,
      "settle_time_ratio": 0.8131422781878709,
      "pwm_settle_time_ratio": 1.0,
      "overshoot_ratio": 0.19365079365079366,
      "oscillation_ratio": 0.15187677224461113,
      "attainment_ratio": 0.9936507936507937,
      "rail_hit_ratio": 0.22063492063492063,
      "pwm_chatter_ratio": 0.19907407407407407,
      "tail_mean_abs_error": 15.365079365079366,
      "tail_pwm_jump_abs": 2122.3809523809523,
      "terminal_requirements_ok": false,
      "pwm_limit_reasonable": false,
      "pwm_limit_note": "terminal steady-state gate failed (tail error or PWM jump exceeded limits)",
      "weighted_score": Infinity
    },
    "right": {
      "wheel": "right",
      "sample_count": 29,
      "mean_abs_error": 18.93103448275862,
      "p95_abs_error": 28.799999999999994,
      "overshoot_peak": 0.0,
      "settle_delay_s": 1.596,
      "pwm_settle_delay_s": 1.290142857142857,
      "saturation_ratio": 0.034482758620689655,
      "steady_abs_error_ratio": 0.1693121693121693,
      "p95_error_ratio": 0.2619047619047618,
      "settle_time_ratio": 1.0,
      "pwm_settle_time_ratio": 0.8131422781878709,
      "overshoot_ratio": 0.0,
      "oscillation_ratio": 0.03547250641126677,
      "attainment_ratio": 0.8306878306878307,
      "rail_hit_ratio": 0.034482758620689655,
      "pwm_chatter_ratio": 0.0,
      "tail_mean_abs_error": 17.682539682539684,
      "tail_pwm_jump_abs": 616.4761904761905,
      "terminal_requirements_ok": false,
      "pwm_limit_reasonable": false,
      "pwm_limit_note": "terminal steady-state gate failed (tail error or PWM jump exceeded limits)",
      "weighted_score": Infinity
    }
  },
  "csv_path": "/home/madejuele/projects/2K0300/new/verification/auto-wheel-pid/20260423T013250Z/round-008-d-screen/attempt-01/telemetry.csv",
  "host_log_path": "/home/madejuele/projects/2K0300/new/verification/auto-wheel-pid/20260423T013250Z/round-008-d-screen/attempt-01/host.log",
  "board_log_path": "/home/madejuele/projects/2K0300/new/verification/auto-wheel-pid/20260423T013250Z/round-008-d-screen/attempt-01/board.log",
  "params_path": "/home/madejuele/projects/2K0300/new/verification/auto-wheel-pid/20260423T013250Z/round-008-d-screen/attempt-01/params.json",
  "tuning_exit_code": 0,
  "receiver_error": null,
  "ack_complete": true,
  "snapshot_cleared_seen": true,
  "board_markers_ok": true,
  "unexpected_failsafe": false,
  "runtime_error": null,
  "accepted": false,
  "accepted_reason": "screen left terminal gate failed: tail PWM jump 2122.381 > 800.000; screen right terminal gate failed: terminal gate failed"
}
