{
  "name": "round-001-d-screen",
  "candidate_label": "left-d=0.750000; right-d=0.100000",
  "wheel_scores": {
    "left": {
      "wheel": "left",
      "sample_count": 19,
      "mean_abs_error": 15.736842105263158,
      "p95_abs_error": 23.999999999999957,
      "overshoot_peak": 42.0,
      "settle_delay_s": 1.1079999999999999,
      "pwm_settle_delay_s": 0.6008571428571429,
      "saturation_ratio": 0.0,
      "steady_abs_error_ratio": 0.14814814814814814,
      "p95_error_ratio": 0.23793650793650795,
      "settle_time_ratio": 1.0,
      "pwm_settle_time_ratio": 0.5581676528238677,
      "overshoot_ratio": 0.13333333333333336,
      "oscillation_ratio": 0.0236476017762476,
      "attainment_ratio": 0.851851851851852,
      "rail_hit_ratio": 0.0,
      "pwm_chatter_ratio": 0.0,
      "tail_mean_abs_error": 16.253968253968253,
      "tail_pwm_jump_abs": 270.23809523809524,
      "terminal_requirements_ok": true,
      "pwm_limit_reasonable": true,
      "pwm_limit_note": "within current wheel-PID test envelope",
      "weighted_score": 1.0771012776444815
    },
    "right": {
      "wheel": "right",
      "sample_count": 19,
      "mean_abs_error": 12.263157894736842,
      "p95_abs_error": 20.299999999999994,
      "overshoot_peak": 12.0,
      "settle_delay_s": 0.5526666666666666,
      "pwm_settle_delay_s": 0.7546190476190475,
      "saturation_ratio": 0.0,
      "steady_abs_error_ratio": 0.12063492063492064,
      "p95_error_ratio": 0.1733333333333333,
      "settle_time_ratio": 0.49782286455438207,
      "pwm_settle_time_ratio": 0.6568927181767649,
      "overshoot_ratio": 0.0380952380952381,
      "oscillation_ratio": 0.03181907918102031,
      "attainment_ratio": 0.8793650793650793,
      "rail_hit_ratio": 0.0,
      "pwm_chatter_ratio": 0.0,
      "tail_mean_abs_error": 12.53968253968254,
      "tail_pwm_jump_abs": 536.5714285714286,
      "terminal_requirements_ok": true,
      "pwm_limit_reasonable": true,
      "pwm_limit_note": "within current wheel-PID test envelope",
      "weighted_score": 1.1408952507217174
    }
  },
  "csv_path": "/home/madejuele/projects/2K0300/new/verification/auto-wheel-pid/20260423T120752Z/round-001-d-screen/attempt-01/telemetry.csv",
  "host_log_path": "/home/madejuele/projects/2K0300/new/verification/auto-wheel-pid/20260423T120752Z/round-001-d-screen/attempt-01/host.log",
  "board_log_path": "/home/madejuele/projects/2K0300/new/verification/auto-wheel-pid/20260423T120752Z/round-001-d-screen/attempt-01/board.log",
  "params_path": "/home/madejuele/projects/2K0300/new/verification/auto-wheel-pid/20260423T120752Z/round-001-d-screen/attempt-01/params.json",
  "tuning_exit_code": 0,
  "receiver_error": null,
  "ack_complete": true,
  "snapshot_cleared_seen": true,
  "board_markers_ok": true,
  "unexpected_failsafe": false,
  "runtime_error": null,
  "accepted": false,
  "accepted_reason": "screen left score 1.077101 did not beat 1.032172 by 5%; screen right score improved from inf to 1.140895; pending confirmation"
}
