{
  "name": "round-002-d-confirm",
  "candidate_label": "left-d=0.750000; right-d=0.150000",
  "wheel_scores": {
    "left": {
      "wheel": "left",
      "sample_count": 51,
      "mean_abs_error": 17.176470588235293,
      "p95_abs_error": 24.5,
      "overshoot_peak": 0.0,
      "settle_delay_s": 1.5365,
      "pwm_settle_delay_s": 1.0280714285714287,
      "saturation_ratio": 0.0196078431372549,
      "steady_abs_error_ratio": 0.16084656084656085,
      "p95_error_ratio": 0.2211111111111111,
      "settle_time_ratio": 1.0,
      "pwm_settle_time_ratio": 0.6661119167949008,
      "overshoot_ratio": 0.0,
      "oscillation_ratio": 0.030504432700770537,
      "attainment_ratio": 0.8391534391534391,
      "rail_hit_ratio": 0.0196078431372549,
      "pwm_chatter_ratio": 0.0,
      "tail_mean_abs_error": 16.952380952380953,
      "tail_pwm_jump_abs": 444.0238095238095,
      "terminal_requirements_ok": false,
      "pwm_limit_reasonable": false,
      "pwm_limit_note": "terminal steady-state gate failed (tail error or PWM jump exceeded limits)",
      "weighted_score": Infinity
    },
    "right": {
      "wheel": "right",
      "sample_count": 51,
      "mean_abs_error": 13.588235294117647,
      "p95_abs_error": 23.5,
      "overshoot_peak": 2.0,
      "settle_delay_s": 1.2301666666666666,
      "pwm_settle_delay_s": 1.4080238095238096,
      "saturation_ratio": 0.0,
      "steady_abs_error_ratio": 0.12486772486772488,
      "p95_error_ratio": 0.19928571428571426,
      "settle_time_ratio": 0.7792815871118322,
      "pwm_settle_time_ratio": 0.9145141156550735,
      "overshoot_ratio": 0.0031746031746031746,
      "oscillation_ratio": 0.034244779109041494,
      "attainment_ratio": 0.8772486772486772,
      "rail_hit_ratio": 0.0,
      "pwm_chatter_ratio": 0.0,
      "tail_mean_abs_error": 13.015873015873016,
      "tail_pwm_jump_abs": 503.8809523809524,
      "terminal_requirements_ok": false,
      "pwm_limit_reasonable": false,
      "pwm_limit_note": "terminal steady-state gate failed (tail error or PWM jump exceeded limits)",
      "weighted_score": Infinity
    }
  },
  "csv_path": "/home/madejuele/projects/2K0300/new/verification/auto-wheel-pid/20260423T121437Z/round-002-d-confirm/attempt-01/telemetry.csv",
  "host_log_path": "/home/madejuele/projects/2K0300/new/verification/auto-wheel-pid/20260423T121437Z/round-002-d-confirm/attempt-01/host.log",
  "board_log_path": "/home/madejuele/projects/2K0300/new/verification/auto-wheel-pid/20260423T121437Z/round-002-d-confirm/attempt-01/board.log",
  "params_path": "/home/madejuele/projects/2K0300/new/verification/auto-wheel-pid/20260423T121437Z/round-002-d-confirm/attempt-01/params.json",
  "tuning_exit_code": 0,
  "receiver_error": null,
  "ack_complete": true,
  "snapshot_cleared_seen": true,
  "board_markers_ok": true,
  "unexpected_failsafe": false,
  "runtime_error": null,
  "accepted": false,
  "accepted_reason": "confirm left terminal gate failed: terminal gate failed; confirm right terminal gate failed: terminal gate failed"
}
