{
  "name": "round-055-right-d",
  "candidate_label": "right-d=2.000000",
  "wheel_scores": {
    "left": {
      "wheel": "left",
      "sample_count": 57,
      "mean_abs_error": 15.912280701754385,
      "p95_abs_error": 25.199999999999996,
      "overshoot_peak": 17.0,
      "settle_delay_s": 1.5701666666666667,
      "pwm_settle_delay_s": 1.2644761904761905,
      "saturation_ratio": 0.03508771929824561,
      "steady_abs_error_ratio": 0.15661375661375662,
      "p95_error_ratio": 0.23420634920634914,
      "settle_time_ratio": 1.0,
      "pwm_settle_time_ratio": 0.818645459280298,
      "overshoot_ratio": 0.05396825396825397,
      "oscillation_ratio": 0.07187473951222036,
      "attainment_ratio": 0.874074074074074,
      "rail_hit_ratio": 0.023809523809523808,
      "pwm_chatter_ratio": 0.0453042328042328,
      "tail_mean_abs_error": 16.523809523809526,
      "tail_pwm_jump_abs": 1052.4761904761904,
      "terminal_requirements_ok": false,
      "pwm_limit_reasonable": false,
      "pwm_limit_note": "terminal steady-state gate failed (tail error or PWM jump exceeded limits)",
      "weighted_score": Infinity
    },
    "right": {
      "wheel": "right",
      "sample_count": 57,
      "mean_abs_error": 17.54385964912281,
      "p95_abs_error": 30.199999999999996,
      "overshoot_peak": 38.0,
      "settle_delay_s": 1.5701666666666667,
      "pwm_settle_delay_s": 1.5682142857142858,
      "saturation_ratio": 0.0,
      "steady_abs_error_ratio": 0.15820105820105818,
      "p95_error_ratio": 0.2644444444444444,
      "settle_time_ratio": 1.0,
      "pwm_settle_time_ratio": 1.0,
      "overshoot_ratio": 0.1126984126984127,
      "oscillation_ratio": 0.0422922916539099,
      "attainment_ratio": 0.846031746031746,
      "rail_hit_ratio": 0.0,
      "pwm_chatter_ratio": 0.026785714285714284,
      "tail_mean_abs_error": 16.849206349206348,
      "tail_pwm_jump_abs": 633.4761904761905,
      "terminal_requirements_ok": false,
      "pwm_limit_reasonable": false,
      "pwm_limit_note": "terminal steady-state gate failed (tail error or PWM jump exceeded limits)",
      "weighted_score": Infinity
    }
  },
  "csv_path": "/home/madejuele/projects/2K0300/new/verification/auto-wheel-pid/20260422T143235Z/round-055-right-d/attempt-01/telemetry.csv",
  "host_log_path": "/home/madejuele/projects/2K0300/new/verification/auto-wheel-pid/20260422T143235Z/round-055-right-d/attempt-01/host.log",
  "board_log_path": "/home/madejuele/projects/2K0300/new/verification/auto-wheel-pid/20260422T143235Z/round-055-right-d/attempt-01/board.log",
  "params_path": "/home/madejuele/projects/2K0300/new/verification/auto-wheel-pid/20260422T143235Z/round-055-right-d/attempt-01/params.json",
  "tuning_exit_code": 0,
  "receiver_error": null,
  "ack_complete": true,
  "snapshot_cleared_seen": true,
  "board_markers_ok": true,
  "unexpected_failsafe": false,
  "runtime_error": null,
  "accepted": false,
  "accepted_reason": "right score 62.849719 did not beat 43.720994 by 5%"
}
