{
  "name": "round-003-p-confirm",
  "candidate_label": "left-p=95.000000",
  "wheel_scores": {
    "left": {
      "wheel": "left",
      "sample_count": 52,
      "mean_abs_error": 14.096153846153847,
      "p95_abs_error": 19.449999999999996,
      "overshoot_peak": 4.0,
      "settle_delay_s": 1.5245,
      "pwm_settle_delay_s": 0.9769047619047619,
      "saturation_ratio": 0.019230769230769232,
      "steady_abs_error_ratio": 0.13862433862433862,
      "p95_error_ratio": 0.17817460317460318,
      "settle_time_ratio": 1.0,
      "pwm_settle_time_ratio": 0.6385304793462755,
      "overshoot_ratio": 0.006349206349206349,
      "oscillation_ratio": 0.034974807389220944,
      "attainment_ratio": 0.8613756613756615,
      "rail_hit_ratio": 0.019230769230769232,
      "pwm_chatter_ratio": 0.0,
      "tail_mean_abs_error": 14.920634920634921,
      "tail_pwm_jump_abs": 542.7857142857143,
      "terminal_requirements_ok": false,
      "pwm_limit_reasonable": false,
      "pwm_limit_note": "terminal steady-state gate failed (tail error or PWM jump exceeded limits)",
      "weighted_score": Infinity
    },
    "right": {
      "wheel": "right",
      "sample_count": 52,
      "mean_abs_error": 15.5,
      "p95_abs_error": 26.0,
      "overshoot_peak": 0.0,
      "settle_delay_s": 1.327,
      "pwm_settle_delay_s": 1.4725714285714286,
      "saturation_ratio": 0.019230769230769232,
      "steady_abs_error_ratio": 0.1492063492063492,
      "p95_error_ratio": 0.2157936507936508,
      "settle_time_ratio": 0.8771766169154229,
      "pwm_settle_time_ratio": 0.9475194118051261,
      "overshoot_ratio": 0.0,
      "oscillation_ratio": 0.03545113042767341,
      "attainment_ratio": 0.8507936507936508,
      "rail_hit_ratio": 0.019230769230769232,
      "pwm_chatter_ratio": 0.0,
      "tail_mean_abs_error": 16.0,
      "tail_pwm_jump_abs": 592.0952380952381,
      "terminal_requirements_ok": false,
      "pwm_limit_reasonable": false,
      "pwm_limit_note": "terminal steady-state gate failed (tail error or PWM jump exceeded limits)",
      "weighted_score": Infinity
    }
  },
  "csv_path": "/home/madejuele/projects/2K0300/new/verification/auto-wheel-pid/20260423T092728Z/round-003-p-confirm/attempt-01/telemetry.csv",
  "host_log_path": "/home/madejuele/projects/2K0300/new/verification/auto-wheel-pid/20260423T092728Z/round-003-p-confirm/attempt-01/host.log",
  "board_log_path": "/home/madejuele/projects/2K0300/new/verification/auto-wheel-pid/20260423T092728Z/round-003-p-confirm/attempt-01/board.log",
  "params_path": "/home/madejuele/projects/2K0300/new/verification/auto-wheel-pid/20260423T092728Z/round-003-p-confirm/attempt-01/params.json",
  "tuning_exit_code": 0,
  "receiver_error": null,
  "ack_complete": true,
  "snapshot_cleared_seen": true,
  "board_markers_ok": true,
  "unexpected_failsafe": false,
  "runtime_error": null,
  "accepted": false,
  "accepted_reason": "confirm left terminal gate failed: terminal gate failed"
}
