{
  "name": "round-011-left-i",
  "candidate_label": "left-i=0.500000",
  "wheel_scores": {
    "left": {
      "wheel": "left",
      "sample_count": 56,
      "mean_abs_error": 17.142857142857142,
      "p95_abs_error": 29.0,
      "overshoot_peak": 14.0,
      "settle_delay_s": 1.5143333333333333,
      "pwm_settle_delay_s": 1.1522142857142856,
      "saturation_ratio": 0.03571428571428571,
      "steady_abs_error_ratio": 0.15026455026455027,
      "p95_error_ratio": 0.2376190476190476,
      "settle_time_ratio": 1.0,
      "pwm_settle_time_ratio": 0.7676349757764545,
      "overshoot_ratio": 0.031746031746031744,
      "oscillation_ratio": 0.04978159119774233,
      "attainment_ratio": 0.8571428571428571,
      "rail_hit_ratio": 0.017857142857142856,
      "pwm_chatter_ratio": 0.0,
      "tail_mean_abs_error": 16.571428571428573,
      "tail_pwm_jump_abs": 981.3095238095239,
      "terminal_requirements_ok": false,
      "pwm_limit_reasonable": false,
      "pwm_limit_note": "terminal steady-state gate failed (tail error or PWM jump exceeded limits)",
      "weighted_score": Infinity
    },
    "right": {
      "wheel": "right",
      "sample_count": 56,
      "mean_abs_error": 17.5,
      "p95_abs_error": 28.0,
      "overshoot_peak": 5.0,
      "settle_delay_s": 1.5143333333333333,
      "pwm_settle_delay_s": 1.1108571428571428,
      "saturation_ratio": 0.017857142857142856,
      "steady_abs_error_ratio": 0.14232804232804233,
      "p95_error_ratio": 0.25087301587301586,
      "settle_time_ratio": 1.0,
      "pwm_settle_time_ratio": 0.7165398589172934,
      "overshoot_ratio": 0.011111111111111112,
      "oscillation_ratio": 0.061848540364662925,
      "attainment_ratio": 0.8629629629629629,
      "rail_hit_ratio": 0.0,
      "pwm_chatter_ratio": 0.0,
      "tail_mean_abs_error": 15.992063492063492,
      "tail_pwm_jump_abs": 977.6428571428571,
      "terminal_requirements_ok": false,
      "pwm_limit_reasonable": false,
      "pwm_limit_note": "terminal steady-state gate failed (tail error or PWM jump exceeded limits)",
      "weighted_score": Infinity
    }
  },
  "csv_path": "/home/madejuele/projects/2K0300/new/verification/auto-wheel-pid/20260422T143235Z/round-011-left-i/attempt-01/telemetry.csv",
  "host_log_path": "/home/madejuele/projects/2K0300/new/verification/auto-wheel-pid/20260422T143235Z/round-011-left-i/attempt-01/host.log",
  "board_log_path": "/home/madejuele/projects/2K0300/new/verification/auto-wheel-pid/20260422T143235Z/round-011-left-i/attempt-01/board.log",
  "params_path": "/home/madejuele/projects/2K0300/new/verification/auto-wheel-pid/20260422T143235Z/round-011-left-i/attempt-01/params.json",
  "tuning_exit_code": 0,
  "receiver_error": null,
  "ack_complete": true,
  "snapshot_cleared_seen": true,
  "board_markers_ok": true,
  "unexpected_failsafe": false,
  "runtime_error": null,
  "accepted": false,
  "accepted_reason": "left score 98.806497 did not beat 51.744817 by 5%"
}
