{
  "name": "round-006-p-screen",
  "candidate_label": "left-p=142.000000; right-p=92.000000",
  "wheel_scores": {
    "left": {
      "wheel": "left",
      "sample_count": 22,
      "mean_abs_error": 12.090909090909092,
      "p95_abs_error": 27.449999999999992,
      "overshoot_peak": 28.0,
      "settle_delay_s": 1.04,
      "pwm_settle_delay_s": 0.901,
      "saturation_ratio": 0.045454545454545456,
      "steady_abs_error_ratio": 0.09100529100529099,
      "p95_error_ratio": 0.23634920634920628,
      "settle_time_ratio": 0.8763227513227514,
      "pwm_settle_time_ratio": 0.7652116402116402,
      "overshoot_ratio": 0.13333333333333333,
      "oscillation_ratio": 0.012348258227632716,
      "attainment_ratio": 0.9089947089947089,
      "rail_hit_ratio": 0.05357142857142857,
      "pwm_chatter_ratio": 0.0,
      "tail_mean_abs_error": 9.555555555555555,
      "tail_pwm_jump_abs": 233.33333333333334,
      "terminal_requirements_ok": true,
      "pwm_limit_reasonable": true,
      "pwm_limit_note": "PWM limit is reachable in this round, but not the dominant issue by itself",
      "weighted_score": 1.5911075771455145
    },
    "right": {
      "wheel": "right",
      "sample_count": 22,
      "mean_abs_error": 17.59090909090909,
      "p95_abs_error": 24.0,
      "overshoot_peak": 0.0,
      "settle_delay_s": 1.1646666666666667,
      "pwm_settle_delay_s": 0.4647619047619047,
      "saturation_ratio": 0.0,
      "steady_abs_error_ratio": 0.17671957671957672,
      "p95_error_ratio": 0.22269841269841267,
      "settle_time_ratio": 1.0,
      "pwm_settle_time_ratio": 0.41198117151795627,
      "overshoot_ratio": 0.0,
      "oscillation_ratio": 0.03201483997561161,
      "attainment_ratio": 0.8232804232804232,
      "rail_hit_ratio": 0.0,
      "pwm_chatter_ratio": 0.0,
      "tail_mean_abs_error": 19.0,
      "tail_pwm_jump_abs": 380.42857142857144,
      "terminal_requirements_ok": false,
      "pwm_limit_reasonable": false,
      "pwm_limit_note": "terminal steady-state gate failed (tail error or PWM jump exceeded limits)",
      "weighted_score": Infinity
    }
  },
  "csv_path": "/home/madejuele/projects/2K0300/new/verification/auto-wheel-pid/20260423T035347Z/round-006-p-screen/attempt-01/telemetry.csv",
  "host_log_path": "/home/madejuele/projects/2K0300/new/verification/auto-wheel-pid/20260423T035347Z/round-006-p-screen/attempt-01/host.log",
  "board_log_path": "/home/madejuele/projects/2K0300/new/verification/auto-wheel-pid/20260423T035347Z/round-006-p-screen/attempt-01/board.log",
  "params_path": "/home/madejuele/projects/2K0300/new/verification/auto-wheel-pid/20260423T035347Z/round-006-p-screen/attempt-01/params.json",
  "tuning_exit_code": 0,
  "receiver_error": null,
  "ack_complete": true,
  "snapshot_cleared_seen": true,
  "board_markers_ok": true,
  "unexpected_failsafe": false,
  "runtime_error": null,
  "accepted": false,
  "accepted_reason": "screen left score 1.591108 did not beat 1.575325 by 5%; screen right terminal gate failed: terminal gate failed"
}
