{
  "name": "round-004-i-screen",
  "candidate_label": "right-i=0.750000",
  "wheel_scores": {
    "left": {
      "wheel": "left",
      "sample_count": 28,
      "mean_abs_error": 14.25,
      "p95_abs_error": 30.949999999999996,
      "overshoot_peak": 19.0,
      "settle_delay_s": 1.5263333333333333,
      "pwm_settle_delay_s": 1.5224285714285715,
      "saturation_ratio": 0.21428571428571427,
      "steady_abs_error_ratio": 0.15767195767195769,
      "p95_error_ratio": 0.2511111111111111,
      "settle_time_ratio": 1.0,
      "pwm_settle_time_ratio": 1.0,
      "overshoot_ratio": 0.12380952380952381,
      "oscillation_ratio": 0.16904097825195116,
      "attainment_ratio": 0.9544973544973544,
      "rail_hit_ratio": 0.14285714285714285,
      "pwm_chatter_ratio": 0.2003968253968254,
      "tail_mean_abs_error": 16.206349206349206,
      "tail_pwm_jump_abs": 2712.0,
      "terminal_requirements_ok": false,
      "pwm_limit_reasonable": false,
      "pwm_limit_note": "terminal steady-state gate failed (tail error or PWM jump exceeded limits)",
      "weighted_score": Infinity
    },
    "right": {
      "wheel": "right",
      "sample_count": 28,
      "mean_abs_error": 7.285714285714286,
      "p95_abs_error": 18.54999999999999,
      "overshoot_peak": 13.0,
      "settle_delay_s": 0.9129999999999999,
      "pwm_settle_delay_s": 1.5224285714285715,
      "saturation_ratio": 0.07142857142857142,
      "steady_abs_error_ratio": 0.06984126984126984,
      "p95_error_ratio": 0.1419047619047619,
      "settle_time_ratio": 0.5101540616246498,
      "pwm_settle_time_ratio": 1.0,
      "overshoot_ratio": 0.07936507936507936,
      "oscillation_ratio": 0.0684081107663152,
      "attainment_ratio": 1.0105820105820105,
      "rail_hit_ratio": 0.07142857142857142,
      "pwm_chatter_ratio": 0.0,
      "tail_mean_abs_error": 7.714285714285714,
      "tail_pwm_jump_abs": 1224.095238095238,
      "terminal_requirements_ok": false,
      "pwm_limit_reasonable": false,
      "pwm_limit_note": "terminal steady-state gate failed (tail error or PWM jump exceeded limits)",
      "weighted_score": Infinity
    }
  },
  "csv_path": "/home/madejuele/projects/2K0300/new/verification/auto-wheel-pid/20260423T022515Z/round-004-i-screen/attempt-01/telemetry.csv",
  "host_log_path": "/home/madejuele/projects/2K0300/new/verification/auto-wheel-pid/20260423T022515Z/round-004-i-screen/attempt-01/host.log",
  "board_log_path": "/home/madejuele/projects/2K0300/new/verification/auto-wheel-pid/20260423T022515Z/round-004-i-screen/attempt-01/board.log",
  "params_path": "/home/madejuele/projects/2K0300/new/verification/auto-wheel-pid/20260423T022515Z/round-004-i-screen/attempt-01/params.json",
  "tuning_exit_code": 0,
  "receiver_error": null,
  "ack_complete": true,
  "snapshot_cleared_seen": true,
  "board_markers_ok": true,
  "unexpected_failsafe": false,
  "runtime_error": null,
  "accepted": false,
  "accepted_reason": "screen right terminal gate failed: tail PWM jump 1224.095 > 800.000"
}
