{
  "name": "right-p140",
  "candidate_label": "left-p=139.000000; right-p=140.000000; right-alpha=0.400000",
  "wheel_scores": {
    "left": {
      "wheel": "left",
      "sample_count": 57,
      "mean_abs_error": 11.350877192982455,
      "p95_abs_error": 22.99999999999998,
      "overshoot_peak": 16.0,
      "settle_delay_s": 0.5695,
      "pwm_settle_delay_s": 1.3660714285714286,
      "saturation_ratio": 0.017543859649122806,
      "steady_abs_error_ratio": 0.10476190476190476,
      "p95_error_ratio": 0.2253174603174603,
      "settle_time_ratio": 0.31769686532087965,
      "pwm_settle_time_ratio": 0.8891875746714457,
      "overshoot_ratio": 0.025396825396825397,
      "oscillation_ratio": 0.046151335678902575,
      "attainment_ratio": 0.8952380952380953,
      "rail_hit_ratio": 0.017543859649122806,
      "pwm_chatter_ratio": 0.0,
      "tail_mean_abs_error": 10.11111111111111,
      "tail_pwm_jump_abs": 605.547619047619,
      "terminal_requirements_ok": false,
      "pwm_limit_reasonable": false,
      "pwm_limit_note": "terminal steady-state gate failed (tail error or PWM jump exceeded limits)",
      "weighted_score": Infinity
    },
    "right": {
      "wheel": "right",
      "sample_count": 57,
      "mean_abs_error": 14.771929824561404,
      "p95_abs_error": 40.19999999999995,
      "overshoot_peak": 51.0,
      "settle_delay_s": 0.7968333333333334,
      "pwm_settle_delay_s": 1.4277380952380954,
      "saturation_ratio": 0.017543859649122806,
      "steady_abs_error_ratio": 0.11058201058201057,
      "p95_error_ratio": 0.3357936507936507,
      "settle_time_ratio": 0.45288797049815227,
      "pwm_settle_time_ratio": 0.926025487853445,
      "overshoot_ratio": 0.1523809523809524,
      "oscillation_ratio": 0.08566598510195564,
      "attainment_ratio": 0.9232804232804234,
      "rail_hit_ratio": 0.017543859649122806,
      "pwm_chatter_ratio": 0.0,
      "tail_mean_abs_error": 11.944444444444445,
      "tail_pwm_jump_abs": 696.5952380952381,
      "terminal_requirements_ok": false,
      "pwm_limit_reasonable": false,
      "pwm_limit_note": "terminal steady-state gate failed (tail error or PWM jump exceeded limits)",
      "weighted_score": Infinity
    }
  },
  "csv_path": "/home/madejuele/projects/2K0300/new/verification/manual-probes/20260423T041956Z-right-alpha04-p-window-scan/right-p140/attempt-01/telemetry.csv",
  "host_log_path": "/home/madejuele/projects/2K0300/new/verification/manual-probes/20260423T041956Z-right-alpha04-p-window-scan/right-p140/attempt-01/host.log",
  "board_log_path": "/home/madejuele/projects/2K0300/new/verification/manual-probes/20260423T041956Z-right-alpha04-p-window-scan/right-p140/attempt-01/board.log",
  "params_path": "/home/madejuele/projects/2K0300/new/verification/manual-probes/20260423T041956Z-right-alpha04-p-window-scan/right-p140/attempt-01/params.json",
  "tuning_exit_code": 0,
  "receiver_error": null,
  "ack_complete": true,
  "snapshot_cleared_seen": true,
  "board_markers_ok": true,
  "unexpected_failsafe": false,
  "runtime_error": null,
  "accepted": false,
  "accepted_reason": ""
}
