{
  "name": "right-d1.00",
  "candidate_label": "left-p=139.000000; right-p=85.000000; right-d=1.000000; right-alpha=0.400000",
  "wheel_scores": {
    "left": {
      "wheel": "left",
      "sample_count": 57,
      "mean_abs_error": 12.350877192982455,
      "p95_abs_error": 24.799999999999983,
      "overshoot_peak": 29.0,
      "settle_delay_s": 1.4438333333333333,
      "pwm_settle_delay_s": 1.027404761904762,
      "saturation_ratio": 0.0,
      "steady_abs_error_ratio": 0.0851851851851852,
      "p95_error_ratio": 0.22809523809523805,
      "settle_time_ratio": 0.8927129398192656,
      "pwm_settle_time_ratio": 0.6632668912903662,
      "overshoot_ratio": 0.14603174603174604,
      "oscillation_ratio": 0.05769952369229233,
      "attainment_ratio": 0.9359788359788361,
      "rail_hit_ratio": 0.0,
      "pwm_chatter_ratio": 0.0,
      "tail_mean_abs_error": 9.436507936507937,
      "tail_pwm_jump_abs": 689.4285714285714,
      "terminal_requirements_ok": false,
      "pwm_limit_reasonable": false,
      "pwm_limit_note": "terminal steady-state gate failed (tail error or PWM jump exceeded limits)",
      "weighted_score": Infinity
    },
    "right": {
      "wheel": "right",
      "sample_count": 57,
      "mean_abs_error": 19.210526315789473,
      "p95_abs_error": 29.199999999999996,
      "overshoot_peak": 0.0,
      "settle_delay_s": 1.5678333333333334,
      "pwm_settle_delay_s": 1.0285,
      "saturation_ratio": 0.017543859649122806,
      "steady_abs_error_ratio": 0.18253968253968253,
      "p95_error_ratio": 0.278968253968254,
      "settle_time_ratio": 1.0,
      "pwm_settle_time_ratio": 0.6409643126856902,
      "overshoot_ratio": 0.0,
      "oscillation_ratio": 0.03665696202924259,
      "attainment_ratio": 0.8174603174603174,
      "rail_hit_ratio": 0.017543859649122806,
      "pwm_chatter_ratio": 0.0,
      "tail_mean_abs_error": 19.515873015873016,
      "tail_pwm_jump_abs": 467.35714285714283,
      "terminal_requirements_ok": false,
      "pwm_limit_reasonable": false,
      "pwm_limit_note": "terminal steady-state gate failed (tail error or PWM jump exceeded limits)",
      "weighted_score": Infinity
    }
  },
  "csv_path": "/home/madejuele/projects/2K0300/new/verification/manual-probes/20260423T043827Z-right-d-window-scan/right-d1.00/attempt-01/telemetry.csv",
  "host_log_path": "/home/madejuele/projects/2K0300/new/verification/manual-probes/20260423T043827Z-right-d-window-scan/right-d1.00/attempt-01/host.log",
  "board_log_path": "/home/madejuele/projects/2K0300/new/verification/manual-probes/20260423T043827Z-right-d-window-scan/right-d1.00/attempt-01/board.log",
  "params_path": "/home/madejuele/projects/2K0300/new/verification/manual-probes/20260423T043827Z-right-d-window-scan/right-d1.00/attempt-01/params.json",
  "tuning_exit_code": 0,
  "receiver_error": null,
  "ack_complete": true,
  "snapshot_cleared_seen": true,
  "board_markers_ok": true,
  "unexpected_failsafe": false,
  "runtime_error": null,
  "accepted": false,
  "accepted_reason": ""
}
