{
  "name": "round-001-i-screen",
  "candidate_label": "left-i=1.200000; right-i=1.200000",
  "wheel_scores": {
    "left": {
      "wheel": "left",
      "sample_count": 19,
      "mean_abs_error": 4.0,
      "p95_abs_error": 8.399999999999991,
      "overshoot_peak": 6.0,
      "settle_delay_s": 0.0,
      "pwm_settle_delay_s": 0.6428571428571429,
      "saturation_ratio": 0.05263157894736842,
      "steady_abs_error_ratio": 0.03386243386243386,
      "p95_error_ratio": 0.07158730158730157,
      "settle_time_ratio": 0.0,
      "pwm_settle_time_ratio": 0.5360336871069726,
      "overshoot_ratio": 0.044444444444444446,
      "oscillation_ratio": 0.03341652403349345,
      "attainment_ratio": 1.0105820105820105,
      "rail_hit_ratio": 0.061224489795918366,
      "pwm_chatter_ratio": 0.0,
      "tail_mean_abs_error": 4.031746031746032,
      "tail_pwm_jump_abs": 692.952380952381,
      "terminal_requirements_ok": false,
      "pwm_limit_reasonable": false,
      "pwm_limit_note": "terminal steady-state gate failed (tail error or PWM jump exceeded limits)",
      "weighted_score": Infinity
    },
    "right": {
      "wheel": "right",
      "sample_count": 19,
      "mean_abs_error": 5.473684210526316,
      "p95_abs_error": 14.499999999999968,
      "overshoot_peak": 13.0,
      "settle_delay_s": 0.05933333333333333,
      "pwm_settle_delay_s": 1.1160476190476192,
      "saturation_ratio": 0.05263157894736842,
      "steady_abs_error_ratio": 0.0455026455026455,
      "p95_error_ratio": 0.12936507936507935,
      "settle_time_ratio": 0.04259392199090691,
      "pwm_settle_time_ratio": 1.0,
      "overshoot_ratio": 0.05396825396825397,
      "oscillation_ratio": 0.041050131301553765,
      "attainment_ratio": 1.001058201058201,
      "rail_hit_ratio": 0.061224489795918366,
      "pwm_chatter_ratio": 0.0,
      "tail_mean_abs_error": 5.190476190476191,
      "tail_pwm_jump_abs": 345.3333333333333,
      "terminal_requirements_ok": true,
      "pwm_limit_reasonable": true,
      "pwm_limit_note": "PWM limit is reachable in this round, but not the dominant issue by itself",
      "weighted_score": 1.581415830254325
    }
  },
  "csv_path": "/home/madejuele/projects/2K0300/new/verification/auto-wheel-pid/20260423T122618Z/round-001-i-screen/attempt-01/telemetry.csv",
  "host_log_path": "/home/madejuele/projects/2K0300/new/verification/auto-wheel-pid/20260423T122618Z/round-001-i-screen/attempt-01/host.log",
  "board_log_path": "/home/madejuele/projects/2K0300/new/verification/auto-wheel-pid/20260423T122618Z/round-001-i-screen/attempt-01/board.log",
  "params_path": "/home/madejuele/projects/2K0300/new/verification/auto-wheel-pid/20260423T122618Z/round-001-i-screen/attempt-01/params.json",
  "tuning_exit_code": 0,
  "receiver_error": null,
  "ack_complete": true,
  "snapshot_cleared_seen": true,
  "board_markers_ok": true,
  "unexpected_failsafe": false,
  "runtime_error": null,
  "accepted": false,
  "accepted_reason": "screen left terminal gate failed: terminal gate failed; screen right score 1.581416 did not beat 1.326731 by 5%"
}
