{
  "name": "baseline",
  "candidate_label": "current-working-params",
  "wheel_scores": {
    "left": {
      "wheel": "left",
      "sample_count": 51,
      "mean_abs_error": 14.254901960784315,
      "p95_abs_error": 22.5,
      "overshoot_peak": 0.0,
      "settle_delay_s": 1.2878333333333334,
      "pwm_settle_delay_s": 1.0743333333333331,
      "saturation_ratio": 0.0392156862745098,
      "steady_abs_error_ratio": 0.12433862433862433,
      "p95_error_ratio": 0.20817460317460315,
      "settle_time_ratio": 0.8333333333333334,
      "pwm_settle_time_ratio": 0.6875,
      "overshoot_ratio": 0.0,
      "oscillation_ratio": 0.035301673452852636,
      "attainment_ratio": 0.8756613756613756,
      "rail_hit_ratio": 0.042328042328042326,
      "pwm_chatter_ratio": 0.0,
      "tail_mean_abs_error": 13.563492063492063,
      "tail_pwm_jump_abs": 529.0952380952381,
      "terminal_requirements_ok": false,
      "pwm_limit_reasonable": false,
      "pwm_limit_note": "terminal steady-state gate failed (tail error or PWM jump exceeded limits)",
      "weighted_score": Infinity
    },
    "right": {
      "wheel": "right",
      "sample_count": 51,
      "mean_abs_error": 14.568627450980392,
      "p95_abs_error": 31.5,
      "overshoot_peak": 3.0,
      "settle_delay_s": 1.5328333333333333,
      "pwm_settle_delay_s": 1.156952380952381,
      "saturation_ratio": 0.058823529411764705,
      "steady_abs_error_ratio": 0.13174603174603175,
      "p95_error_ratio": 0.2855555555555555,
      "settle_time_ratio": 1.0,
      "pwm_settle_time_ratio": 0.7551995056448843,
      "overshoot_ratio": 0.004761904761904762,
      "oscillation_ratio": 0.060891136108756315,
      "attainment_ratio": 0.8682539682539683,
      "rail_hit_ratio": 0.058823529411764705,
      "pwm_chatter_ratio": 0.0,
      "tail_mean_abs_error": 14.087301587301587,
      "tail_pwm_jump_abs": 850.4761904761905,
      "terminal_requirements_ok": false,
      "pwm_limit_reasonable": false,
      "pwm_limit_note": "terminal steady-state gate failed (tail error or PWM jump exceeded limits)",
      "weighted_score": Infinity
    }
  },
  "csv_path": "/home/madejuele/projects/2K0300/new/verification/auto-wheel-pid/20260423T112047Z/baseline/attempt-01/telemetry.csv",
  "host_log_path": "/home/madejuele/projects/2K0300/new/verification/auto-wheel-pid/20260423T112047Z/baseline/attempt-01/host.log",
  "board_log_path": "/home/madejuele/projects/2K0300/new/verification/auto-wheel-pid/20260423T112047Z/baseline/attempt-01/board.log",
  "params_path": "/home/madejuele/projects/2K0300/new/verification/auto-wheel-pid/20260423T112047Z/baseline/attempt-01/params.json",
  "tuning_exit_code": 0,
  "receiver_error": null,
  "ack_complete": true,
  "snapshot_cleared_seen": true,
  "board_markers_ok": true,
  "unexpected_failsafe": false,
  "runtime_error": null,
  "accepted": true,
  "accepted_reason": "baseline"
}
