{
  "name": "round-005-p-screen",
  "candidate_label": "left-p=100.000000; right-p=100.000000",
  "wheel_scores": {
    "left": {
      "wheel": "left",
      "sample_count": 14,
      "mean_abs_error": 11.928571428571429,
      "p95_abs_error": 23.499999999999996,
      "overshoot_peak": 10.0,
      "settle_delay_s": 1.146,
      "pwm_settle_delay_s": 1.1451666666666667,
      "saturation_ratio": 0.07142857142857142,
      "steady_abs_error_ratio": 0.18518518518518515,
      "p95_error_ratio": 0.2427777777777777,
      "settle_time_ratio": 1.0,
      "pwm_settle_time_ratio": 1.0,
      "overshoot_ratio": 0.08888888888888889,
      "oscillation_ratio": 0.1192407988452827,
      "attainment_ratio": 0.8518518518518519,
      "rail_hit_ratio": 0.08333333333333333,
      "pwm_chatter_ratio": 0.09722222222222222,
      "tail_mean_abs_error": 16.944444444444443,
      "tail_pwm_jump_abs": 1733.3333333333333,
      "terminal_requirements_ok": false,
      "pwm_limit_reasonable": false,
      "pwm_limit_note": "terminal steady-state gate failed (tail error or PWM jump exceeded limits)",
      "weighted_score": Infinity
    },
    "right": {
      "wheel": "right",
      "sample_count": 14,
      "mean_abs_error": 17.928571428571427,
      "p95_abs_error": 32.099999999999994,
      "overshoot_peak": 36.0,
      "settle_delay_s": 1.146,
      "pwm_settle_delay_s": 1.1451666666666667,
      "saturation_ratio": 0.14285714285714285,
      "steady_abs_error_ratio": 0.16296296296296298,
      "p95_error_ratio": 0.33333333333333326,
      "settle_time_ratio": 1.0,
      "pwm_settle_time_ratio": 1.0,
      "overshoot_ratio": 0.3,
      "oscillation_ratio": 0.1619137960221499,
      "attainment_ratio": 0.9518518518518517,
      "rail_hit_ratio": 0.07142857142857142,
      "pwm_chatter_ratio": 0.09722222222222222,
      "tail_mean_abs_error": 15.333333333333334,
      "tail_pwm_jump_abs": 2050.0,
      "terminal_requirements_ok": false,
      "pwm_limit_reasonable": false,
      "pwm_limit_note": "terminal steady-state gate failed (tail error or PWM jump exceeded limits)",
      "weighted_score": Infinity
    }
  },
  "csv_path": "/home/madejuele/projects/2K0300/new/verification/auto-wheel-pid/20260422T235808Z/round-005-p-screen/attempt-01/telemetry.csv",
  "host_log_path": "/home/madejuele/projects/2K0300/new/verification/auto-wheel-pid/20260422T235808Z/round-005-p-screen/attempt-01/host.log",
  "board_log_path": "/home/madejuele/projects/2K0300/new/verification/auto-wheel-pid/20260422T235808Z/round-005-p-screen/attempt-01/board.log",
  "params_path": "/home/madejuele/projects/2K0300/new/verification/auto-wheel-pid/20260422T235808Z/round-005-p-screen/attempt-01/params.json",
  "tuning_exit_code": 0,
  "receiver_error": null,
  "ack_complete": true,
  "snapshot_cleared_seen": true,
  "board_markers_ok": true,
  "unexpected_failsafe": false,
  "runtime_error": null,
  "accepted": false,
  "accepted_reason": "screen left terminal gate failed: tail PWM jump 1733.333 > 500.000; screen right terminal gate failed: tail PWM jump 2050.000 > 500.000"
}
