{
  "name": "left-p139-repeat-02",
  "candidate_label": "left-p=139.000000; right-p=85.000000; right-alpha=0.400000",
  "wheel_scores": {
    "left": {
      "wheel": "left",
      "sample_count": 56,
      "mean_abs_error": 9.696428571428571,
      "p95_abs_error": 18.75,
      "overshoot_peak": 13.0,
      "settle_delay_s": 0.5863333333333334,
      "pwm_settle_delay_s": 1.1815952380952381,
      "saturation_ratio": 0.017857142857142856,
      "steady_abs_error_ratio": 0.08412698412698413,
      "p95_error_ratio": 0.1729365079365079,
      "settle_time_ratio": 0.3502724793954246,
      "pwm_settle_time_ratio": 0.7546975546975547,
      "overshoot_ratio": 0.023809523809523808,
      "oscillation_ratio": 0.05167478856106182,
      "attainment_ratio": 0.916931216931217,
      "rail_hit_ratio": 0.02142857142857143,
      "pwm_chatter_ratio": 0.0,
      "tail_mean_abs_error": 8.912698412698413,
      "tail_pwm_jump_abs": 1152.8095238095239,
      "terminal_requirements_ok": false,
      "pwm_limit_reasonable": false,
      "pwm_limit_note": "terminal steady-state gate failed (tail error or PWM jump exceeded limits)",
      "weighted_score": Infinity
    },
    "right": {
      "wheel": "right",
      "sample_count": 56,
      "mean_abs_error": 17.517857142857142,
      "p95_abs_error": 27.0,
      "overshoot_peak": 35.0,
      "settle_delay_s": 1.5475,
      "pwm_settle_delay_s": 1.3534761904761905,
      "saturation_ratio": 0.0,
      "steady_abs_error_ratio": 0.16296296296296298,
      "p95_error_ratio": 0.24833333333333332,
      "settle_time_ratio": 1.0,
      "pwm_settle_time_ratio": 0.8670230925147624,
      "overshoot_ratio": 0.06349206349206349,
      "oscillation_ratio": 0.03614151039729635,
      "attainment_ratio": 0.8370370370370371,
      "rail_hit_ratio": 0.0,
      "pwm_chatter_ratio": 0.0,
      "tail_mean_abs_error": 17.523809523809526,
      "tail_pwm_jump_abs": 502.0,
      "terminal_requirements_ok": false,
      "pwm_limit_reasonable": false,
      "pwm_limit_note": "terminal steady-state gate failed (tail error or PWM jump exceeded limits)",
      "weighted_score": Infinity
    }
  },
  "csv_path": "/home/madejuele/projects/2K0300/new/verification/manual-probes/20260423T043419Z-left-p-repeat-validate/left-p139/repeat-02/attempt-01/telemetry.csv",
  "host_log_path": "/home/madejuele/projects/2K0300/new/verification/manual-probes/20260423T043419Z-left-p-repeat-validate/left-p139/repeat-02/attempt-01/host.log",
  "board_log_path": "/home/madejuele/projects/2K0300/new/verification/manual-probes/20260423T043419Z-left-p-repeat-validate/left-p139/repeat-02/attempt-01/board.log",
  "params_path": "/home/madejuele/projects/2K0300/new/verification/manual-probes/20260423T043419Z-left-p-repeat-validate/left-p139/repeat-02/attempt-01/params.json",
  "tuning_exit_code": 0,
  "receiver_error": null,
  "ack_complete": true,
  "snapshot_cleared_seen": true,
  "board_markers_ok": true,
  "unexpected_failsafe": false,
  "runtime_error": null,
  "accepted": false,
  "accepted_reason": ""
}
