{
  "name": "round-001-p-screen",
  "candidate_label": "left-p=100.500000; right-p=100.500000",
  "wheel_scores": {
    "left": {
      "wheel": "left",
      "sample_count": 19,
      "mean_abs_error": 15.421052631578947,
      "p95_abs_error": 21.199999999999996,
      "overshoot_peak": 5.0,
      "settle_delay_s": 1.0946666666666667,
      "pwm_settle_delay_s": 0.5799047619047618,
      "saturation_ratio": 0.0,
      "steady_abs_error_ratio": 0.14497354497354498,
      "p95_error_ratio": 0.1903174603174603,
      "settle_time_ratio": 1.0,
      "pwm_settle_time_ratio": 0.5523006895651938,
      "overshoot_ratio": 0.015873015873015872,
      "oscillation_ratio": 0.020067867184270144,
      "attainment_ratio": 0.8550264550264551,
      "rail_hit_ratio": 0.0,
      "pwm_chatter_ratio": 0.0,
      "tail_mean_abs_error": 14.968253968253968,
      "tail_pwm_jump_abs": 232.38095238095238,
      "terminal_requirements_ok": true,
      "pwm_limit_reasonable": true,
      "pwm_limit_note": "within current wheel-PID test envelope",
      "weighted_score": 0.8326303987402299
    },
    "right": {
      "wheel": "right",
      "sample_count": 19,
      "mean_abs_error": 14.105263157894736,
      "p95_abs_error": 24.0,
      "overshoot_peak": 13.0,
      "settle_delay_s": 1.0946666666666667,
      "pwm_settle_delay_s": 1.092952380952381,
      "saturation_ratio": 0.0,
      "steady_abs_error_ratio": 0.13968253968253969,
      "p95_error_ratio": 0.21285714285714286,
      "settle_time_ratio": 1.0,
      "pwm_settle_time_ratio": 1.0,
      "overshoot_ratio": 0.04126984126984127,
      "oscillation_ratio": 0.06602560674053094,
      "attainment_ratio": 0.8603174603174604,
      "rail_hit_ratio": 0.0,
      "pwm_chatter_ratio": 0.0,
      "tail_mean_abs_error": 14.73015873015873,
      "tail_pwm_jump_abs": 627.5238095238095,
      "terminal_requirements_ok": true,
      "pwm_limit_reasonable": true,
      "pwm_limit_note": "within current wheel-PID test envelope",
      "weighted_score": 1.7727337776052703
    }
  },
  "csv_path": "/home/madejuele/projects/2K0300/new/verification/auto-wheel-pid/20260423T114214Z/round-001-p-screen/attempt-01/telemetry.csv",
  "host_log_path": "/home/madejuele/projects/2K0300/new/verification/auto-wheel-pid/20260423T114214Z/round-001-p-screen/attempt-01/host.log",
  "board_log_path": "/home/madejuele/projects/2K0300/new/verification/auto-wheel-pid/20260423T114214Z/round-001-p-screen/attempt-01/board.log",
  "params_path": "/home/madejuele/projects/2K0300/new/verification/auto-wheel-pid/20260423T114214Z/round-001-p-screen/attempt-01/params.json",
  "tuning_exit_code": 0,
  "receiver_error": null,
  "ack_complete": true,
  "snapshot_cleared_seen": true,
  "board_markers_ok": true,
  "unexpected_failsafe": false,
  "runtime_error": null,
  "accepted": false,
  "accepted_reason": "screen left score improved from inf to 0.832630; pending confirmation; screen right score improved from 1.967518 to 1.772734; pending confirmation"
}
