{
  "name": "round-003-p-screen",
  "candidate_label": "left-p=104.000000; right-p=104.000000",
  "wheel_scores": {
    "left": {
      "wheel": "left",
      "sample_count": 20,
      "mean_abs_error": 14.85,
      "p95_abs_error": 26.950000000000014,
      "overshoot_peak": 45.0,
      "settle_delay_s": 1.149,
      "pwm_settle_delay_s": 0.7279047619047619,
      "saturation_ratio": 0.05,
      "steady_abs_error_ratio": 0.15026455026455027,
      "p95_error_ratio": 0.26587301587301587,
      "settle_time_ratio": 1.0,
      "pwm_settle_time_ratio": 0.6398176291793313,
      "overshoot_ratio": 0.14285714285714285,
      "oscillation_ratio": 0.025508362431103826,
      "attainment_ratio": 0.8497354497354498,
      "rail_hit_ratio": 0.05,
      "pwm_chatter_ratio": 0.0,
      "tail_mean_abs_error": 15.904761904761905,
      "tail_pwm_jump_abs": 472.57142857142856,
      "terminal_requirements_ok": true,
      "pwm_limit_reasonable": true,
      "pwm_limit_note": "within current wheel-PID test envelope",
      "weighted_score": 1.6325858469376957
    },
    "right": {
      "wheel": "right",
      "sample_count": 20,
      "mean_abs_error": 17.1,
      "p95_abs_error": 32.55000000000001,
      "overshoot_peak": 43.0,
      "settle_delay_s": 0.9423333333333334,
      "pwm_settle_delay_s": 1.168047619047619,
      "saturation_ratio": 0.0,
      "steady_abs_error_ratio": 0.13015873015873017,
      "p95_error_ratio": 0.2855555555555555,
      "settle_time_ratio": 0.7825578676642506,
      "pwm_settle_time_ratio": 1.0,
      "overshoot_ratio": 0.1365079365079365,
      "oscillation_ratio": 0.04831208768848521,
      "attainment_ratio": 0.8698412698412699,
      "rail_hit_ratio": 0.0,
      "pwm_chatter_ratio": 0.0,
      "tail_mean_abs_error": 13.253968253968255,
      "tail_pwm_jump_abs": 541.3809523809524,
      "terminal_requirements_ok": true,
      "pwm_limit_reasonable": true,
      "pwm_limit_note": "within current wheel-PID test envelope",
      "weighted_score": 1.763665137015543
    }
  },
  "csv_path": "/home/madejuele/projects/2K0300/new/verification/auto-wheel-pid/20260423T064924Z/round-003-p-screen/attempt-01/telemetry.csv",
  "host_log_path": "/home/madejuele/projects/2K0300/new/verification/auto-wheel-pid/20260423T064924Z/round-003-p-screen/attempt-01/host.log",
  "board_log_path": "/home/madejuele/projects/2K0300/new/verification/auto-wheel-pid/20260423T064924Z/round-003-p-screen/attempt-01/board.log",
  "params_path": "/home/madejuele/projects/2K0300/new/verification/auto-wheel-pid/20260423T064924Z/round-003-p-screen/attempt-01/params.json",
  "tuning_exit_code": 0,
  "receiver_error": null,
  "ack_complete": true,
  "snapshot_cleared_seen": true,
  "board_markers_ok": true,
  "unexpected_failsafe": false,
  "runtime_error": null,
  "accepted": false,
  "accepted_reason": "screen left score improved from 1.739611 to 1.632586; pending confirmation; screen right score 1.763665 did not beat 1.764955 by 5%"
}
