{
  "name": "baseline-screen",
  "candidate_label": "current-working-params-screen",
  "wheel_scores": {
    "left": {
      "wheel": "left",
      "sample_count": 21,
      "mean_abs_error": 13.476190476190476,
      "p95_abs_error": 22.0,
      "overshoot_peak": 13.0,
      "settle_delay_s": 1.1903333333333332,
      "pwm_settle_delay_s": 0.8914285714285712,
      "saturation_ratio": 0.047619047619047616,
      "steady_abs_error_ratio": 0.13227513227513227,
      "p95_error_ratio": 0.18920634920634918,
      "settle_time_ratio": 1.0,
      "pwm_settle_time_ratio": 0.7539610060681253,
      "overshoot_ratio": 0.04126984126984127,
      "oscillation_ratio": 0.025446107193958498,
      "attainment_ratio": 0.8677248677248679,
      "rail_hit_ratio": 0.0,
      "pwm_chatter_ratio": 0.0,
      "tail_mean_abs_error": 14.873015873015873,
      "tail_pwm_jump_abs": 290.42857142857144,
      "terminal_requirements_ok": true,
      "pwm_limit_reasonable": true,
      "pwm_limit_note": "within current wheel-PID test envelope",
      "weighted_score": 1.0089661979862783
    },
    "right": {
      "wheel": "right",
      "sample_count": 21,
      "mean_abs_error": 22.476190476190474,
      "p95_abs_error": 29.0,
      "overshoot_peak": 0.0,
      "settle_delay_s": 1.1903333333333332,
      "pwm_settle_delay_s": 0.7363809523809524,
      "saturation_ratio": 0.09523809523809523,
      "steady_abs_error_ratio": 0.22857142857142856,
      "p95_error_ratio": 0.28317460317460313,
      "settle_time_ratio": 1.0,
      "pwm_settle_time_ratio": 0.6216216047813452,
      "overshoot_ratio": 0.0,
      "oscillation_ratio": 0.03266727687512364,
      "attainment_ratio": 0.7714285714285715,
      "rail_hit_ratio": 0.09523809523809523,
      "pwm_chatter_ratio": 0.0,
      "tail_mean_abs_error": 23.77777777777778,
      "tail_pwm_jump_abs": 758.8095238095239,
      "terminal_requirements_ok": false,
      "pwm_limit_reasonable": false,
      "pwm_limit_note": "terminal steady-state gate failed (tail error or PWM jump exceeded limits)",
      "weighted_score": Infinity
    }
  },
  "csv_path": "/home/madejuele/projects/2K0300/new/verification/auto-wheel-pid/20260423T101543Z/baseline-screen/attempt-01/telemetry.csv",
  "host_log_path": "/home/madejuele/projects/2K0300/new/verification/auto-wheel-pid/20260423T101543Z/baseline-screen/attempt-01/host.log",
  "board_log_path": "/home/madejuele/projects/2K0300/new/verification/auto-wheel-pid/20260423T101543Z/baseline-screen/attempt-01/board.log",
  "params_path": "/home/madejuele/projects/2K0300/new/verification/auto-wheel-pid/20260423T101543Z/baseline-screen/attempt-01/params.json",
  "tuning_exit_code": 0,
  "receiver_error": null,
  "ack_complete": true,
  "snapshot_cleared_seen": true,
  "board_markers_ok": true,
  "unexpected_failsafe": false,
  "runtime_error": null,
  "accepted": true,
  "accepted_reason": "baseline-screen"
}
