{
  "name": "round-008-i-screen",
  "candidate_label": "left-i=4.000000; right-i=4.000000",
  "wheel_scores": {
    "left": {
      "wheel": "left",
      "sample_count": 29,
      "mean_abs_error": 17.344827586206897,
      "p95_abs_error": 33.199999999999996,
      "overshoot_peak": 54.0,
      "settle_delay_s": 1.5746666666666667,
      "pwm_settle_delay_s": 1.5866666666666667,
      "saturation_ratio": 0.3103448275862069,
      "steady_abs_error_ratio": 0.13968253968253969,
      "p95_error_ratio": 0.3238095238095237,
      "settle_time_ratio": 1.0,
      "pwm_settle_time_ratio": 1.0,
      "overshoot_ratio": 0.2761904761904762,
      "oscillation_ratio": 0.12251798178223942,
      "attainment_ratio": 0.9195767195767196,
      "rail_hit_ratio": 0.28148148148148144,
      "pwm_chatter_ratio": 0.24801587301587302,
      "tail_mean_abs_error": 14.444444444444445,
      "tail_pwm_jump_abs": 2342.714285714286,
      "terminal_requirements_ok": false,
      "pwm_limit_reasonable": false,
      "pwm_limit_note": "terminal steady-state gate failed (tail error or PWM jump exceeded limits)",
      "weighted_score": Infinity
    },
    "right": {
      "wheel": "right",
      "sample_count": 29,
      "mean_abs_error": 17.0,
      "p95_abs_error": 26.599999999999998,
      "overshoot_peak": 47.0,
      "settle_delay_s": 1.5746666666666667,
      "pwm_settle_delay_s": 1.4640000000000002,
      "saturation_ratio": 0.0,
      "steady_abs_error_ratio": 0.1343915343915344,
      "p95_error_ratio": 0.2749206349206348,
      "settle_time_ratio": 1.0,
      "pwm_settle_time_ratio": 0.9257465698143664,
      "overshoot_ratio": 0.1619047619047619,
      "oscillation_ratio": 0.05792286221452622,
      "attainment_ratio": 0.8825396825396825,
      "rail_hit_ratio": 0.0,
      "pwm_chatter_ratio": 0.0,
      "tail_mean_abs_error": 13.507936507936508,
      "tail_pwm_jump_abs": 957.6666666666666,
      "terminal_requirements_ok": false,
      "pwm_limit_reasonable": false,
      "pwm_limit_note": "terminal steady-state gate failed (tail error or PWM jump exceeded limits)",
      "weighted_score": Infinity
    }
  },
  "csv_path": "/home/madejuele/projects/2K0300/new/verification/auto-wheel-pid/20260423T014247Z/round-008-i-screen/attempt-01/telemetry.csv",
  "host_log_path": "/home/madejuele/projects/2K0300/new/verification/auto-wheel-pid/20260423T014247Z/round-008-i-screen/attempt-01/host.log",
  "board_log_path": "/home/madejuele/projects/2K0300/new/verification/auto-wheel-pid/20260423T014247Z/round-008-i-screen/attempt-01/board.log",
  "params_path": "/home/madejuele/projects/2K0300/new/verification/auto-wheel-pid/20260423T014247Z/round-008-i-screen/attempt-01/params.json",
  "tuning_exit_code": 0,
  "receiver_error": null,
  "ack_complete": true,
  "snapshot_cleared_seen": true,
  "board_markers_ok": true,
  "unexpected_failsafe": false,
  "runtime_error": null,
  "accepted": false,
  "accepted_reason": "screen left terminal gate failed: tail PWM jump 2342.714 > 800.000; screen right terminal gate failed: tail PWM jump 957.667 > 800.000"
}
