{
  "name": "round-007-right-p",
  "candidate_label": "right-p=87.890625",
  "wheel_scores": {
    "left": {
      "wheel": "left",
      "sample_count": 53,
      "mean_abs_error": 13.358490566037736,
      "p95_abs_error": 32.4,
      "overshoot_peak": 36.0,
      "settle_delay_s": 1.445,
      "pwm_settle_delay_s": 1.5888333333333333,
      "saturation_ratio": 0.07547169811320754,
      "steady_abs_error_ratio": 0.16296296296296298,
      "p95_error_ratio": 0.28509259259259256,
      "settle_time_ratio": 0.8899917287014062,
      "pwm_settle_time_ratio": 1.0,
      "overshoot_ratio": 0.11481481481481481,
      "oscillation_ratio": 0.10796982618026665,
      "attainment_ratio": 0.8814814814814815,
      "rail_hit_ratio": 0.03773584905660377,
      "pwm_chatter_ratio": 0.0625,
      "tail_mean_abs_error": 15.5,
      "tail_pwm_jump_abs": 1206.0555555555557,
      "terminal_requirements_ok": false,
      "pwm_limit_reasonable": false,
      "pwm_limit_note": "terminal steady-state gate failed (tail error or PWM jump exceeded limits)",
      "weighted_score": Infinity
    },
    "right": {
      "wheel": "right",
      "sample_count": 53,
      "mean_abs_error": 16.09433962264151,
      "p95_abs_error": 28.4,
      "overshoot_peak": 4.0,
      "settle_delay_s": 1.578,
      "pwm_settle_delay_s": 1.5206666666666666,
      "saturation_ratio": 0.03773584905660377,
      "steady_abs_error_ratio": 0.19382716049382714,
      "p95_error_ratio": 0.3012962962962963,
      "settle_time_ratio": 1.0,
      "pwm_settle_time_ratio": 0.9576604554865424,
      "overshoot_ratio": 0.007407407407407408,
      "oscillation_ratio": 0.06149204336806783,
      "attainment_ratio": 0.8111111111111111,
      "rail_hit_ratio": 0.043209876543209874,
      "pwm_chatter_ratio": 0.0,
      "tail_mean_abs_error": 17.24074074074074,
      "tail_pwm_jump_abs": 847.5,
      "terminal_requirements_ok": false,
      "pwm_limit_reasonable": false,
      "pwm_limit_note": "terminal steady-state gate failed (tail error or PWM jump exceeded limits)",
      "weighted_score": Infinity
    }
  },
  "csv_path": "/home/madejuele/projects/2K0300/new/verification/auto-wheel-pid/20260422T135601Z/round-007-right-p/attempt-01/telemetry.csv",
  "host_log_path": "/home/madejuele/projects/2K0300/new/verification/auto-wheel-pid/20260422T135601Z/round-007-right-p/attempt-01/host.log",
  "board_log_path": "/home/madejuele/projects/2K0300/new/verification/auto-wheel-pid/20260422T135601Z/round-007-right-p/attempt-01/board.log",
  "params_path": "/home/madejuele/projects/2K0300/new/verification/auto-wheel-pid/20260422T135601Z/round-007-right-p/attempt-01/params.json",
  "tuning_exit_code": 0,
  "receiver_error": null,
  "ack_complete": true,
  "snapshot_cleared_seen": true,
  "board_markers_ok": true,
  "unexpected_failsafe": false,
  "runtime_error": null,
  "accepted": false,
  "accepted_reason": "right score 87.548471 did not beat 61.108075 by 5%"
}
