{
  "name": "round-002-d-screen",
  "candidate_label": "left-d=1.250000; right-d=1.250000",
  "wheel_scores": {
    "left": {
      "wheel": "left",
      "sample_count": 28,
      "mean_abs_error": 14.571428571428571,
      "p95_abs_error": 37.24999999999999,
      "overshoot_peak": 39.0,
      "settle_delay_s": 0.619,
      "pwm_settle_delay_s": 1.5620952380952382,
      "saturation_ratio": 0.21428571428571427,
      "steady_abs_error_ratio": 0.12275132275132275,
      "p95_error_ratio": 0.31904761904761897,
      "settle_time_ratio": 0.32650964491037615,
      "pwm_settle_time_ratio": 1.0,
      "overshoot_ratio": 0.25396825396825395,
      "oscillation_ratio": 0.11907528328295984,
      "attainment_ratio": 0.925925925925926,
      "rail_hit_ratio": 0.15978835978835979,
      "pwm_chatter_ratio": 0.23214285714285715,
      "tail_mean_abs_error": 13.492063492063492,
      "tail_pwm_jump_abs": 2317.5238095238096,
      "terminal_requirements_ok": false,
      "pwm_limit_reasonable": false,
      "pwm_limit_note": "terminal steady-state gate failed (tail error or PWM jump exceeded limits)",
      "weighted_score": Infinity
    },
    "right": {
      "wheel": "right",
      "sample_count": 28,
      "mean_abs_error": 17.571428571428573,
      "p95_abs_error": 26.65,
      "overshoot_peak": 0.0,
      "settle_delay_s": 1.5453333333333334,
      "pwm_settle_delay_s": 1.5620952380952382,
      "saturation_ratio": 0.03571428571428571,
      "steady_abs_error_ratio": 0.16507936507936508,
      "p95_error_ratio": 0.2884126984126983,
      "settle_time_ratio": 1.0,
      "pwm_settle_time_ratio": 1.0,
      "overshoot_ratio": 0.0,
      "oscillation_ratio": 0.052433010747262074,
      "attainment_ratio": 0.834920634920635,
      "rail_hit_ratio": 0.04285714285714286,
      "pwm_chatter_ratio": 0.0,
      "tail_mean_abs_error": 17.333333333333332,
      "tail_pwm_jump_abs": 869.6666666666666,
      "terminal_requirements_ok": false,
      "pwm_limit_reasonable": false,
      "pwm_limit_note": "terminal steady-state gate failed (tail error or PWM jump exceeded limits)",
      "weighted_score": Infinity
    }
  },
  "csv_path": "/home/madejuele/projects/2K0300/new/verification/auto-wheel-pid/20260423T013250Z/round-002-d-screen/attempt-01/telemetry.csv",
  "host_log_path": "/home/madejuele/projects/2K0300/new/verification/auto-wheel-pid/20260423T013250Z/round-002-d-screen/attempt-01/host.log",
  "board_log_path": "/home/madejuele/projects/2K0300/new/verification/auto-wheel-pid/20260423T013250Z/round-002-d-screen/attempt-01/board.log",
  "params_path": "/home/madejuele/projects/2K0300/new/verification/auto-wheel-pid/20260423T013250Z/round-002-d-screen/attempt-01/params.json",
  "tuning_exit_code": 0,
  "receiver_error": null,
  "ack_complete": true,
  "snapshot_cleared_seen": true,
  "board_markers_ok": true,
  "unexpected_failsafe": false,
  "runtime_error": null,
  "accepted": false,
  "accepted_reason": "screen left terminal gate failed: tail PWM jump 2317.524 > 800.000; screen right terminal gate failed: tail PWM jump 869.667 > 800.000"
}
