{
  "name": "baseline",
  "candidate_label": "current-working-params",
  "wheel_scores": {
    "left": {
      "wheel": "left",
      "sample_count": 29,
      "mean_abs_error": 16.79310344827586,
      "p95_abs_error": 32.199999999999996,
      "overshoot_peak": 31.0,
      "settle_delay_s": 1.231,
      "pwm_settle_delay_s": 1.6106666666666667,
      "saturation_ratio": 0.20689655172413793,
      "steady_abs_error_ratio": 0.1523809523809524,
      "p95_error_ratio": 0.29428571428571426,
      "settle_time_ratio": 0.7790603483191576,
      "pwm_settle_time_ratio": 1.0,
      "overshoot_ratio": 0.2634920634920635,
      "oscillation_ratio": 0.12387522954652037,
      "attainment_ratio": 0.9322751322751324,
      "rail_hit_ratio": 0.19788359788359786,
      "pwm_chatter_ratio": 0.2943121693121693,
      "tail_mean_abs_error": 16.761904761904763,
      "tail_pwm_jump_abs": 2211.809523809524,
      "terminal_requirements_ok": false,
      "pwm_limit_reasonable": false,
      "pwm_limit_note": "terminal steady-state gate failed (tail error or PWM jump exceeded limits)",
      "weighted_score": Infinity
    },
    "right": {
      "wheel": "right",
      "sample_count": 29,
      "mean_abs_error": 15.068965517241379,
      "p95_abs_error": 24.799999999999994,
      "overshoot_peak": 0.0,
      "settle_delay_s": 1.5946666666666667,
      "pwm_settle_delay_s": 0.9022380952380952,
      "saturation_ratio": 0.034482758620689655,
      "steady_abs_error_ratio": 0.1343915343915344,
      "p95_error_ratio": 0.2517460317460317,
      "settle_time_ratio": 1.0,
      "pwm_settle_time_ratio": 0.5714285714285714,
      "overshoot_ratio": 0.0,
      "oscillation_ratio": 0.04401454952921365,
      "attainment_ratio": 0.8656084656084657,
      "rail_hit_ratio": 0.04285714285714286,
      "pwm_chatter_ratio": 0.0,
      "tail_mean_abs_error": 14.047619047619047,
      "tail_pwm_jump_abs": 921.9047619047619,
      "terminal_requirements_ok": false,
      "pwm_limit_reasonable": false,
      "pwm_limit_note": "terminal steady-state gate failed (tail error or PWM jump exceeded limits)",
      "weighted_score": Infinity
    }
  },
  "csv_path": "/home/madejuele/projects/2K0300/new/verification/auto-wheel-pid/20260423T012139Z/baseline/attempt-01/telemetry.csv",
  "host_log_path": "/home/madejuele/projects/2K0300/new/verification/auto-wheel-pid/20260423T012139Z/baseline/attempt-01/host.log",
  "board_log_path": "/home/madejuele/projects/2K0300/new/verification/auto-wheel-pid/20260423T012139Z/baseline/attempt-01/board.log",
  "params_path": "/home/madejuele/projects/2K0300/new/verification/auto-wheel-pid/20260423T012139Z/baseline/attempt-01/params.json",
  "tuning_exit_code": 0,
  "receiver_error": null,
  "ack_complete": true,
  "snapshot_cleared_seen": true,
  "board_markers_ok": true,
  "unexpected_failsafe": false,
  "runtime_error": null,
  "accepted": true,
  "accepted_reason": "baseline"
}
