{
  "name": "round-004-left-p",
  "candidate_label": "left-p=90.000000",
  "wheel_scores": {
    "left": {
      "wheel": "left",
      "sample_count": 61,
      "mean_abs_error": 13.229508196721312,
      "p95_abs_error": 25.0,
      "overshoot_peak": 23.0,
      "settle_delay_s": 1.8711666666666666,
      "pwm_settle_delay_s": 1.852277777777778,
      "saturation_ratio": 0.01639344262295082,
      "steady_abs_error_ratio": 0.1339506172839506,
      "p95_error_ratio": 0.247037037037037,
      "settle_time_ratio": 1.0,
      "pwm_settle_time_ratio": 0.9812693216948537,
      "overshoot_ratio": 0.14074074074074075,
      "oscillation_ratio": 0.1046004514040763,
      "attainment_ratio": 0.9018518518518519,
      "rail_hit_ratio": 0.016666666666666666,
      "pwm_chatter_ratio": 0.05555555555555555,
      "tail_mean_abs_error": 12.87037037037037,
      "tail_pwm_jump_abs": 1495.0,
      "terminal_requirements_ok": false,
      "pwm_limit_reasonable": false,
      "pwm_limit_note": "terminal steady-state gate failed (tail error or PWM jump exceeded limits)",
      "weighted_score": Infinity
    },
    "right": {
      "wheel": "right",
      "sample_count": 61,
      "mean_abs_error": 22.59016393442623,
      "p95_abs_error": 32.0,
      "overshoot_peak": 0.0,
      "settle_delay_s": 1.8711666666666666,
      "pwm_settle_delay_s": 1.6050555555555557,
      "saturation_ratio": 0.0,
      "steady_abs_error_ratio": 0.25925925925925924,
      "p95_error_ratio": 0.3416666666666667,
      "settle_time_ratio": 1.0,
      "pwm_settle_time_ratio": 0.8500769139746776,
      "overshoot_ratio": 0.0,
      "oscillation_ratio": 0.05017102880267423,
      "attainment_ratio": 0.7407407407407407,
      "rail_hit_ratio": 0.0,
      "pwm_chatter_ratio": 0.0,
      "tail_mean_abs_error": 23.51851851851852,
      "tail_pwm_jump_abs": 401.22222222222223,
      "terminal_requirements_ok": false,
      "pwm_limit_reasonable": false,
      "pwm_limit_note": "terminal steady-state gate failed (tail error or PWM jump exceeded limits)",
      "weighted_score": Infinity
    }
  },
  "csv_path": "/home/madejuele/projects/2K0300/new/verification/auto-wheel-pid/20260422T124500Z/round-004-left-p/attempt-01/telemetry.csv",
  "host_log_path": "/home/madejuele/projects/2K0300/new/verification/auto-wheel-pid/20260422T124500Z/round-004-left-p/attempt-01/host.log",
  "board_log_path": "/home/madejuele/projects/2K0300/new/verification/auto-wheel-pid/20260422T124500Z/round-004-left-p/attempt-01/board.log",
  "params_path": "/home/madejuele/projects/2K0300/new/verification/auto-wheel-pid/20260422T124500Z/round-004-left-p/attempt-01/params.json",
  "tuning_exit_code": 0,
  "receiver_error": null,
  "ack_complete": true,
  "snapshot_cleared_seen": true,
  "board_markers_ok": true,
  "unexpected_failsafe": false,
  "runtime_error": null,
  "accepted": true,
  "accepted_reason": "left score improved from 15.098742 to 14.288987"
}
