{
  "name": "right-p85",
  "candidate_label": "left-p=139.000000; right-p=85.000000; right-alpha=0.400000",
  "wheel_scores": {
    "left": {
      "wheel": "left",
      "sample_count": 56,
      "mean_abs_error": 15.75,
      "p95_abs_error": 46.0,
      "overshoot_peak": 58.0,
      "settle_delay_s": 0.7695000000000001,
      "pwm_settle_delay_s": 1.4235000000000002,
      "saturation_ratio": 0.08928571428571429,
      "steady_abs_error_ratio": 0.12275132275132275,
      "p95_error_ratio": 0.35714285714285704,
      "settle_time_ratio": 0.49374686470987744,
      "pwm_settle_time_ratio": 0.9266520910868121,
      "overshoot_ratio": 0.2,
      "oscillation_ratio": 0.07752509785290901,
      "attainment_ratio": 0.9417989417989419,
      "rail_hit_ratio": 0.07407407407407407,
      "pwm_chatter_ratio": 0.0,
      "tail_mean_abs_error": 12.634920634920634,
      "tail_pwm_jump_abs": 514.7142857142857,
      "terminal_requirements_ok": false,
      "pwm_limit_reasonable": false,
      "pwm_limit_note": "terminal steady-state gate failed (tail error or PWM jump exceeded limits)",
      "weighted_score": Infinity
    },
    "right": {
      "wheel": "right",
      "sample_count": 56,
      "mean_abs_error": 15.232142857142858,
      "p95_abs_error": 27.5,
      "overshoot_peak": 0.0,
      "settle_delay_s": 1.4133333333333333,
      "pwm_settle_delay_s": 1.2195952380952382,
      "saturation_ratio": 0.017857142857142856,
      "steady_abs_error_ratio": 0.12380952380952381,
      "p95_error_ratio": 0.26563492063492056,
      "settle_time_ratio": 0.8924929591143052,
      "pwm_settle_time_ratio": 0.7857142857142857,
      "overshoot_ratio": 0.0,
      "oscillation_ratio": 0.04934872489013592,
      "attainment_ratio": 0.8761904761904762,
      "rail_hit_ratio": 0.017857142857142856,
      "pwm_chatter_ratio": 0.0,
      "tail_mean_abs_error": 12.777777777777779,
      "tail_pwm_jump_abs": 341.42857142857144,
      "terminal_requirements_ok": true,
      "pwm_limit_reasonable": true,
      "pwm_limit_note": "within current wheel-PID test envelope",
      "weighted_score": 1.6901864085351113
    }
  },
  "csv_path": "/home/madejuele/projects/2K0300/new/verification/manual-probes/20260423T041956Z-right-alpha04-p-window-scan/right-p85/attempt-01/telemetry.csv",
  "host_log_path": "/home/madejuele/projects/2K0300/new/verification/manual-probes/20260423T041956Z-right-alpha04-p-window-scan/right-p85/attempt-01/host.log",
  "board_log_path": "/home/madejuele/projects/2K0300/new/verification/manual-probes/20260423T041956Z-right-alpha04-p-window-scan/right-p85/attempt-01/board.log",
  "params_path": "/home/madejuele/projects/2K0300/new/verification/manual-probes/20260423T041956Z-right-alpha04-p-window-scan/right-p85/attempt-01/params.json",
  "tuning_exit_code": 0,
  "receiver_error": null,
  "ack_complete": true,
  "snapshot_cleared_seen": true,
  "board_markers_ok": true,
  "unexpected_failsafe": false,
  "runtime_error": null,
  "accepted": false,
  "accepted_reason": ""
}
