{
  "name": "baseline-screen",
  "candidate_label": "current-working-params-screen",
  "wheel_scores": {
    "left": {
      "wheel": "left",
      "sample_count": 19,
      "mean_abs_error": 16.473684210526315,
      "p95_abs_error": 29.79999999999994,
      "overshoot_peak": 0.0,
      "settle_delay_s": 1.1273333333333333,
      "pwm_settle_delay_s": 0.8049999999999999,
      "saturation_ratio": 0.05263157894736842,
      "steady_abs_error_ratio": 0.15343915343915346,
      "p95_error_ratio": 0.2558730158730158,
      "settle_time_ratio": 1.0,
      "pwm_settle_time_ratio": 0.7013198135432066,
      "overshoot_ratio": 0.0,
      "oscillation_ratio": 0.0244715754762278,
      "attainment_ratio": 0.8465608465608464,
      "rail_hit_ratio": 0.061224489795918366,
      "pwm_chatter_ratio": 0.0,
      "tail_mean_abs_error": 16.650793650793652,
      "tail_pwm_jump_abs": 279.14285714285717,
      "terminal_requirements_ok": true,
      "pwm_limit_reasonable": true,
      "pwm_limit_note": "PWM limit is reachable in this round, but not the dominant issue by itself",
      "weighted_score": 1.4187091004118233
    },
    "right": {
      "wheel": "right",
      "sample_count": 19,
      "mean_abs_error": 18.31578947368421,
      "p95_abs_error": 33.999999999999936,
      "overshoot_peak": 0.0,
      "settle_delay_s": 1.1273333333333333,
      "pwm_settle_delay_s": 1.0815714285714286,
      "saturation_ratio": 0.10526315789473684,
      "steady_abs_error_ratio": 0.12804232804232804,
      "p95_error_ratio": 0.31904761904761897,
      "settle_time_ratio": 1.0,
      "pwm_settle_time_ratio": 0.9294750158127766,
      "overshoot_ratio": 0.0,
      "oscillation_ratio": 0.051556729689883986,
      "attainment_ratio": 0.8719576719576718,
      "rail_hit_ratio": 0.10526315789473684,
      "pwm_chatter_ratio": 0.0,
      "tail_mean_abs_error": 13.507936507936508,
      "tail_pwm_jump_abs": 672.5238095238095,
      "terminal_requirements_ok": false,
      "pwm_limit_reasonable": false,
      "pwm_limit_note": "terminal steady-state gate failed (tail error or PWM jump exceeded limits)",
      "weighted_score": Infinity
    }
  },
  "csv_path": "/home/madejuele/projects/2K0300/new/verification/auto-wheel-pid/20260423T093952Z/baseline-screen/attempt-01/telemetry.csv",
  "host_log_path": "/home/madejuele/projects/2K0300/new/verification/auto-wheel-pid/20260423T093952Z/baseline-screen/attempt-01/host.log",
  "board_log_path": "/home/madejuele/projects/2K0300/new/verification/auto-wheel-pid/20260423T093952Z/baseline-screen/attempt-01/board.log",
  "params_path": "/home/madejuele/projects/2K0300/new/verification/auto-wheel-pid/20260423T093952Z/baseline-screen/attempt-01/params.json",
  "tuning_exit_code": 0,
  "receiver_error": null,
  "ack_complete": true,
  "snapshot_cleared_seen": true,
  "board_markers_ok": true,
  "unexpected_failsafe": false,
  "runtime_error": null,
  "accepted": true,
  "accepted_reason": "baseline-screen"
}
