{
  "name": "baseline",
  "candidate_label": "current-working-params",
  "wheel_scores": {
    "left": {
      "wheel": "left",
      "sample_count": 51,
      "mean_abs_error": 16.627450980392158,
      "p95_abs_error": 22.5,
      "overshoot_peak": 4.0,
      "settle_delay_s": 1.5298333333333334,
      "pwm_settle_delay_s": 1.1527380952380952,
      "saturation_ratio": 0.058823529411764705,
      "steady_abs_error_ratio": 0.1703703703703704,
      "p95_error_ratio": 0.21531746031746032,
      "settle_time_ratio": 1.0,
      "pwm_settle_time_ratio": 0.7449106791351272,
      "overshoot_ratio": 0.006349206349206349,
      "oscillation_ratio": 0.037891796001113455,
      "attainment_ratio": 0.8296296296296296,
      "rail_hit_ratio": 0.0392156862745098,
      "pwm_chatter_ratio": 0.0,
      "tail_mean_abs_error": 17.80952380952381,
      "tail_pwm_jump_abs": 551.952380952381,
      "terminal_requirements_ok": false,
      "pwm_limit_reasonable": false,
      "pwm_limit_note": "terminal steady-state gate failed (tail error or PWM jump exceeded limits)",
      "weighted_score": Infinity
    },
    "right": {
      "wheel": "right",
      "sample_count": 51,
      "mean_abs_error": 13.509803921568627,
      "p95_abs_error": 21.0,
      "overshoot_peak": 14.0,
      "settle_delay_s": 1.5298333333333334,
      "pwm_settle_delay_s": 1.119595238095238,
      "saturation_ratio": 0.0196078431372549,
      "steady_abs_error_ratio": 0.14232804232804233,
      "p95_error_ratio": 0.18452380952380953,
      "settle_time_ratio": 1.0,
      "pwm_settle_time_ratio": 0.7449829559930049,
      "overshoot_ratio": 0.046031746031746035,
      "oscillation_ratio": 0.037979790379729574,
      "attainment_ratio": 0.8576719576719577,
      "rail_hit_ratio": 0.0196078431372549,
      "pwm_chatter_ratio": 0.0,
      "tail_mean_abs_error": 15.261904761904763,
      "tail_pwm_jump_abs": 577.7619047619048,
      "terminal_requirements_ok": false,
      "pwm_limit_reasonable": false,
      "pwm_limit_note": "terminal steady-state gate failed (tail error or PWM jump exceeded limits)",
      "weighted_score": Infinity
    }
  },
  "csv_path": "/home/madejuele/projects/2K0300/new/verification/auto-wheel-pid/20260423T115340Z/baseline/attempt-01/telemetry.csv",
  "host_log_path": "/home/madejuele/projects/2K0300/new/verification/auto-wheel-pid/20260423T115340Z/baseline/attempt-01/host.log",
  "board_log_path": "/home/madejuele/projects/2K0300/new/verification/auto-wheel-pid/20260423T115340Z/baseline/attempt-01/board.log",
  "params_path": "/home/madejuele/projects/2K0300/new/verification/auto-wheel-pid/20260423T115340Z/baseline/attempt-01/params.json",
  "tuning_exit_code": 0,
  "receiver_error": null,
  "ack_complete": true,
  "snapshot_cleared_seen": true,
  "board_markers_ok": true,
  "unexpected_failsafe": false,
  "runtime_error": null,
  "accepted": true,
  "accepted_reason": "baseline"
}
