{
  "name": "round-028-right-d",
  "candidate_label": "right-d=2.000000",
  "wheel_scores": {
    "left": {
      "wheel": "left",
      "sample_count": 51,
      "mean_abs_error": 14.196078431372548,
      "p95_abs_error": 27.0,
      "overshoot_peak": 23.0,
      "settle_delay_s": 1.2841666666666667,
      "pwm_settle_delay_s": 1.3705555555555555,
      "saturation_ratio": 0.0392156862745098,
      "steady_abs_error_ratio": 0.13333333333333333,
      "p95_error_ratio": 0.29148148148148145,
      "settle_time_ratio": 0.8537288833951381,
      "pwm_settle_time_ratio": 0.8963340971442824,
      "overshoot_ratio": 0.10925925925925926,
      "oscillation_ratio": 0.07395209037294746,
      "attainment_ratio": 0.8950617283950617,
      "rail_hit_ratio": 0.024691358024691357,
      "pwm_chatter_ratio": 0.05555555555555555,
      "tail_mean_abs_error": 12.11111111111111,
      "tail_pwm_jump_abs": 959.5,
      "terminal_requirements_ok": false,
      "pwm_limit_reasonable": false,
      "pwm_limit_note": "terminal steady-state gate failed (tail error or PWM jump exceeded limits)",
      "weighted_score": Infinity
    },
    "right": {
      "wheel": "right",
      "sample_count": 51,
      "mean_abs_error": 16.19607843137255,
      "p95_abs_error": 28.5,
      "overshoot_peak": 28.0,
      "settle_delay_s": 1.5208333333333333,
      "pwm_settle_delay_s": 1.203,
      "saturation_ratio": 0.0196078431372549,
      "steady_abs_error_ratio": 0.17407407407407408,
      "p95_error_ratio": 0.3025,
      "settle_time_ratio": 1.0,
      "pwm_settle_time_ratio": 0.8063472811805135,
      "overshoot_ratio": 0.10555555555555556,
      "oscillation_ratio": 0.0639579846481625,
      "attainment_ratio": 0.8358024691358025,
      "rail_hit_ratio": 0.0,
      "pwm_chatter_ratio": 0.013888888888888888,
      "tail_mean_abs_error": 15.944444444444445,
      "tail_pwm_jump_abs": 814.3888888888889,
      "terminal_requirements_ok": false,
      "pwm_limit_reasonable": false,
      "pwm_limit_note": "terminal steady-state gate failed (tail error or PWM jump exceeded limits)",
      "weighted_score": Infinity
    }
  },
  "csv_path": "/home/madejuele/projects/2K0300/new/verification/auto-wheel-pid/20260422T135601Z/round-028-right-d/attempt-01/telemetry.csv",
  "host_log_path": "/home/madejuele/projects/2K0300/new/verification/auto-wheel-pid/20260422T135601Z/round-028-right-d/attempt-01/host.log",
  "board_log_path": "/home/madejuele/projects/2K0300/new/verification/auto-wheel-pid/20260422T135601Z/round-028-right-d/attempt-01/board.log",
  "params_path": "/home/madejuele/projects/2K0300/new/verification/auto-wheel-pid/20260422T135601Z/round-028-right-d/attempt-01/params.json",
  "tuning_exit_code": 0,
  "receiver_error": null,
  "ack_complete": true,
  "snapshot_cleared_seen": true,
  "board_markers_ok": true,
  "unexpected_failsafe": false,
  "runtime_error": null,
  "accepted": false,
  "accepted_reason": "right score 81.160523 did not beat 61.108075 by 5%"
}
