{
  "name": "round-003-left-p",
  "candidate_label": "left-p=112.500000",
  "wheel_scores": {
    "left": {
      "wheel": "left",
      "sample_count": 52,
      "mean_abs_error": 15.711538461538462,
      "p95_abs_error": 36.34999999999999,
      "overshoot_peak": 38.0,
      "settle_delay_s": 1.5506666666666666,
      "pwm_settle_delay_s": 1.4851666666666667,
      "saturation_ratio": 0.1346153846153846,
      "steady_abs_error_ratio": 0.1345679012345679,
      "p95_error_ratio": 0.36055555555555546,
      "settle_time_ratio": 1.0,
      "pwm_settle_time_ratio": 0.9582294264339152,
      "overshoot_ratio": 0.2962962962962963,
      "oscillation_ratio": 0.11433644979060267,
      "attainment_ratio": 0.9679012345679011,
      "rail_hit_ratio": 0.1280864197530864,
      "pwm_chatter_ratio": 0.11011904761904762,
      "tail_mean_abs_error": 12.425925925925926,
      "tail_pwm_jump_abs": 1476.388888888889,
      "terminal_requirements_ok": false,
      "pwm_limit_reasonable": false,
      "pwm_limit_note": "terminal steady-state gate failed (tail error or PWM jump exceeded limits)",
      "weighted_score": Infinity
    },
    "right": {
      "wheel": "right",
      "sample_count": 52,
      "mean_abs_error": 18.615384615384617,
      "p95_abs_error": 30.89999999999999,
      "overshoot_peak": 28.0,
      "settle_delay_s": 1.5506666666666666,
      "pwm_settle_delay_s": 1.5521666666666667,
      "saturation_ratio": 0.019230769230769232,
      "steady_abs_error_ratio": 0.19012345679012346,
      "p95_error_ratio": 0.3231481481481481,
      "settle_time_ratio": 1.0,
      "pwm_settle_time_ratio": 1.0,
      "overshoot_ratio": 0.12037037037037036,
      "oscillation_ratio": 0.1012279988109426,
      "attainment_ratio": 0.8641975308641976,
      "rail_hit_ratio": 0.0,
      "pwm_chatter_ratio": 0.0,
      "tail_mean_abs_error": 17.666666666666668,
      "tail_pwm_jump_abs": 910.1111111111111,
      "terminal_requirements_ok": false,
      "pwm_limit_reasonable": false,
      "pwm_limit_note": "terminal steady-state gate failed (tail error or PWM jump exceeded limits)",
      "weighted_score": Infinity
    }
  },
  "csv_path": "/home/madejuele/projects/2K0300/new/verification/auto-wheel-pid/20260422T135601Z/round-003-left-p/attempt-01/telemetry.csv",
  "host_log_path": "/home/madejuele/projects/2K0300/new/verification/auto-wheel-pid/20260422T135601Z/round-003-left-p/attempt-01/host.log",
  "board_log_path": "/home/madejuele/projects/2K0300/new/verification/auto-wheel-pid/20260422T135601Z/round-003-left-p/attempt-01/board.log",
  "params_path": "/home/madejuele/projects/2K0300/new/verification/auto-wheel-pid/20260422T135601Z/round-003-left-p/attempt-01/params.json",
  "tuning_exit_code": 0,
  "receiver_error": null,
  "ack_complete": true,
  "snapshot_cleared_seen": true,
  "board_markers_ok": true,
  "unexpected_failsafe": false,
  "runtime_error": null,
  "accepted": false,
  "accepted_reason": "left score 143.335252 did not beat 147.925329 by 5%"
}
