{
  "name": "round-005-i-screen",
  "candidate_label": "left-i=2.500000; right-i=2.500000",
  "wheel_scores": {
    "left": {
      "wheel": "left",
      "sample_count": 31,
      "mean_abs_error": 10.838709677419354,
      "p95_abs_error": 26.0,
      "overshoot_peak": 33.0,
      "settle_delay_s": 0.5323333333333333,
      "pwm_settle_delay_s": 1.6913809523809527,
      "saturation_ratio": 0.12903225806451613,
      "steady_abs_error_ratio": 0.09947089947089947,
      "p95_error_ratio": 0.22761904761904758,
      "settle_time_ratio": 0.3816850867564665,
      "pwm_settle_time_ratio": 1.0,
      "overshoot_ratio": 0.23809523809523808,
      "oscillation_ratio": 0.10664277031226096,
      "attainment_ratio": 1.0677248677248679,
      "rail_hit_ratio": 0.1484126984126984,
      "pwm_chatter_ratio": 0.16017316017316016,
      "tail_mean_abs_error": 9.142857142857142,
      "tail_pwm_jump_abs": 970.5714285714286,
      "terminal_requirements_ok": false,
      "pwm_limit_reasonable": false,
      "pwm_limit_note": "terminal steady-state gate failed (tail error or PWM jump exceeded limits)",
      "weighted_score": Infinity
    },
    "right": {
      "wheel": "right",
      "sample_count": 31,
      "mean_abs_error": 5.67741935483871,
      "p95_abs_error": 14.5,
      "overshoot_peak": 9.0,
      "settle_delay_s": 0.063,
      "pwm_settle_delay_s": 1.6913809523809527,
      "saturation_ratio": 0.0,
      "steady_abs_error_ratio": 0.07407407407407408,
      "p95_error_ratio": 0.11047619047619045,
      "settle_time_ratio": 0.021377672209026127,
      "pwm_settle_time_ratio": 1.0,
      "overshoot_ratio": 0.08253968253968254,
      "oscillation_ratio": 0.0385243968124441,
      "attainment_ratio": 0.9492063492063492,
      "rail_hit_ratio": 0.0,
      "pwm_chatter_ratio": 0.0,
      "tail_mean_abs_error": 8.253968253968255,
      "tail_pwm_jump_abs": 844.3333333333334,
      "terminal_requirements_ok": false,
      "pwm_limit_reasonable": false,
      "pwm_limit_note": "terminal steady-state gate failed (tail error or PWM jump exceeded limits)",
      "weighted_score": Infinity
    }
  },
  "csv_path": "/home/madejuele/projects/2K0300/new/verification/auto-wheel-pid/20260423T021240Z/round-005-i-screen/attempt-01/telemetry.csv",
  "host_log_path": "/home/madejuele/projects/2K0300/new/verification/auto-wheel-pid/20260423T021240Z/round-005-i-screen/attempt-01/host.log",
  "board_log_path": "/home/madejuele/projects/2K0300/new/verification/auto-wheel-pid/20260423T021240Z/round-005-i-screen/attempt-01/board.log",
  "params_path": "/home/madejuele/projects/2K0300/new/verification/auto-wheel-pid/20260423T021240Z/round-005-i-screen/attempt-01/params.json",
  "tuning_exit_code": 0,
  "receiver_error": null,
  "ack_complete": true,
  "snapshot_cleared_seen": true,
  "board_markers_ok": true,
  "unexpected_failsafe": false,
  "runtime_error": null,
  "accepted": false,
  "accepted_reason": "screen left terminal gate failed: tail PWM jump 970.571 > 800.000; screen right terminal gate failed: tail PWM jump 844.333 > 800.000"
}
