{
  "name": "round-011-left-i",
  "candidate_label": "left-i=0.125000",
  "wheel_scores": {
    "left": {
      "wheel": "left",
      "sample_count": 52,
      "mean_abs_error": 14.788461538461538,
      "p95_abs_error": 26.89999999999999,
      "overshoot_peak": 80.0,
      "settle_delay_s": 1.238,
      "pwm_settle_delay_s": 1.2079444444444445,
      "saturation_ratio": 0.0,
      "steady_abs_error_ratio": 0.14197530864197533,
      "p95_error_ratio": 0.3059259259259259,
      "settle_time_ratio": 0.7777777777777778,
      "pwm_settle_time_ratio": 0.8333333333333334,
      "overshoot_ratio": 0.2537037037037037,
      "oscillation_ratio": 0.07080756870827411,
      "attainment_ratio": 0.8703703703703703,
      "rail_hit_ratio": 0.0,
      "pwm_chatter_ratio": 0.031746031746031744,
      "tail_mean_abs_error": 12.777777777777779,
      "tail_pwm_jump_abs": 1182.8333333333333,
      "terminal_requirements_ok": false,
      "pwm_limit_reasonable": false,
      "pwm_limit_note": "terminal steady-state gate failed (tail error or PWM jump exceeded limits)",
      "weighted_score": Infinity
    },
    "right": {
      "wheel": "right",
      "sample_count": 52,
      "mean_abs_error": 18.576923076923077,
      "p95_abs_error": 26.89999999999999,
      "overshoot_peak": 44.0,
      "settle_delay_s": 1.477,
      "pwm_settle_delay_s": 1.1575555555555557,
      "saturation_ratio": 0.0,
      "steady_abs_error_ratio": 0.18888888888888888,
      "p95_error_ratio": 0.29638888888888887,
      "settle_time_ratio": 1.0,
      "pwm_settle_time_ratio": 0.7670548357931747,
      "overshoot_ratio": 0.0962962962962963,
      "oscillation_ratio": 0.03881693760651517,
      "attainment_ratio": 0.8111111111111111,
      "rail_hit_ratio": 0.0,
      "pwm_chatter_ratio": 0.0,
      "tail_mean_abs_error": 17.462962962962962,
      "tail_pwm_jump_abs": 424.0,
      "terminal_requirements_ok": false,
      "pwm_limit_reasonable": false,
      "pwm_limit_note": "terminal steady-state gate failed (tail error or PWM jump exceeded limits)",
      "weighted_score": Infinity
    }
  },
  "csv_path": "/home/madejuele/projects/2K0300/new/verification/auto-wheel-pid/20260422T135601Z/round-011-left-i/attempt-01/telemetry.csv",
  "host_log_path": "/home/madejuele/projects/2K0300/new/verification/auto-wheel-pid/20260422T135601Z/round-011-left-i/attempt-01/host.log",
  "board_log_path": "/home/madejuele/projects/2K0300/new/verification/auto-wheel-pid/20260422T135601Z/round-011-left-i/attempt-01/board.log",
  "params_path": "/home/madejuele/projects/2K0300/new/verification/auto-wheel-pid/20260422T135601Z/round-011-left-i/attempt-01/params.json",
  "tuning_exit_code": 0,
  "receiver_error": null,
  "ack_complete": true,
  "snapshot_cleared_seen": true,
  "board_markers_ok": true,
  "unexpected_failsafe": false,
  "runtime_error": null,
  "accepted": false,
  "accepted_reason": "left score 108.019659 did not beat 45.760765 by 5%"
}
