{
  "name": "round-006-p-screen",
  "candidate_label": "left-p=142.000000; right-p=88.000000",
  "wheel_scores": {
    "left": {
      "wheel": "left",
      "sample_count": 22,
      "mean_abs_error": 12.818181818181818,
      "p95_abs_error": 26.799999999999997,
      "overshoot_peak": 58.0,
      "settle_delay_s": 0.9746666666666667,
      "pwm_settle_delay_s": 0.9317619047619048,
      "saturation_ratio": 0.045454545454545456,
      "steady_abs_error_ratio": 0.11005291005291004,
      "p95_error_ratio": 0.24714285714285703,
      "settle_time_ratio": 0.8319609637084477,
      "pwm_settle_time_ratio": 0.7761512656297652,
      "overshoot_ratio": 0.20952380952380953,
      "oscillation_ratio": 0.07144955349687174,
      "attainment_ratio": 0.9386243386243385,
      "rail_hit_ratio": 0.045454545454545456,
      "pwm_chatter_ratio": 0.0,
      "tail_mean_abs_error": 11.587301587301587,
      "tail_pwm_jump_abs": 976.1904761904761,
      "terminal_requirements_ok": false,
      "pwm_limit_reasonable": false,
      "pwm_limit_note": "terminal steady-state gate failed (tail error or PWM jump exceeded limits)",
      "weighted_score": Infinity
    },
    "right": {
      "wheel": "right",
      "sample_count": 22,
      "mean_abs_error": 13.863636363636363,
      "p95_abs_error": 22.0,
      "overshoot_peak": 11.0,
      "settle_delay_s": 1.1583333333333334,
      "pwm_settle_delay_s": 1.1764285714285716,
      "saturation_ratio": 0.0,
      "steady_abs_error_ratio": 0.1291005291005291,
      "p95_error_ratio": 0.20444444444444443,
      "settle_time_ratio": 1.0,
      "pwm_settle_time_ratio": 1.0,
      "overshoot_ratio": 0.03492063492063492,
      "oscillation_ratio": 0.04169289113234079,
      "attainment_ratio": 0.8708994708994708,
      "rail_hit_ratio": 0.0,
      "pwm_chatter_ratio": 0.0,
      "tail_mean_abs_error": 13.26984126984127,
      "tail_pwm_jump_abs": 803.4285714285714,
      "terminal_requirements_ok": false,
      "pwm_limit_reasonable": false,
      "pwm_limit_note": "terminal steady-state gate failed (tail error or PWM jump exceeded limits)",
      "weighted_score": Infinity
    }
  },
  "csv_path": "/home/madejuele/projects/2K0300/new/verification/auto-wheel-pid/20260423T042856Z/round-006-p-screen/attempt-01/telemetry.csv",
  "host_log_path": "/home/madejuele/projects/2K0300/new/verification/auto-wheel-pid/20260423T042856Z/round-006-p-screen/attempt-01/host.log",
  "board_log_path": "/home/madejuele/projects/2K0300/new/verification/auto-wheel-pid/20260423T042856Z/round-006-p-screen/attempt-01/board.log",
  "params_path": "/home/madejuele/projects/2K0300/new/verification/auto-wheel-pid/20260423T042856Z/round-006-p-screen/attempt-01/params.json",
  "tuning_exit_code": 0,
  "receiver_error": null,
  "ack_complete": true,
  "snapshot_cleared_seen": true,
  "board_markers_ok": true,
  "unexpected_failsafe": false,
  "runtime_error": null,
  "accepted": false,
  "accepted_reason": "screen left terminal gate failed: tail PWM jump 976.190 > 800.000; screen right terminal gate failed: tail PWM jump 803.429 > 800.000"
}
