{
  "name": "round-005-p-screen",
  "candidate_label": "left-p=137.000000",
  "wheel_scores": {
    "left": {
      "wheel": "left",
      "sample_count": 28,
      "mean_abs_error": 12.714285714285714,
      "p95_abs_error": 30.89999999999999,
      "overshoot_peak": 27.0,
      "settle_delay_s": 0.991,
      "pwm_settle_delay_s": 1.5694285714285714,
      "saturation_ratio": 0.14285714285714285,
      "steady_abs_error_ratio": 0.10264550264550265,
      "p95_error_ratio": 0.24190476190476187,
      "settle_time_ratio": 0.5714285714285714,
      "pwm_settle_time_ratio": 1.0,
      "overshoot_ratio": 0.1746031746031746,
      "oscillation_ratio": 0.09196685302673956,
      "attainment_ratio": 0.9693121693121695,
      "rail_hit_ratio": 0.11693121693121691,
      "pwm_chatter_ratio": 0.20833333333333334,
      "tail_mean_abs_error": 11.0,
      "tail_pwm_jump_abs": 1904.952380952381,
      "terminal_requirements_ok": false,
      "pwm_limit_reasonable": false,
      "pwm_limit_note": "terminal steady-state gate failed (tail error or PWM jump exceeded limits)",
      "weighted_score": Infinity
    },
    "right": {
      "wheel": "right",
      "sample_count": 28,
      "mean_abs_error": 17.178571428571427,
      "p95_abs_error": 24.65,
      "overshoot_peak": 10.0,
      "settle_delay_s": 1.5513333333333335,
      "pwm_settle_delay_s": 0.5924285714285714,
      "saturation_ratio": 0.0,
      "steady_abs_error_ratio": 0.1724867724867725,
      "p95_error_ratio": 0.2157142857142857,
      "settle_time_ratio": 1.0,
      "pwm_settle_time_ratio": 0.3923213476645406,
      "overshoot_ratio": 0.0380952380952381,
      "oscillation_ratio": 0.01985285949157,
      "attainment_ratio": 0.8275132275132275,
      "rail_hit_ratio": 0.0,
      "pwm_chatter_ratio": 0.0,
      "tail_mean_abs_error": 18.714285714285715,
      "tail_pwm_jump_abs": 220.95238095238096,
      "terminal_requirements_ok": false,
      "pwm_limit_reasonable": false,
      "pwm_limit_note": "terminal steady-state gate failed (tail error or PWM jump exceeded limits)",
      "weighted_score": Infinity
    }
  },
  "csv_path": "/home/madejuele/projects/2K0300/new/verification/auto-wheel-pid/20260423T010159Z/round-005-p-screen/attempt-01/telemetry.csv",
  "host_log_path": "/home/madejuele/projects/2K0300/new/verification/auto-wheel-pid/20260423T010159Z/round-005-p-screen/attempt-01/host.log",
  "board_log_path": "/home/madejuele/projects/2K0300/new/verification/auto-wheel-pid/20260423T010159Z/round-005-p-screen/attempt-01/board.log",
  "params_path": "/home/madejuele/projects/2K0300/new/verification/auto-wheel-pid/20260423T010159Z/round-005-p-screen/attempt-01/params.json",
  "tuning_exit_code": 0,
  "receiver_error": null,
  "ack_complete": true,
  "snapshot_cleared_seen": true,
  "board_markers_ok": true,
  "unexpected_failsafe": false,
  "runtime_error": null,
  "accepted": false,
  "accepted_reason": "screen left terminal gate failed: tail PWM jump 1904.952 > 800.000"
}
