{
  "name": "baseline",
  "candidate_label": "current-working-params",
  "wheel_scores": {
    "left": {
      "wheel": "left",
      "sample_count": 29,
      "mean_abs_error": 12.413793103448276,
      "p95_abs_error": 32.79999999999998,
      "overshoot_peak": 47.0,
      "settle_delay_s": 0.9189999999999999,
      "pwm_settle_delay_s": 1.6134761904761905,
      "saturation_ratio": 0.06896551724137931,
      "steady_abs_error_ratio": 0.10476190476190476,
      "p95_error_ratio": 0.28317460317460313,
      "settle_time_ratio": 0.4979377577802774,
      "pwm_settle_time_ratio": 1.0,
      "overshoot_ratio": 0.2920634920634921,
      "oscillation_ratio": 0.1169236817002507,
      "attainment_ratio": 0.9841269841269841,
      "rail_hit_ratio": 0.06931216931216931,
      "pwm_chatter_ratio": 0.09523809523809523,
      "tail_mean_abs_error": 10.333333333333334,
      "tail_pwm_jump_abs": 1793.3333333333333,
      "terminal_requirements_ok": false,
      "pwm_limit_reasonable": false,
      "pwm_limit_note": "terminal steady-state gate failed (tail error or PWM jump exceeded limits)",
      "weighted_score": Infinity
    },
    "right": {
      "wheel": "right",
      "sample_count": 29,
      "mean_abs_error": 13.89655172413793,
      "p95_abs_error": 27.799999999999983,
      "overshoot_peak": 14.0,
      "settle_delay_s": 1.595,
      "pwm_settle_delay_s": 1.6134761904761905,
      "saturation_ratio": 0.0,
      "steady_abs_error_ratio": 0.1164021164021164,
      "p95_error_ratio": 0.2184126984126984,
      "settle_time_ratio": 1.0,
      "pwm_settle_time_ratio": 1.0,
      "overshoot_ratio": 0.07936507936507936,
      "oscillation_ratio": 0.07934037994889351,
      "attainment_ratio": 0.9132275132275133,
      "rail_hit_ratio": 0.0,
      "pwm_chatter_ratio": 0.0,
      "tail_mean_abs_error": 12.19047619047619,
      "tail_pwm_jump_abs": 971.4285714285714,
      "terminal_requirements_ok": false,
      "pwm_limit_reasonable": false,
      "pwm_limit_note": "terminal steady-state gate failed (tail error or PWM jump exceeded limits)",
      "weighted_score": Infinity
    }
  },
  "csv_path": "/home/madejuele/projects/2K0300/new/verification/auto-wheel-pid/20260423T010159Z/baseline/attempt-01/telemetry.csv",
  "host_log_path": "/home/madejuele/projects/2K0300/new/verification/auto-wheel-pid/20260423T010159Z/baseline/attempt-01/host.log",
  "board_log_path": "/home/madejuele/projects/2K0300/new/verification/auto-wheel-pid/20260423T010159Z/baseline/attempt-01/board.log",
  "params_path": "/home/madejuele/projects/2K0300/new/verification/auto-wheel-pid/20260423T010159Z/baseline/attempt-01/params.json",
  "tuning_exit_code": 0,
  "receiver_error": null,
  "ack_complete": true,
  "snapshot_cleared_seen": true,
  "board_markers_ok": true,
  "unexpected_failsafe": false,
  "runtime_error": null,
  "accepted": true,
  "accepted_reason": "baseline"
}
