{
  "name": "right-p90-repeat-01",
  "candidate_label": "left-p=139.000000; right-p=90.000000",
  "wheel_scores": {
    "left": {
      "wheel": "left",
      "sample_count": 56,
      "mean_abs_error": 12.053571428571429,
      "p95_abs_error": 21.5,
      "overshoot_peak": 10.0,
      "settle_delay_s": 1.2096666666666667,
      "pwm_settle_delay_s": 1.2362380952380954,
      "saturation_ratio": 0.0,
      "steady_abs_error_ratio": 0.10158730158730159,
      "p95_error_ratio": 0.19238095238095235,
      "settle_time_ratio": 0.7646546712025369,
      "pwm_settle_time_ratio": 0.8035759744078813,
      "overshoot_ratio": 0.015873015873015872,
      "oscillation_ratio": 0.039807531392132035,
      "attainment_ratio": 0.8984126984126984,
      "rail_hit_ratio": 0.0,
      "pwm_chatter_ratio": 0.0,
      "tail_mean_abs_error": 11.015873015873016,
      "tail_pwm_jump_abs": 751.0,
      "terminal_requirements_ok": false,
      "pwm_limit_reasonable": false,
      "pwm_limit_note": "terminal steady-state gate failed (tail error or PWM jump exceeded limits)",
      "weighted_score": Infinity
    },
    "right": {
      "wheel": "right",
      "sample_count": 56,
      "mean_abs_error": 18.392857142857142,
      "p95_abs_error": 27.5,
      "overshoot_peak": 0.0,
      "settle_delay_s": 1.5453333333333334,
      "pwm_settle_delay_s": 1.0453333333333332,
      "saturation_ratio": 0.017857142857142856,
      "steady_abs_error_ratio": 0.16984126984126985,
      "p95_error_ratio": 0.26460317460317456,
      "settle_time_ratio": 1.0,
      "pwm_settle_time_ratio": 0.6707744666978485,
      "overshoot_ratio": 0.0,
      "oscillation_ratio": 0.04848751446165985,
      "attainment_ratio": 0.8301587301587302,
      "rail_hit_ratio": 0.017857142857142856,
      "pwm_chatter_ratio": 0.0,
      "tail_mean_abs_error": 17.928571428571427,
      "tail_pwm_jump_abs": 759.3333333333334,
      "terminal_requirements_ok": false,
      "pwm_limit_reasonable": false,
      "pwm_limit_note": "terminal steady-state gate failed (tail error or PWM jump exceeded limits)",
      "weighted_score": Infinity
    }
  },
  "csv_path": "/home/madejuele/projects/2K0300/new/verification/manual-probes/20260423T040142Z-right-p-repeat-verify/right-p90/repeat-01/attempt-01/telemetry.csv",
  "host_log_path": "/home/madejuele/projects/2K0300/new/verification/manual-probes/20260423T040142Z-right-p-repeat-verify/right-p90/repeat-01/attempt-01/host.log",
  "board_log_path": "/home/madejuele/projects/2K0300/new/verification/manual-probes/20260423T040142Z-right-p-repeat-verify/right-p90/repeat-01/attempt-01/board.log",
  "params_path": "/home/madejuele/projects/2K0300/new/verification/manual-probes/20260423T040142Z-right-p-repeat-verify/right-p90/repeat-01/attempt-01/params.json",
  "tuning_exit_code": 0,
  "receiver_error": null,
  "ack_complete": true,
  "snapshot_cleared_seen": true,
  "board_markers_ok": true,
  "unexpected_failsafe": false,
  "runtime_error": null,
  "accepted": false,
  "accepted_reason": ""
}
