{
  "name": "right-p89-repeat-02",
  "candidate_label": "left-p=139.000000; right-p=89.000000",
  "wheel_scores": {
    "left": {
      "wheel": "left",
      "sample_count": 57,
      "mean_abs_error": 9.56140350877193,
      "p95_abs_error": 17.99999999999998,
      "overshoot_peak": 35.0,
      "settle_delay_s": 0.8568333333333333,
      "pwm_settle_delay_s": 1.2198809523809524,
      "saturation_ratio": 0.017543859649122806,
      "steady_abs_error_ratio": 0.09735449735449736,
      "p95_error_ratio": 0.15920634920634918,
      "settle_time_ratio": 0.47731756889555865,
      "pwm_settle_time_ratio": 0.776570984715047,
      "overshoot_ratio": 0.1,
      "oscillation_ratio": 0.07783682350923965,
      "attainment_ratio": 0.9534391534391534,
      "rail_hit_ratio": 0.017543859649122806,
      "pwm_chatter_ratio": 0.0,
      "tail_mean_abs_error": 10.682539682539682,
      "tail_pwm_jump_abs": 664.0,
      "terminal_requirements_ok": false,
      "pwm_limit_reasonable": false,
      "pwm_limit_note": "terminal steady-state gate failed (tail error or PWM jump exceeded limits)",
      "weighted_score": Infinity
    },
    "right": {
      "wheel": "right",
      "sample_count": 57,
      "mean_abs_error": 14.333333333333334,
      "p95_abs_error": 24.199999999999996,
      "overshoot_peak": 7.0,
      "settle_delay_s": 1.5614999999999999,
      "pwm_settle_delay_s": 1.3639761904761905,
      "saturation_ratio": 0.0,
      "steady_abs_error_ratio": 0.1275132275132275,
      "p95_error_ratio": 0.21007936507936503,
      "settle_time_ratio": 1.0,
      "pwm_settle_time_ratio": 0.8809523809523809,
      "overshoot_ratio": 0.014285714285714285,
      "oscillation_ratio": 0.0395347797560459,
      "attainment_ratio": 0.8724867724867724,
      "rail_hit_ratio": 0.0,
      "pwm_chatter_ratio": 0.0,
      "tail_mean_abs_error": 13.452380952380953,
      "tail_pwm_jump_abs": 599.0714285714286,
      "terminal_requirements_ok": false,
      "pwm_limit_reasonable": false,
      "pwm_limit_note": "terminal steady-state gate failed (tail error or PWM jump exceeded limits)",
      "weighted_score": Infinity
    }
  },
  "csv_path": "/home/madejuele/projects/2K0300/new/verification/manual-probes/20260423T041054Z-right-p-repeat-verify-battery-retest/right-p89/repeat-02/attempt-01/telemetry.csv",
  "host_log_path": "/home/madejuele/projects/2K0300/new/verification/manual-probes/20260423T041054Z-right-p-repeat-verify-battery-retest/right-p89/repeat-02/attempt-01/host.log",
  "board_log_path": "/home/madejuele/projects/2K0300/new/verification/manual-probes/20260423T041054Z-right-p-repeat-verify-battery-retest/right-p89/repeat-02/attempt-01/board.log",
  "params_path": "/home/madejuele/projects/2K0300/new/verification/manual-probes/20260423T041054Z-right-p-repeat-verify-battery-retest/right-p89/repeat-02/attempt-01/params.json",
  "tuning_exit_code": 0,
  "receiver_error": null,
  "ack_complete": true,
  "snapshot_cleared_seen": true,
  "board_markers_ok": true,
  "unexpected_failsafe": false,
  "runtime_error": null,
  "accepted": false,
  "accepted_reason": ""
}
