{
  "name": "round-007-i-screen",
  "candidate_label": "left-i=3.500000; right-i=3.500000",
  "wheel_scores": {
    "left": {
      "wheel": "left",
      "sample_count": 29,
      "mean_abs_error": 11.758620689655173,
      "p95_abs_error": 25.799999999999994,
      "overshoot_peak": 17.0,
      "settle_delay_s": 0.8723333333333333,
      "pwm_settle_delay_s": 1.6453333333333333,
      "saturation_ratio": 0.2413793103448276,
      "steady_abs_error_ratio": 0.09735449735449736,
      "p95_error_ratio": 0.23349206349206345,
      "settle_time_ratio": 0.4766573295985061,
      "pwm_settle_time_ratio": 1.0,
      "overshoot_ratio": 0.12063492063492064,
      "oscillation_ratio": 0.059807276594065435,
      "attainment_ratio": 0.9047619047619048,
      "rail_hit_ratio": 0.20689655172413793,
      "pwm_chatter_ratio": 0.13359788359788358,
      "tail_mean_abs_error": 10.603174603174603,
      "tail_pwm_jump_abs": 1874.3333333333333,
      "terminal_requirements_ok": false,
      "pwm_limit_reasonable": false,
      "pwm_limit_note": "terminal steady-state gate failed (tail error or PWM jump exceeded limits)",
      "weighted_score": Infinity
    },
    "right": {
      "wheel": "right",
      "sample_count": 29,
      "mean_abs_error": 16.93103448275862,
      "p95_abs_error": 31.599999999999987,
      "overshoot_peak": 34.0,
      "settle_delay_s": 1.632,
      "pwm_settle_delay_s": 1.6453333333333333,
      "saturation_ratio": 0.034482758620689655,
      "steady_abs_error_ratio": 0.12486772486772488,
      "p95_error_ratio": 0.2677777777777778,
      "settle_time_ratio": 1.0,
      "pwm_settle_time_ratio": 1.0,
      "overshoot_ratio": 0.16507936507936508,
      "oscillation_ratio": 0.04304526510177309,
      "attainment_ratio": 0.8793650793650793,
      "rail_hit_ratio": 0.034482758620689655,
      "pwm_chatter_ratio": 0.0,
      "tail_mean_abs_error": 13.619047619047619,
      "tail_pwm_jump_abs": 745.047619047619,
      "terminal_requirements_ok": false,
      "pwm_limit_reasonable": false,
      "pwm_limit_note": "terminal steady-state gate failed (tail error or PWM jump exceeded limits)",
      "weighted_score": Infinity
    }
  },
  "csv_path": "/home/madejuele/projects/2K0300/new/verification/auto-wheel-pid/20260423T014247Z/round-007-i-screen/attempt-01/telemetry.csv",
  "host_log_path": "/home/madejuele/projects/2K0300/new/verification/auto-wheel-pid/20260423T014247Z/round-007-i-screen/attempt-01/host.log",
  "board_log_path": "/home/madejuele/projects/2K0300/new/verification/auto-wheel-pid/20260423T014247Z/round-007-i-screen/attempt-01/board.log",
  "params_path": "/home/madejuele/projects/2K0300/new/verification/auto-wheel-pid/20260423T014247Z/round-007-i-screen/attempt-01/params.json",
  "tuning_exit_code": 0,
  "receiver_error": null,
  "ack_complete": true,
  "snapshot_cleared_seen": true,
  "board_markers_ok": true,
  "unexpected_failsafe": false,
  "runtime_error": null,
  "accepted": false,
  "accepted_reason": "screen left terminal gate failed: tail PWM jump 1874.333 > 800.000; screen right terminal gate failed: terminal gate failed"
}
