{
  "name": "round-005-i-screen",
  "candidate_label": "left-i=2.500000; right-i=2.500000",
  "wheel_scores": {
    "left": {
      "wheel": "left",
      "sample_count": 29,
      "mean_abs_error": 12.448275862068966,
      "p95_abs_error": 26.599999999999998,
      "overshoot_peak": 24.0,
      "settle_delay_s": 1.361,
      "pwm_settle_delay_s": 1.603952380952381,
      "saturation_ratio": 0.13793103448275862,
      "steady_abs_error_ratio": 0.11851851851851852,
      "p95_error_ratio": 0.22857142857142856,
      "settle_time_ratio": 0.8155257346696111,
      "pwm_settle_time_ratio": 1.0,
      "overshoot_ratio": 0.19047619047619047,
      "oscillation_ratio": 0.12205810906772493,
      "attainment_ratio": 0.9111111111111111,
      "rail_hit_ratio": 0.13793103448275862,
      "pwm_chatter_ratio": 0.23148148148148145,
      "tail_mean_abs_error": 11.873015873015873,
      "tail_pwm_jump_abs": 2881.6666666666665,
      "terminal_requirements_ok": false,
      "pwm_limit_reasonable": false,
      "pwm_limit_note": "terminal steady-state gate failed (tail error or PWM jump exceeded limits)",
      "weighted_score": Infinity
    },
    "right": {
      "wheel": "right",
      "sample_count": 29,
      "mean_abs_error": 17.344827586206897,
      "p95_abs_error": 24.599999999999998,
      "overshoot_peak": 23.0,
      "settle_delay_s": 1.6023333333333334,
      "pwm_settle_delay_s": 1.603952380952381,
      "saturation_ratio": 0.0,
      "steady_abs_error_ratio": 0.1417989417989418,
      "p95_error_ratio": 0.22968253968253965,
      "settle_time_ratio": 1.0,
      "pwm_settle_time_ratio": 1.0,
      "overshoot_ratio": 0.10158730158730159,
      "oscillation_ratio": 0.1007674213565898,
      "attainment_ratio": 0.9005291005291006,
      "rail_hit_ratio": 0.0,
      "pwm_chatter_ratio": 0.0,
      "tail_mean_abs_error": 14.634920634920634,
      "tail_pwm_jump_abs": 1373.142857142857,
      "terminal_requirements_ok": false,
      "pwm_limit_reasonable": false,
      "pwm_limit_note": "terminal steady-state gate failed (tail error or PWM jump exceeded limits)",
      "weighted_score": Infinity
    }
  },
  "csv_path": "/home/madejuele/projects/2K0300/new/verification/auto-wheel-pid/20260423T014247Z/round-005-i-screen/attempt-01/telemetry.csv",
  "host_log_path": "/home/madejuele/projects/2K0300/new/verification/auto-wheel-pid/20260423T014247Z/round-005-i-screen/attempt-01/host.log",
  "board_log_path": "/home/madejuele/projects/2K0300/new/verification/auto-wheel-pid/20260423T014247Z/round-005-i-screen/attempt-01/board.log",
  "params_path": "/home/madejuele/projects/2K0300/new/verification/auto-wheel-pid/20260423T014247Z/round-005-i-screen/attempt-01/params.json",
  "tuning_exit_code": 0,
  "receiver_error": null,
  "ack_complete": true,
  "snapshot_cleared_seen": true,
  "board_markers_ok": true,
  "unexpected_failsafe": false,
  "runtime_error": null,
  "accepted": false,
  "accepted_reason": "screen left terminal gate failed: tail PWM jump 2881.667 > 800.000; screen right terminal gate failed: tail PWM jump 1373.143 > 800.000"
}
