{
  "name": "round-005-p-screen",
  "candidate_label": "left-p=120.000000; right-p=120.000000",
  "wheel_scores": {
    "left": {
      "wheel": "left",
      "sample_count": 22,
      "mean_abs_error": 13.227272727272727,
      "p95_abs_error": 20.9,
      "overshoot_peak": 4.0,
      "settle_delay_s": 0.7986666666666666,
      "pwm_settle_delay_s": 1.0247619047619048,
      "saturation_ratio": 0.0,
      "steady_abs_error_ratio": 0.14497354497354498,
      "p95_error_ratio": 0.1936507936507936,
      "settle_time_ratio": 0.6335548172757475,
      "pwm_settle_time_ratio": 0.8767441860465115,
      "overshoot_ratio": 0.012698412698412698,
      "oscillation_ratio": 0.032164621725064756,
      "attainment_ratio": 0.8550264550264549,
      "rail_hit_ratio": 0.0,
      "pwm_chatter_ratio": 0.0,
      "tail_mean_abs_error": 15.34920634920635,
      "tail_pwm_jump_abs": 562.6666666666666,
      "terminal_requirements_ok": false,
      "pwm_limit_reasonable": false,
      "pwm_limit_note": "terminal steady-state gate failed (tail error or PWM jump exceeded limits)",
      "weighted_score": Infinity
    },
    "right": {
      "wheel": "right",
      "sample_count": 22,
      "mean_abs_error": 15.409090909090908,
      "p95_abs_error": 22.9,
      "overshoot_peak": 7.0,
      "settle_delay_s": 1.1663333333333334,
      "pwm_settle_delay_s": 1.0620952380952382,
      "saturation_ratio": 0.0,
      "steady_abs_error_ratio": 0.13333333333333333,
      "p95_error_ratio": 0.21698412698412697,
      "settle_time_ratio": 1.0,
      "pwm_settle_time_ratio": 0.8895946763460375,
      "overshoot_ratio": 0.022222222222222223,
      "oscillation_ratio": 0.028121006722745694,
      "attainment_ratio": 0.8666666666666667,
      "rail_hit_ratio": 0.0,
      "pwm_chatter_ratio": 0.0,
      "tail_mean_abs_error": 14.285714285714286,
      "tail_pwm_jump_abs": 739.4285714285714,
      "terminal_requirements_ok": false,
      "pwm_limit_reasonable": false,
      "pwm_limit_note": "terminal steady-state gate failed (tail error or PWM jump exceeded limits)",
      "weighted_score": Infinity
    }
  },
  "csv_path": "/home/madejuele/projects/2K0300/new/verification/auto-wheel-pid/20260423T032314Z/round-005-p-screen/attempt-01/telemetry.csv",
  "host_log_path": "/home/madejuele/projects/2K0300/new/verification/auto-wheel-pid/20260423T032314Z/round-005-p-screen/attempt-01/host.log",
  "board_log_path": "/home/madejuele/projects/2K0300/new/verification/auto-wheel-pid/20260423T032314Z/round-005-p-screen/attempt-01/board.log",
  "params_path": "/home/madejuele/projects/2K0300/new/verification/auto-wheel-pid/20260423T032314Z/round-005-p-screen/attempt-01/params.json",
  "tuning_exit_code": 0,
  "receiver_error": null,
  "ack_complete": true,
  "snapshot_cleared_seen": true,
  "board_markers_ok": true,
  "unexpected_failsafe": false,
  "runtime_error": null,
  "accepted": false,
  "accepted_reason": "screen left terminal gate failed: terminal gate failed; screen right terminal gate failed: terminal gate failed"
}
