{
  "name": "left-p136-repeat-03",
  "candidate_label": "left-p=136.000000; right-p=85.000000; right-alpha=0.400000",
  "wheel_scores": {
    "left": {
      "wheel": "left",
      "sample_count": 57,
      "mean_abs_error": 11.543859649122806,
      "p95_abs_error": 23.39999999999999,
      "overshoot_peak": 37.0,
      "settle_delay_s": 0.5828333333333333,
      "pwm_settle_delay_s": 1.3121190476190476,
      "saturation_ratio": 0.03508771929824561,
      "steady_abs_error_ratio": 0.10793650793650794,
      "p95_error_ratio": 0.21404761904761896,
      "settle_time_ratio": 0.29319135842996236,
      "pwm_settle_time_ratio": 0.8350199595619383,
      "overshoot_ratio": 0.14285714285714285,
      "oscillation_ratio": 0.050465251685867206,
      "attainment_ratio": 0.9248677248677248,
      "rail_hit_ratio": 0.03508771929824561,
      "pwm_chatter_ratio": 0.018518518518518517,
      "tail_mean_abs_error": 10.920634920634921,
      "tail_pwm_jump_abs": 615.4761904761905,
      "terminal_requirements_ok": false,
      "pwm_limit_reasonable": false,
      "pwm_limit_note": "terminal steady-state gate failed (tail error or PWM jump exceeded limits)",
      "weighted_score": Infinity
    },
    "right": {
      "wheel": "right",
      "sample_count": 57,
      "mean_abs_error": 14.912280701754385,
      "p95_abs_error": 24.199999999999996,
      "overshoot_peak": 15.0,
      "settle_delay_s": 1.5668333333333333,
      "pwm_settle_delay_s": 1.3132619047619047,
      "saturation_ratio": 0.0,
      "steady_abs_error_ratio": 0.1529100529100529,
      "p95_error_ratio": 0.21309523809523806,
      "settle_time_ratio": 1.0,
      "pwm_settle_time_ratio": 0.8220136692858053,
      "overshoot_ratio": 0.046031746031746035,
      "oscillation_ratio": 0.0484500423313223,
      "attainment_ratio": 0.847089947089947,
      "rail_hit_ratio": 0.0,
      "pwm_chatter_ratio": 0.0,
      "tail_mean_abs_error": 16.182539682539684,
      "tail_pwm_jump_abs": 544.9761904761905,
      "terminal_requirements_ok": false,
      "pwm_limit_reasonable": false,
      "pwm_limit_note": "terminal steady-state gate failed (tail error or PWM jump exceeded limits)",
      "weighted_score": Infinity
    }
  },
  "csv_path": "/home/madejuele/projects/2K0300/new/verification/manual-probes/20260423T043419Z-left-p-repeat-validate/left-p136/repeat-03/attempt-01/telemetry.csv",
  "host_log_path": "/home/madejuele/projects/2K0300/new/verification/manual-probes/20260423T043419Z-left-p-repeat-validate/left-p136/repeat-03/attempt-01/host.log",
  "board_log_path": "/home/madejuele/projects/2K0300/new/verification/manual-probes/20260423T043419Z-left-p-repeat-validate/left-p136/repeat-03/attempt-01/board.log",
  "params_path": "/home/madejuele/projects/2K0300/new/verification/manual-probes/20260423T043419Z-left-p-repeat-validate/left-p136/repeat-03/attempt-01/params.json",
  "tuning_exit_code": 0,
  "receiver_error": null,
  "ack_complete": true,
  "snapshot_cleared_seen": true,
  "board_markers_ok": true,
  "unexpected_failsafe": false,
  "runtime_error": null,
  "accepted": false,
  "accepted_reason": ""
}
