{
  "name": "right-p90-repeat-03",
  "candidate_label": "left-p=139.000000; right-p=90.000000",
  "wheel_scores": {
    "left": {
      "wheel": "left",
      "sample_count": 57,
      "mean_abs_error": 13.12280701754386,
      "p95_abs_error": 37.0,
      "overshoot_peak": 60.0,
      "settle_delay_s": 1.0425,
      "pwm_settle_delay_s": 1.3288571428571427,
      "saturation_ratio": 0.03508771929824561,
      "steady_abs_error_ratio": 0.12222222222222222,
      "p95_error_ratio": 0.23833333333333329,
      "settle_time_ratio": 0.6188466944301649,
      "pwm_settle_time_ratio": 0.8518742442563482,
      "overshoot_ratio": 0.14126984126984127,
      "oscillation_ratio": 0.07563381073519684,
      "attainment_ratio": 0.9042328042328042,
      "rail_hit_ratio": 0.017543859649122806,
      "pwm_chatter_ratio": 0.0,
      "tail_mean_abs_error": 12.674603174603174,
      "tail_pwm_jump_abs": 733.7857142857143,
      "terminal_requirements_ok": false,
      "pwm_limit_reasonable": false,
      "pwm_limit_note": "terminal steady-state gate failed (tail error or PWM jump exceeded limits)",
      "weighted_score": Infinity
    },
    "right": {
      "wheel": "right",
      "sample_count": 57,
      "mean_abs_error": 14.719298245614034,
      "p95_abs_error": 24.199999999999996,
      "overshoot_peak": 0.0,
      "settle_delay_s": 1.3499999999999999,
      "pwm_settle_delay_s": 1.3288571428571427,
      "saturation_ratio": 0.0,
      "steady_abs_error_ratio": 0.14973544973544972,
      "p95_error_ratio": 0.22365079365079363,
      "settle_time_ratio": 0.8128445691072638,
      "pwm_settle_time_ratio": 0.8518742442563482,
      "overshoot_ratio": 0.0,
      "oscillation_ratio": 0.052997915968894145,
      "attainment_ratio": 0.8502645502645502,
      "rail_hit_ratio": 0.0,
      "pwm_chatter_ratio": 0.0,
      "tail_mean_abs_error": 15.484126984126984,
      "tail_pwm_jump_abs": 712.8095238095239,
      "terminal_requirements_ok": false,
      "pwm_limit_reasonable": false,
      "pwm_limit_note": "terminal steady-state gate failed (tail error or PWM jump exceeded limits)",
      "weighted_score": Infinity
    }
  },
  "csv_path": "/home/madejuele/projects/2K0300/new/verification/manual-probes/20260423T041054Z-right-p-repeat-verify-battery-retest/right-p90/repeat-03/attempt-01/telemetry.csv",
  "host_log_path": "/home/madejuele/projects/2K0300/new/verification/manual-probes/20260423T041054Z-right-p-repeat-verify-battery-retest/right-p90/repeat-03/attempt-01/host.log",
  "board_log_path": "/home/madejuele/projects/2K0300/new/verification/manual-probes/20260423T041054Z-right-p-repeat-verify-battery-retest/right-p90/repeat-03/attempt-01/board.log",
  "params_path": "/home/madejuele/projects/2K0300/new/verification/manual-probes/20260423T041054Z-right-p-repeat-verify-battery-retest/right-p90/repeat-03/attempt-01/params.json",
  "tuning_exit_code": 0,
  "receiver_error": null,
  "ack_complete": true,
  "snapshot_cleared_seen": true,
  "board_markers_ok": true,
  "unexpected_failsafe": false,
  "runtime_error": null,
  "accepted": false,
  "accepted_reason": ""
}
