{
  "name": "round-004-p-screen",
  "candidate_label": "left-p=139.000000; right-p=89.000000",
  "wheel_scores": {
    "left": {
      "wheel": "left",
      "sample_count": 23,
      "mean_abs_error": 14.478260869565217,
      "p95_abs_error": 20.9,
      "overshoot_peak": 0.0,
      "settle_delay_s": 1.223,
      "pwm_settle_delay_s": 0.9575238095238096,
      "saturation_ratio": 0.043478260869565216,
      "steady_abs_error_ratio": 0.11957671957671957,
      "p95_error_ratio": 0.2604761904761904,
      "settle_time_ratio": 1.0,
      "pwm_settle_time_ratio": 0.7795805302730511,
      "overshoot_ratio": 0.0,
      "oscillation_ratio": 0.03999767100261011,
      "attainment_ratio": 0.8804232804232803,
      "rail_hit_ratio": 0.043478260869565216,
      "pwm_chatter_ratio": 0.0,
      "tail_mean_abs_error": 12.46031746031746,
      "tail_pwm_jump_abs": 511.2857142857143,
      "terminal_requirements_ok": true,
      "pwm_limit_reasonable": true,
      "pwm_limit_note": "within current wheel-PID test envelope",
      "weighted_score": 1.3555474308502793
    },
    "right": {
      "wheel": "right",
      "sample_count": 23,
      "mean_abs_error": 18.52173913043478,
      "p95_abs_error": 24.0,
      "overshoot_peak": 11.0,
      "settle_delay_s": 1.223,
      "pwm_settle_delay_s": 1.0722380952380952,
      "saturation_ratio": 0.043478260869565216,
      "steady_abs_error_ratio": 0.16719576719576718,
      "p95_error_ratio": 0.226031746031746,
      "settle_time_ratio": 1.0,
      "pwm_settle_time_ratio": 0.8985270049099836,
      "overshoot_ratio": 0.03492063492063492,
      "oscillation_ratio": 0.019256619566991325,
      "attainment_ratio": 0.8328042328042329,
      "rail_hit_ratio": 0.0,
      "pwm_chatter_ratio": 0.0,
      "tail_mean_abs_error": 17.58730158730159,
      "tail_pwm_jump_abs": 365.8095238095238,
      "terminal_requirements_ok": true,
      "pwm_limit_reasonable": true,
      "pwm_limit_note": "within current wheel-PID test envelope",
      "weighted_score": 1.9476907876505483
    }
  },
  "csv_path": "/home/madejuele/projects/2K0300/new/verification/auto-wheel-pid/20260423T035347Z/round-004-p-screen/attempt-01/telemetry.csv",
  "host_log_path": "/home/madejuele/projects/2K0300/new/verification/auto-wheel-pid/20260423T035347Z/round-004-p-screen/attempt-01/host.log",
  "board_log_path": "/home/madejuele/projects/2K0300/new/verification/auto-wheel-pid/20260423T035347Z/round-004-p-screen/attempt-01/board.log",
  "params_path": "/home/madejuele/projects/2K0300/new/verification/auto-wheel-pid/20260423T035347Z/round-004-p-screen/attempt-01/params.json",
  "tuning_exit_code": 0,
  "receiver_error": null,
  "ack_complete": true,
  "snapshot_cleared_seen": true,
  "board_markers_ok": true,
  "unexpected_failsafe": false,
  "runtime_error": null,
  "accepted": false,
  "accepted_reason": "screen left score improved from 1.575325 to 1.355547; pending confirmation; screen right score improved from inf to 1.947691; pending confirmation"
}
