{
  "name": "round-027-right-d",
  "candidate_label": "right-d=1.000000",
  "wheel_scores": {
    "left": {
      "wheel": "left",
      "sample_count": 52,
      "mean_abs_error": 15.173076923076923,
      "p95_abs_error": 28.449999999999996,
      "overshoot_peak": 2.0,
      "settle_delay_s": 1.5373333333333332,
      "pwm_settle_delay_s": 1.2870000000000001,
      "saturation_ratio": 0.038461538461538464,
      "steady_abs_error_ratio": 0.17407407407407408,
      "p95_error_ratio": 0.28277777777777774,
      "settle_time_ratio": 1.0,
      "pwm_settle_time_ratio": 0.8253659240031725,
      "overshoot_ratio": 0.003703703703703704,
      "oscillation_ratio": 0.0507414667018647,
      "attainment_ratio": 0.825925925925926,
      "rail_hit_ratio": 0.019230769230769232,
      "pwm_chatter_ratio": 0.020833333333333332,
      "tail_mean_abs_error": 15.944444444444445,
      "tail_pwm_jump_abs": 967.6666666666666,
      "terminal_requirements_ok": false,
      "pwm_limit_reasonable": false,
      "pwm_limit_note": "terminal steady-state gate failed (tail error or PWM jump exceeded limits)",
      "weighted_score": Infinity
    },
    "right": {
      "wheel": "right",
      "sample_count": 52,
      "mean_abs_error": 16.71153846153846,
      "p95_abs_error": 26.449999999999996,
      "overshoot_peak": 13.0,
      "settle_delay_s": 1.2676666666666667,
      "pwm_settle_delay_s": 1.3796111111111111,
      "saturation_ratio": 0.0,
      "steady_abs_error_ratio": 0.2,
      "p95_error_ratio": 0.27629629629629626,
      "settle_time_ratio": 0.7777777777777778,
      "pwm_settle_time_ratio": 0.8927703523693803,
      "overshoot_ratio": 0.025925925925925925,
      "oscillation_ratio": 0.08057810034814691,
      "attainment_ratio": 0.8172839506172839,
      "rail_hit_ratio": 0.0,
      "pwm_chatter_ratio": 0.0,
      "tail_mean_abs_error": 17.75925925925926,
      "tail_pwm_jump_abs": 957.2222222222222,
      "terminal_requirements_ok": false,
      "pwm_limit_reasonable": false,
      "pwm_limit_note": "terminal steady-state gate failed (tail error or PWM jump exceeded limits)",
      "weighted_score": Infinity
    }
  },
  "csv_path": "/home/madejuele/projects/2K0300/new/verification/auto-wheel-pid/20260422T135601Z/round-027-right-d/attempt-01/telemetry.csv",
  "host_log_path": "/home/madejuele/projects/2K0300/new/verification/auto-wheel-pid/20260422T135601Z/round-027-right-d/attempt-01/host.log",
  "board_log_path": "/home/madejuele/projects/2K0300/new/verification/auto-wheel-pid/20260422T135601Z/round-027-right-d/attempt-01/board.log",
  "params_path": "/home/madejuele/projects/2K0300/new/verification/auto-wheel-pid/20260422T135601Z/round-027-right-d/attempt-01/params.json",
  "tuning_exit_code": 0,
  "receiver_error": null,
  "ack_complete": true,
  "snapshot_cleared_seen": true,
  "board_markers_ok": true,
  "unexpected_failsafe": false,
  "runtime_error": null,
  "accepted": false,
  "accepted_reason": "right score 95.169070 did not beat 61.108075 by 5%"
}
