{
  "name": "round-006-i-confirm",
  "candidate_label": "left-i=0.800000; right-i=0.800000",
  "wheel_scores": {
    "left": {
      "wheel": "left",
      "sample_count": 51,
      "mean_abs_error": 3.0392156862745097,
      "p95_abs_error": 8.5,
      "overshoot_peak": 15.0,
      "settle_delay_s": 0.034999999999999996,
      "pwm_settle_delay_s": 0.8621190476190476,
      "saturation_ratio": 0.0,
      "steady_abs_error_ratio": 0.024338624338624337,
      "p95_error_ratio": 0.07285714285714284,
      "settle_time_ratio": 0.02130249543517955,
      "pwm_settle_time_ratio": 0.5508508411883573,
      "overshoot_ratio": 0.05555555555555555,
      "oscillation_ratio": 0.020448855369944282,
      "attainment_ratio": 0.9957671957671956,
      "rail_hit_ratio": 0.0,
      "pwm_chatter_ratio": 0.0,
      "tail_mean_abs_error": 2.6507936507936507,
      "tail_pwm_jump_abs": 394.95238095238096,
      "terminal_requirements_ok": true,
      "pwm_limit_reasonable": true,
      "pwm_limit_note": "PWM limit is not a visible constraint in this round",
      "weighted_score": 0.6807522486685427
    },
    "right": {
      "wheel": "right",
      "sample_count": 51,
      "mean_abs_error": 5.529411764705882,
      "p95_abs_error": 15.0,
      "overshoot_peak": 36.0,
      "settle_delay_s": 0.172,
      "pwm_settle_delay_s": 1.3110714285714287,
      "saturation_ratio": 0.0,
      "steady_abs_error_ratio": 0.046031746031746035,
      "p95_error_ratio": 0.13428571428571426,
      "settle_time_ratio": 0.08936699412074742,
      "pwm_settle_time_ratio": 0.8546358287685129,
      "overshoot_ratio": 0.13174603174603175,
      "oscillation_ratio": 0.03938372677304135,
      "attainment_ratio": 1.0037037037037038,
      "rail_hit_ratio": 0.0,
      "pwm_chatter_ratio": 0.0,
      "tail_mean_abs_error": 4.976190476190476,
      "tail_pwm_jump_abs": 650.9761904761905,
      "terminal_requirements_ok": false,
      "pwm_limit_reasonable": false,
      "pwm_limit_note": "terminal steady-state gate failed (tail error or PWM jump exceeded limits)",
      "weighted_score": Infinity
    }
  },
  "csv_path": "/home/madejuele/projects/2K0300/new/verification/auto-wheel-pid/20260423T122234Z/round-006-i-confirm/attempt-01/telemetry.csv",
  "host_log_path": "/home/madejuele/projects/2K0300/new/verification/auto-wheel-pid/20260423T122234Z/round-006-i-confirm/attempt-01/host.log",
  "board_log_path": "/home/madejuele/projects/2K0300/new/verification/auto-wheel-pid/20260423T122234Z/round-006-i-confirm/attempt-01/board.log",
  "params_path": "/home/madejuele/projects/2K0300/new/verification/auto-wheel-pid/20260423T122234Z/round-006-i-confirm/attempt-01/params.json",
  "tuning_exit_code": 0,
  "receiver_error": null,
  "ack_complete": true,
  "snapshot_cleared_seen": true,
  "board_markers_ok": true,
  "unexpected_failsafe": false,
  "runtime_error": null,
  "accepted": true,
  "accepted_reason": "left score improved from inf to 0.680752; selected best candidate after paired screen+confirm at left-i=0.800000"
}
