{
  "name": "round-010-left-i",
  "candidate_label": "left-i=0.062500",
  "wheel_scores": {
    "left": {
      "wheel": "left",
      "sample_count": 60,
      "mean_abs_error": 15.983333333333333,
      "p95_abs_error": 39.14999999999999,
      "overshoot_peak": 50.0,
      "settle_delay_s": 1.8148333333333333,
      "pwm_settle_delay_s": 1.8169444444444445,
      "saturation_ratio": 0.11666666666666667,
      "steady_abs_error_ratio": 0.1623456790123457,
      "p95_error_ratio": 0.3744444444444443,
      "settle_time_ratio": 1.0,
      "pwm_settle_time_ratio": 1.0,
      "overshoot_ratio": 0.40370370370370373,
      "oscillation_ratio": 0.15272611880686798,
      "attainment_ratio": 0.9969135802469137,
      "rail_hit_ratio": 0.07222222222222222,
      "pwm_chatter_ratio": 0.19753086419753088,
      "tail_mean_abs_error": 14.055555555555555,
      "tail_pwm_jump_abs": 2230.8333333333335,
      "terminal_requirements_ok": false,
      "pwm_limit_reasonable": false,
      "pwm_limit_note": "terminal steady-state gate failed (tail error or PWM jump exceeded limits)",
      "weighted_score": Infinity
    },
    "right": {
      "wheel": "right",
      "sample_count": 60,
      "mean_abs_error": 12.433333333333334,
      "p95_abs_error": 27.099999999999994,
      "overshoot_peak": 42.0,
      "settle_delay_s": 1.178,
      "pwm_settle_delay_s": 1.8169444444444445,
      "saturation_ratio": 0.016666666666666666,
      "steady_abs_error_ratio": 0.1728395061728395,
      "p95_error_ratio": 0.2856481481481481,
      "settle_time_ratio": 0.5579575968386064,
      "pwm_settle_time_ratio": 1.0,
      "overshoot_ratio": 0.24074074074074073,
      "oscillation_ratio": 0.1544676732421979,
      "attainment_ratio": 0.9938271604938274,
      "rail_hit_ratio": 0.016666666666666666,
      "pwm_chatter_ratio": 0.10493827160493827,
      "tail_mean_abs_error": 15.555555555555555,
      "tail_pwm_jump_abs": 1944.611111111111,
      "terminal_requirements_ok": false,
      "pwm_limit_reasonable": false,
      "pwm_limit_note": "terminal steady-state gate failed (tail error or PWM jump exceeded limits)",
      "weighted_score": Infinity
    }
  },
  "csv_path": "/home/madejuele/projects/2K0300/new/verification/auto-wheel-pid/20260422T132845Z/round-010-left-i/attempt-01/telemetry.csv",
  "host_log_path": "/home/madejuele/projects/2K0300/new/verification/auto-wheel-pid/20260422T132845Z/round-010-left-i/attempt-01/host.log",
  "board_log_path": "/home/madejuele/projects/2K0300/new/verification/auto-wheel-pid/20260422T132845Z/round-010-left-i/attempt-01/board.log",
  "params_path": "/home/madejuele/projects/2K0300/new/verification/auto-wheel-pid/20260422T132845Z/round-010-left-i/attempt-01/params.json",
  "tuning_exit_code": 0,
  "receiver_error": null,
  "ack_complete": true,
  "snapshot_cleared_seen": true,
  "board_markers_ok": true,
  "unexpected_failsafe": false,
  "runtime_error": null,
  "accepted": false,
  "accepted_reason": "left score 0.503310 did not beat 0.227230 by 5%"
}
