{
  "name": "round-004-i-screen",
  "candidate_label": "right-i=2.200000",
  "wheel_scores": {
    "left": {
      "wheel": "left",
      "sample_count": 19,
      "mean_abs_error": 4.947368421052632,
      "p95_abs_error": 10.999999999999915,
      "overshoot_peak": 47.0,
      "settle_delay_s": 0.072,
      "pwm_settle_delay_s": 0.5341904761904761,
      "saturation_ratio": 0.0,
      "steady_abs_error_ratio": 0.02751322751322751,
      "p95_error_ratio": 0.15142857142857144,
      "settle_time_ratio": 0.049119934506754,
      "pwm_settle_time_ratio": 0.49975684372485474,
      "overshoot_ratio": 0.1746031746031746,
      "oscillation_ratio": 0.03069995157950752,
      "attainment_ratio": 1.0084656084656083,
      "rail_hit_ratio": 0.0,
      "pwm_chatter_ratio": 0.0,
      "tail_mean_abs_error": 2.761904761904762,
      "tail_pwm_jump_abs": 356.7142857142857,
      "terminal_requirements_ok": true,
      "pwm_limit_reasonable": true,
      "pwm_limit_note": "PWM limit is not a visible constraint in this round",
      "weighted_score": 0.5312029564102928
    },
    "right": {
      "wheel": "right",
      "sample_count": 19,
      "mean_abs_error": 6.2105263157894735,
      "p95_abs_error": 12.699999999999985,
      "overshoot_peak": 10.0,
      "settle_delay_s": 0.072,
      "pwm_settle_delay_s": 1.0302380952380952,
      "saturation_ratio": 0.0,
      "steady_abs_error_ratio": 0.04021164021164021,
      "p95_error_ratio": 0.11507936507936507,
      "settle_time_ratio": 0.049119934506754,
      "pwm_settle_time_ratio": 0.9044890162368672,
      "overshoot_ratio": 0.06031746031746032,
      "oscillation_ratio": 0.04103062010006164,
      "attainment_ratio": 0.9915343915343916,
      "rail_hit_ratio": 0.0,
      "pwm_chatter_ratio": 0.0,
      "tail_mean_abs_error": 4.380952380952381,
      "tail_pwm_jump_abs": 552.8571428571429,
      "terminal_requirements_ok": true,
      "pwm_limit_reasonable": true,
      "pwm_limit_note": "PWM limit is not a visible constraint in this round",
      "weighted_score": 1.0811755139134036
    }
  },
  "csv_path": "/home/madejuele/projects/2K0300/new/verification/auto-wheel-pid/20260423T123622Z/round-004-i-screen/attempt-01/telemetry.csv",
  "host_log_path": "/home/madejuele/projects/2K0300/new/verification/auto-wheel-pid/20260423T123622Z/round-004-i-screen/attempt-01/host.log",
  "board_log_path": "/home/madejuele/projects/2K0300/new/verification/auto-wheel-pid/20260423T123622Z/round-004-i-screen/attempt-01/board.log",
  "params_path": "/home/madejuele/projects/2K0300/new/verification/auto-wheel-pid/20260423T123622Z/round-004-i-screen/attempt-01/params.json",
  "tuning_exit_code": 0,
  "receiver_error": null,
  "ack_complete": true,
  "snapshot_cleared_seen": true,
  "board_markers_ok": true,
  "unexpected_failsafe": false,
  "runtime_error": null,
  "accepted": false,
  "accepted_reason": "screen right score improved from inf to 1.081176; pending confirmation"
}
