{
  "name": "right-p90-repeat-01",
  "candidate_label": "left-p=139.000000; right-p=90.000000",
  "wheel_scores": {
    "left": {
      "wheel": "left",
      "sample_count": 57,
      "mean_abs_error": 11.43859649122807,
      "p95_abs_error": 20.199999999999996,
      "overshoot_peak": 20.0,
      "settle_delay_s": 1.0413333333333332,
      "pwm_settle_delay_s": 1.2246904761904762,
      "saturation_ratio": 0.017543859649122806,
      "steady_abs_error_ratio": 0.11322751322751322,
      "p95_error_ratio": 0.1887301587301587,
      "settle_time_ratio": 0.6265145428250041,
      "pwm_settle_time_ratio": 0.7820578746338026,
      "overshoot_ratio": 0.07936507936507936,
      "oscillation_ratio": 0.06342424319247189,
      "attainment_ratio": 0.9195767195767196,
      "rail_hit_ratio": 0.0,
      "pwm_chatter_ratio": 0.0,
      "tail_mean_abs_error": 11.873015873015873,
      "tail_pwm_jump_abs": 660.0238095238095,
      "terminal_requirements_ok": false,
      "pwm_limit_reasonable": false,
      "pwm_limit_note": "terminal steady-state gate failed (tail error or PWM jump exceeded limits)",
      "weighted_score": Infinity
    },
    "right": {
      "wheel": "right",
      "sample_count": 57,
      "mean_abs_error": 14.824561403508772,
      "p95_abs_error": 23.39999999999999,
      "overshoot_peak": 22.0,
      "settle_delay_s": 1.1933333333333334,
      "pwm_settle_delay_s": 1.2992380952380953,
      "saturation_ratio": 0.0,
      "steady_abs_error_ratio": 0.13333333333333333,
      "p95_error_ratio": 0.2124603174603174,
      "settle_time_ratio": 0.7351969538506683,
      "pwm_settle_time_ratio": 0.8309723107685972,
      "overshoot_ratio": 0.03492063492063492,
      "oscillation_ratio": 0.05047460762749751,
      "attainment_ratio": 0.8666666666666667,
      "rail_hit_ratio": 0.0,
      "pwm_chatter_ratio": 0.0,
      "tail_mean_abs_error": 13.873015873015873,
      "tail_pwm_jump_abs": 719.4047619047619,
      "terminal_requirements_ok": false,
      "pwm_limit_reasonable": false,
      "pwm_limit_note": "terminal steady-state gate failed (tail error or PWM jump exceeded limits)",
      "weighted_score": Infinity
    }
  },
  "csv_path": "/home/madejuele/projects/2K0300/new/verification/manual-probes/20260423T041054Z-right-p-repeat-verify-battery-retest/right-p90/repeat-01/attempt-01/telemetry.csv",
  "host_log_path": "/home/madejuele/projects/2K0300/new/verification/manual-probes/20260423T041054Z-right-p-repeat-verify-battery-retest/right-p90/repeat-01/attempt-01/host.log",
  "board_log_path": "/home/madejuele/projects/2K0300/new/verification/manual-probes/20260423T041054Z-right-p-repeat-verify-battery-retest/right-p90/repeat-01/attempt-01/board.log",
  "params_path": "/home/madejuele/projects/2K0300/new/verification/manual-probes/20260423T041054Z-right-p-repeat-verify-battery-retest/right-p90/repeat-01/attempt-01/params.json",
  "tuning_exit_code": 0,
  "receiver_error": null,
  "ack_complete": true,
  "snapshot_cleared_seen": true,
  "board_markers_ok": true,
  "unexpected_failsafe": false,
  "runtime_error": null,
  "accepted": false,
  "accepted_reason": ""
}
