{
  "name": "baseline",
  "candidate_label": "current-working-params",
  "wheel_scores": {
    "left": {
      "wheel": "left",
      "sample_count": 28,
      "mean_abs_error": 13.5,
      "p95_abs_error": 31.249999999999993,
      "overshoot_peak": 27.0,
      "settle_delay_s": 1.3003333333333333,
      "pwm_settle_delay_s": 1.4344285714285714,
      "saturation_ratio": 0.14285714285714285,
      "steady_abs_error_ratio": 0.12804232804232804,
      "p95_error_ratio": 0.27936507936507937,
      "settle_time_ratio": 0.8133886255924171,
      "pwm_settle_time_ratio": 0.8889520022720818,
      "overshoot_ratio": 0.18095238095238095,
      "oscillation_ratio": 0.10685099961777833,
      "attainment_ratio": 0.9947089947089949,
      "rail_hit_ratio": 0.14285714285714285,
      "pwm_chatter_ratio": 0.20370370370370372,
      "tail_mean_abs_error": 13.063492063492063,
      "tail_pwm_jump_abs": 1219.4285714285713,
      "terminal_requirements_ok": false,
      "pwm_limit_reasonable": false,
      "pwm_limit_note": "terminal steady-state gate failed (tail error or PWM jump exceeded limits)",
      "weighted_score": Infinity
    },
    "right": {
      "wheel": "right",
      "sample_count": 28,
      "mean_abs_error": 19.071428571428573,
      "p95_abs_error": 28.299999999999997,
      "overshoot_peak": 0.0,
      "settle_delay_s": 1.6153333333333333,
      "pwm_settle_delay_s": 1.4713333333333332,
      "saturation_ratio": 0.0,
      "steady_abs_error_ratio": 0.15449735449735452,
      "p95_error_ratio": 0.25999999999999995,
      "settle_time_ratio": 1.0,
      "pwm_settle_time_ratio": 0.9225908372827805,
      "overshoot_ratio": 0.0,
      "oscillation_ratio": 0.03429203334803008,
      "attainment_ratio": 0.8455026455026454,
      "rail_hit_ratio": 0.0,
      "pwm_chatter_ratio": 0.0,
      "tail_mean_abs_error": 15.301587301587302,
      "tail_pwm_jump_abs": 678.0952380952381,
      "terminal_requirements_ok": false,
      "pwm_limit_reasonable": false,
      "pwm_limit_note": "terminal steady-state gate failed (tail error or PWM jump exceeded limits)",
      "weighted_score": Infinity
    }
  },
  "csv_path": "/home/madejuele/projects/2K0300/new/verification/auto-wheel-pid/20260423T013250Z/baseline/attempt-01/telemetry.csv",
  "host_log_path": "/home/madejuele/projects/2K0300/new/verification/auto-wheel-pid/20260423T013250Z/baseline/attempt-01/host.log",
  "board_log_path": "/home/madejuele/projects/2K0300/new/verification/auto-wheel-pid/20260423T013250Z/baseline/attempt-01/board.log",
  "params_path": "/home/madejuele/projects/2K0300/new/verification/auto-wheel-pid/20260423T013250Z/baseline/attempt-01/params.json",
  "tuning_exit_code": 0,
  "receiver_error": null,
  "ack_complete": true,
  "snapshot_cleared_seen": true,
  "board_markers_ok": true,
  "unexpected_failsafe": false,
  "runtime_error": null,
  "accepted": true,
  "accepted_reason": "baseline"
}
