{
  "name": "baseline-screen",
  "candidate_label": "current-working-params-screen",
  "wheel_scores": {
    "left": {
      "wheel": "left",
      "sample_count": 22,
      "mean_abs_error": 14.5,
      "p95_abs_error": 32.8,
      "overshoot_peak": 18.0,
      "settle_delay_s": 0.9326666666666666,
      "pwm_settle_delay_s": 0.8278095238095238,
      "saturation_ratio": 0.09090909090909091,
      "steady_abs_error_ratio": 0.1259259259259259,
      "p95_error_ratio": 0.25873015873015864,
      "settle_time_ratio": 0.7764562366575176,
      "pwm_settle_time_ratio": 0.7136579844798298,
      "overshoot_ratio": 0.05714285714285714,
      "oscillation_ratio": 0.04183128012346008,
      "attainment_ratio": 0.8740740740740742,
      "rail_hit_ratio": 0.0,
      "pwm_chatter_ratio": 0.061224489795918366,
      "tail_mean_abs_error": 14.079365079365079,
      "tail_pwm_jump_abs": 497.5238095238095,
      "terminal_requirements_ok": true,
      "pwm_limit_reasonable": true,
      "pwm_limit_note": "within current wheel-PID test envelope",
      "weighted_score": 1.5753248583114536
    },
    "right": {
      "wheel": "right",
      "sample_count": 22,
      "mean_abs_error": 18.636363636363637,
      "p95_abs_error": 27.9,
      "overshoot_peak": 0.0,
      "settle_delay_s": 1.177,
      "pwm_settle_delay_s": 1.0893333333333333,
      "saturation_ratio": 0.045454545454545456,
      "steady_abs_error_ratio": 0.15343915343915346,
      "p95_error_ratio": 0.31746031746031733,
      "settle_time_ratio": 1.0,
      "pwm_settle_time_ratio": 0.9130632304960146,
      "overshoot_ratio": 0.0,
      "oscillation_ratio": 0.04040610178208843,
      "attainment_ratio": 0.8465608465608466,
      "rail_hit_ratio": 0.045454545454545456,
      "pwm_chatter_ratio": 0.0,
      "tail_mean_abs_error": 16.61904761904762,
      "tail_pwm_jump_abs": 749.7142857142857,
      "terminal_requirements_ok": false,
      "pwm_limit_reasonable": false,
      "pwm_limit_note": "terminal steady-state gate failed (tail error or PWM jump exceeded limits)",
      "weighted_score": Infinity
    }
  },
  "csv_path": "/home/madejuele/projects/2K0300/new/verification/auto-wheel-pid/20260423T035347Z/baseline-screen/attempt-01/telemetry.csv",
  "host_log_path": "/home/madejuele/projects/2K0300/new/verification/auto-wheel-pid/20260423T035347Z/baseline-screen/attempt-01/host.log",
  "board_log_path": "/home/madejuele/projects/2K0300/new/verification/auto-wheel-pid/20260423T035347Z/baseline-screen/attempt-01/board.log",
  "params_path": "/home/madejuele/projects/2K0300/new/verification/auto-wheel-pid/20260423T035347Z/baseline-screen/attempt-01/params.json",
  "tuning_exit_code": 0,
  "receiver_error": null,
  "ack_complete": true,
  "snapshot_cleared_seen": true,
  "board_markers_ok": true,
  "unexpected_failsafe": false,
  "runtime_error": null,
  "accepted": true,
  "accepted_reason": "baseline-screen"
}
