{
  "name": "baseline",
  "candidate_label": "current-working-params",
  "wheel_scores": {
    "left": {
      "wheel": "left",
      "sample_count": 52,
      "mean_abs_error": 13.25,
      "p95_abs_error": 20.89999999999999,
      "overshoot_peak": 8.0,
      "settle_delay_s": 1.3971666666666667,
      "pwm_settle_delay_s": 1.0670714285714287,
      "saturation_ratio": 0.0,
      "steady_abs_error_ratio": 0.14074074074074075,
      "p95_error_ratio": 0.18650793650793648,
      "settle_time_ratio": 0.9164070612668743,
      "pwm_settle_time_ratio": 0.6982372577484471,
      "overshoot_ratio": 0.012698412698412698,
      "oscillation_ratio": 0.04053331793632518,
      "attainment_ratio": 0.8592592592592593,
      "rail_hit_ratio": 0.0,
      "pwm_chatter_ratio": 0.0,
      "tail_mean_abs_error": 14.73015873015873,
      "tail_pwm_jump_abs": 485.64285714285717,
      "terminal_requirements_ok": false,
      "pwm_limit_reasonable": false,
      "pwm_limit_note": "terminal steady-state gate failed (tail error or PWM jump exceeded limits)",
      "weighted_score": Infinity
    },
    "right": {
      "wheel": "right",
      "sample_count": 52,
      "mean_abs_error": 16.846153846153847,
      "p95_abs_error": 26.349999999999987,
      "overshoot_peak": 0.0,
      "settle_delay_s": 1.5313333333333334,
      "pwm_settle_delay_s": 0.9019761904761905,
      "saturation_ratio": 0.019230769230769232,
      "steady_abs_error_ratio": 0.17195767195767198,
      "p95_error_ratio": 0.2508730158730158,
      "settle_time_ratio": 1.0,
      "pwm_settle_time_ratio": 0.5800554264258895,
      "overshoot_ratio": 0.0,
      "oscillation_ratio": 0.03991551636711752,
      "attainment_ratio": 0.828042328042328,
      "rail_hit_ratio": 0.019230769230769232,
      "pwm_chatter_ratio": 0.0,
      "tail_mean_abs_error": 18.27777777777778,
      "tail_pwm_jump_abs": 631.1904761904761,
      "terminal_requirements_ok": false,
      "pwm_limit_reasonable": false,
      "pwm_limit_note": "terminal steady-state gate failed (tail error or PWM jump exceeded limits)",
      "weighted_score": Infinity
    }
  },
  "csv_path": "/home/madejuele/projects/2K0300/new/verification/auto-wheel-pid/20260423T064924Z/baseline/attempt-01/telemetry.csv",
  "host_log_path": "/home/madejuele/projects/2K0300/new/verification/auto-wheel-pid/20260423T064924Z/baseline/attempt-01/host.log",
  "board_log_path": "/home/madejuele/projects/2K0300/new/verification/auto-wheel-pid/20260423T064924Z/baseline/attempt-01/board.log",
  "params_path": "/home/madejuele/projects/2K0300/new/verification/auto-wheel-pid/20260423T064924Z/baseline/attempt-01/params.json",
  "tuning_exit_code": 0,
  "receiver_error": null,
  "ack_complete": true,
  "snapshot_cleared_seen": true,
  "board_markers_ok": true,
  "unexpected_failsafe": false,
  "runtime_error": null,
  "accepted": true,
  "accepted_reason": "baseline"
}
