{
  "name": "baseline",
  "candidate_label": "current-working-params",
  "wheel_scores": {
    "left": {
      "wheel": "left",
      "sample_count": 52,
      "mean_abs_error": 14.115384615384615,
      "p95_abs_error": 20.0,
      "overshoot_peak": 17.0,
      "settle_delay_s": 1.0658333333333334,
      "pwm_settle_delay_s": 0.9620476190476192,
      "saturation_ratio": 0.019230769230769232,
      "steady_abs_error_ratio": 0.1439153439153439,
      "p95_error_ratio": 0.1811111111111111,
      "settle_time_ratio": 0.6427886262418636,
      "pwm_settle_time_ratio": 0.6320872331675228,
      "overshoot_ratio": 0.026984126984126985,
      "oscillation_ratio": 0.021174097976369866,
      "attainment_ratio": 0.8560846560846561,
      "rail_hit_ratio": 0.019230769230769232,
      "pwm_chatter_ratio": 0.0,
      "tail_mean_abs_error": 15.047619047619047,
      "tail_pwm_jump_abs": 313.9047619047619,
      "terminal_requirements_ok": true,
      "pwm_limit_reasonable": true,
      "pwm_limit_note": "within current wheel-PID test envelope",
      "weighted_score": 1.175954957457021
    },
    "right": {
      "wheel": "right",
      "sample_count": 52,
      "mean_abs_error": 18.403846153846153,
      "p95_abs_error": 27.0,
      "overshoot_peak": 25.0,
      "settle_delay_s": 1.5316666666666667,
      "pwm_settle_delay_s": 1.2426666666666666,
      "saturation_ratio": 0.019230769230769232,
      "steady_abs_error_ratio": 0.18465608465608468,
      "p95_error_ratio": 0.2411111111111111,
      "settle_time_ratio": 1.0,
      "pwm_settle_time_ratio": 0.8134201838136879,
      "overshoot_ratio": 0.03968253968253968,
      "oscillation_ratio": 0.03513640709698845,
      "attainment_ratio": 0.8153439153439153,
      "rail_hit_ratio": 0.019230769230769232,
      "pwm_chatter_ratio": 0.0,
      "tail_mean_abs_error": 19.42063492063492,
      "tail_pwm_jump_abs": 706.2380952380952,
      "terminal_requirements_ok": false,
      "pwm_limit_reasonable": false,
      "pwm_limit_note": "terminal steady-state gate failed (tail error or PWM jump exceeded limits)",
      "weighted_score": Infinity
    }
  },
  "csv_path": "/home/madejuele/projects/2K0300/new/verification/auto-wheel-pid/20260423T101149Z/baseline/attempt-01/telemetry.csv",
  "host_log_path": "/home/madejuele/projects/2K0300/new/verification/auto-wheel-pid/20260423T101149Z/baseline/attempt-01/host.log",
  "board_log_path": "/home/madejuele/projects/2K0300/new/verification/auto-wheel-pid/20260423T101149Z/baseline/attempt-01/board.log",
  "params_path": "/home/madejuele/projects/2K0300/new/verification/auto-wheel-pid/20260423T101149Z/baseline/attempt-01/params.json",
  "tuning_exit_code": 0,
  "receiver_error": null,
  "ack_complete": true,
  "snapshot_cleared_seen": true,
  "board_markers_ok": true,
  "unexpected_failsafe": false,
  "runtime_error": null,
  "accepted": true,
  "accepted_reason": "baseline"
}
