{
  "name": "baseline",
  "candidate_label": "current-working-params",
  "wheel_scores": {
    "left": {
      "wheel": "left",
      "sample_count": 51,
      "mean_abs_error": 16.901960784313726,
      "p95_abs_error": 25.5,
      "overshoot_peak": 35.0,
      "settle_delay_s": 1.5223333333333333,
      "pwm_settle_delay_s": 0.8688333333333333,
      "saturation_ratio": 0.0196078431372549,
      "steady_abs_error_ratio": 0.15608465608465608,
      "p95_error_ratio": 0.246031746031746,
      "settle_time_ratio": 1.0,
      "pwm_settle_time_ratio": 0.5702054631412731,
      "overshoot_ratio": 0.05555555555555555,
      "oscillation_ratio": 0.02785572605229687,
      "attainment_ratio": 0.8439153439153438,
      "rail_hit_ratio": 0.0,
      "pwm_chatter_ratio": 0.0,
      "tail_mean_abs_error": 17.1984126984127,
      "tail_pwm_jump_abs": 493.4047619047619,
      "terminal_requirements_ok": false,
      "pwm_limit_reasonable": false,
      "pwm_limit_note": "terminal steady-state gate failed (tail error or PWM jump exceeded limits)",
      "weighted_score": Infinity
    },
    "right": {
      "wheel": "right",
      "sample_count": 51,
      "mean_abs_error": 13.862745098039216,
      "p95_abs_error": 21.5,
      "overshoot_peak": 46.0,
      "settle_delay_s": 1.2596666666666667,
      "pwm_settle_delay_s": 0.7539523809523809,
      "saturation_ratio": 0.0392156862745098,
      "steady_abs_error_ratio": 0.12275132275132275,
      "p95_error_ratio": 0.22174603174603172,
      "settle_time_ratio": 0.7849767143127966,
      "pwm_settle_time_ratio": 0.4832397454382344,
      "overshoot_ratio": 0.0761904761904762,
      "oscillation_ratio": 0.031065037343063796,
      "attainment_ratio": 0.8772486772486772,
      "rail_hit_ratio": 0.0392156862745098,
      "pwm_chatter_ratio": 0.0,
      "tail_mean_abs_error": 12.571428571428571,
      "tail_pwm_jump_abs": 455.5,
      "terminal_requirements_ok": true,
      "pwm_limit_reasonable": true,
      "pwm_limit_note": "within current wheel-PID test envelope",
      "weighted_score": 1.347974103449158
    }
  },
  "csv_path": "/home/madejuele/projects/2K0300/new/verification/auto-wheel-pid/20260423T113024Z/baseline/attempt-01/telemetry.csv",
  "host_log_path": "/home/madejuele/projects/2K0300/new/verification/auto-wheel-pid/20260423T113024Z/baseline/attempt-01/host.log",
  "board_log_path": "/home/madejuele/projects/2K0300/new/verification/auto-wheel-pid/20260423T113024Z/baseline/attempt-01/board.log",
  "params_path": "/home/madejuele/projects/2K0300/new/verification/auto-wheel-pid/20260423T113024Z/baseline/attempt-01/params.json",
  "tuning_exit_code": 0,
  "receiver_error": null,
  "ack_complete": true,
  "snapshot_cleared_seen": true,
  "board_markers_ok": true,
  "unexpected_failsafe": false,
  "runtime_error": null,
  "accepted": true,
  "accepted_reason": "baseline"
}
