{
  "name": "baseline",
  "candidate_label": "current-working-params",
  "wheel_scores": {
    "left": {
      "wheel": "left",
      "sample_count": 51,
      "mean_abs_error": 15.176470588235293,
      "p95_abs_error": 24.5,
      "overshoot_peak": 12.0,
      "settle_delay_s": 1.5141666666666667,
      "pwm_settle_delay_s": 1.2416666666666667,
      "saturation_ratio": 0.0196078431372549,
      "steady_abs_error_ratio": 0.14126984126984127,
      "p95_error_ratio": 0.2119047619047619,
      "settle_time_ratio": 1.0,
      "pwm_settle_time_ratio": 0.8146487465985028,
      "overshoot_ratio": 0.01904761904761905,
      "oscillation_ratio": 0.043102151515158886,
      "attainment_ratio": 0.8587301587301587,
      "rail_hit_ratio": 0.0196078431372549,
      "pwm_chatter_ratio": 0.0,
      "tail_mean_abs_error": 14.992063492063492,
      "tail_pwm_jump_abs": 478.35714285714283,
      "terminal_requirements_ok": false,
      "pwm_limit_reasonable": false,
      "pwm_limit_note": "terminal steady-state gate failed (tail error or PWM jump exceeded limits)",
      "weighted_score": Infinity
    },
    "right": {
      "wheel": "right",
      "sample_count": 51,
      "mean_abs_error": 18.88235294117647,
      "p95_abs_error": 32.5,
      "overshoot_peak": 13.0,
      "settle_delay_s": 1.5141666666666667,
      "pwm_settle_delay_s": 1.0436666666666667,
      "saturation_ratio": 0.058823529411764705,
      "steady_abs_error_ratio": 0.16772486772486772,
      "p95_error_ratio": 0.3024603174603174,
      "settle_time_ratio": 1.0,
      "pwm_settle_time_ratio": 0.6900420757363254,
      "overshoot_ratio": 0.020634920634920634,
      "oscillation_ratio": 0.039149950283346745,
      "attainment_ratio": 0.8322751322751324,
      "rail_hit_ratio": 0.0392156862745098,
      "pwm_chatter_ratio": 0.0,
      "tail_mean_abs_error": 17.91269841269841,
      "tail_pwm_jump_abs": 918.6428571428571,
      "terminal_requirements_ok": false,
      "pwm_limit_reasonable": false,
      "pwm_limit_note": "terminal steady-state gate failed (tail error or PWM jump exceeded limits)",
      "weighted_score": Infinity
    }
  },
  "csv_path": "/home/madejuele/projects/2K0300/new/verification/auto-wheel-pid/20260423T103238Z/baseline/attempt-01/telemetry.csv",
  "host_log_path": "/home/madejuele/projects/2K0300/new/verification/auto-wheel-pid/20260423T103238Z/baseline/attempt-01/host.log",
  "board_log_path": "/home/madejuele/projects/2K0300/new/verification/auto-wheel-pid/20260423T103238Z/baseline/attempt-01/board.log",
  "params_path": "/home/madejuele/projects/2K0300/new/verification/auto-wheel-pid/20260423T103238Z/baseline/attempt-01/params.json",
  "tuning_exit_code": 0,
  "receiver_error": null,
  "ack_complete": true,
  "snapshot_cleared_seen": true,
  "board_markers_ok": true,
  "unexpected_failsafe": false,
  "runtime_error": null,
  "accepted": true,
  "accepted_reason": "baseline"
}
