{
  "name": "round-001-p-screen",
  "candidate_label": "left-p=99.500000; right-p=99.500000",
  "wheel_scores": {
    "left": {
      "wheel": "left",
      "sample_count": 20,
      "mean_abs_error": 19.4,
      "p95_abs_error": 26.450000000000006,
      "overshoot_peak": 0.0,
      "settle_delay_s": 1.1640000000000001,
      "pwm_settle_delay_s": 1.1636190476190478,
      "saturation_ratio": 0.05,
      "steady_abs_error_ratio": 0.1746031746031746,
      "p95_error_ratio": 0.25285714285714284,
      "settle_time_ratio": 1.0,
      "pwm_settle_time_ratio": 1.0,
      "overshoot_ratio": 0.0,
      "oscillation_ratio": 0.036629846201233364,
      "attainment_ratio": 0.8253968253968254,
      "rail_hit_ratio": 0.05,
      "pwm_chatter_ratio": 0.0,
      "tail_mean_abs_error": 18.650793650793652,
      "tail_pwm_jump_abs": 618.7619047619048,
      "terminal_requirements_ok": true,
      "pwm_limit_reasonable": true,
      "pwm_limit_note": "within current wheel-PID test envelope",
      "weighted_score": 2.253825342896767
    },
    "right": {
      "wheel": "right",
      "sample_count": 20,
      "mean_abs_error": 17.2,
      "p95_abs_error": 23.70000000000004,
      "overshoot_peak": 5.0,
      "settle_delay_s": 0.7556666666666667,
      "pwm_settle_delay_s": 1.1636190476190478,
      "saturation_ratio": 0.05,
      "steady_abs_error_ratio": 0.15661375661375662,
      "p95_error_ratio": 0.30999999999999983,
      "settle_time_ratio": 0.5714285714285714,
      "pwm_settle_time_ratio": 1.0,
      "overshoot_ratio": 0.015873015873015872,
      "oscillation_ratio": 0.021646922921854474,
      "attainment_ratio": 0.8433862433862435,
      "rail_hit_ratio": 0.05,
      "pwm_chatter_ratio": 0.0,
      "tail_mean_abs_error": 16.126984126984127,
      "tail_pwm_jump_abs": 460.7142857142857,
      "terminal_requirements_ok": true,
      "pwm_limit_reasonable": true,
      "pwm_limit_note": "within current wheel-PID test envelope",
      "weighted_score": 2.200104828346607
    }
  },
  "csv_path": "/home/madejuele/projects/2K0300/new/verification/auto-wheel-pid/20260423T113942Z/round-001-p-screen/attempt-01/telemetry.csv",
  "host_log_path": "/home/madejuele/projects/2K0300/new/verification/auto-wheel-pid/20260423T113942Z/round-001-p-screen/attempt-01/host.log",
  "board_log_path": "/home/madejuele/projects/2K0300/new/verification/auto-wheel-pid/20260423T113942Z/round-001-p-screen/attempt-01/board.log",
  "params_path": "/home/madejuele/projects/2K0300/new/verification/auto-wheel-pid/20260423T113942Z/round-001-p-screen/attempt-01/params.json",
  "tuning_exit_code": 0,
  "receiver_error": null,
  "ack_complete": true,
  "snapshot_cleared_seen": true,
  "board_markers_ok": true,
  "unexpected_failsafe": false,
  "runtime_error": null,
  "accepted": false,
  "accepted_reason": "screen left score 2.253825 did not beat 1.766821 by 5%; screen right score improved from inf to 2.200105; pending confirmation"
}
