{
  "name": "round-011-p-confirm",
  "candidate_label": "left-p=140.000000",
  "wheel_scores": {
    "left": {
      "wheel": "left",
      "sample_count": 29,
      "mean_abs_error": 10.655172413793103,
      "p95_abs_error": 18.599999999999998,
      "overshoot_peak": 24.0,
      "settle_delay_s": 1.3433333333333333,
      "pwm_settle_delay_s": 1.3523809523809525,
      "saturation_ratio": 0.034482758620689655,
      "steady_abs_error_ratio": 0.09417989417989418,
      "p95_error_ratio": 0.16460317460317456,
      "settle_time_ratio": 0.8083455470299163,
      "pwm_settle_time_ratio": 0.8559358565393568,
      "overshoot_ratio": 0.0761904761904762,
      "oscillation_ratio": 0.013917380678879555,
      "attainment_ratio": 0.905820105820106,
      "rail_hit_ratio": 0.037037037037037035,
      "pwm_chatter_ratio": 0.0,
      "tail_mean_abs_error": 10.015873015873016,
      "tail_pwm_jump_abs": 408.04761904761904,
      "terminal_requirements_ok": true,
      "pwm_limit_reasonable": true,
      "pwm_limit_note": "within current wheel-PID test envelope",
      "weighted_score": 1.3792039351602299
    },
    "right": {
      "wheel": "right",
      "sample_count": 29,
      "mean_abs_error": 19.03448275862069,
      "p95_abs_error": 26.599999999999998,
      "overshoot_peak": 2.0,
      "settle_delay_s": 1.5903333333333334,
      "pwm_settle_delay_s": 1.5910952380952381,
      "saturation_ratio": 0.0,
      "steady_abs_error_ratio": 0.2,
      "p95_error_ratio": 0.2444444444444444,
      "settle_time_ratio": 1.0,
      "pwm_settle_time_ratio": 1.0,
      "overshoot_ratio": 0.006349206349206349,
      "oscillation_ratio": 0.03601600083232284,
      "attainment_ratio": 0.8,
      "rail_hit_ratio": 0.0,
      "pwm_chatter_ratio": 0.0,
      "tail_mean_abs_error": 21.03174603174603,
      "tail_pwm_jump_abs": 511.7142857142857,
      "terminal_requirements_ok": false,
      "pwm_limit_reasonable": false,
      "pwm_limit_note": "terminal steady-state gate failed (tail error or PWM jump exceeded limits)",
      "weighted_score": Infinity
    }
  },
  "csv_path": "/home/madejuele/projects/2K0300/new/verification/auto-wheel-pid/20260423T032314Z/round-011-p-confirm/attempt-01/telemetry.csv",
  "host_log_path": "/home/madejuele/projects/2K0300/new/verification/auto-wheel-pid/20260423T032314Z/round-011-p-confirm/attempt-01/host.log",
  "board_log_path": "/home/madejuele/projects/2K0300/new/verification/auto-wheel-pid/20260423T032314Z/round-011-p-confirm/attempt-01/board.log",
  "params_path": "/home/madejuele/projects/2K0300/new/verification/auto-wheel-pid/20260423T032314Z/round-011-p-confirm/attempt-01/params.json",
  "tuning_exit_code": 0,
  "receiver_error": null,
  "ack_complete": true,
  "snapshot_cleared_seen": true,
  "board_markers_ok": true,
  "unexpected_failsafe": false,
  "runtime_error": null,
  "accepted": true,
  "accepted_reason": "left score improved from inf to 1.379204; selected best candidate after paired screen+confirm at left-p=140.000000"
}
