{
  "name": "baseline",
  "candidate_label": "current-working-params",
  "wheel_scores": {
    "left": {
      "wheel": "left",
      "sample_count": 56,
      "mean_abs_error": 15.071428571428571,
      "p95_abs_error": 27.75,
      "overshoot_peak": 37.0,
      "settle_delay_s": 1.459,
      "pwm_settle_delay_s": 1.1668333333333334,
      "saturation_ratio": 0.017857142857142856,
      "steady_abs_error_ratio": 0.13121693121693123,
      "p95_error_ratio": 0.23388888888888887,
      "settle_time_ratio": 0.9285714285714286,
      "pwm_settle_time_ratio": 0.7553547523427041,
      "overshoot_ratio": 0.16031746031746033,
      "oscillation_ratio": 0.06698016676678772,
      "attainment_ratio": 0.8941798941798942,
      "rail_hit_ratio": 0.02142857142857143,
      "pwm_chatter_ratio": 0.0,
      "tail_mean_abs_error": 13.682539682539682,
      "tail_pwm_jump_abs": 1105.142857142857,
      "terminal_requirements_ok": false,
      "pwm_limit_reasonable": false,
      "pwm_limit_note": "terminal steady-state gate failed (tail error or PWM jump exceeded limits)",
      "weighted_score": Infinity
    },
    "right": {
      "wheel": "right",
      "sample_count": 56,
      "mean_abs_error": 17.660714285714285,
      "p95_abs_error": 36.75,
      "overshoot_peak": 33.0,
      "settle_delay_s": 1.3346666666666667,
      "pwm_settle_delay_s": 1.3854285714285715,
      "saturation_ratio": 0.05357142857142857,
      "steady_abs_error_ratio": 0.15661375661375662,
      "p95_error_ratio": 0.2625396825396825,
      "settle_time_ratio": 0.8335879806468042,
      "pwm_settle_time_ratio": 0.8756928807065765,
      "overshoot_ratio": 0.14126984126984127,
      "oscillation_ratio": 0.07926369311261208,
      "attainment_ratio": 0.8772486772486772,
      "rail_hit_ratio": 0.02142857142857143,
      "pwm_chatter_ratio": 0.0,
      "tail_mean_abs_error": 16.984126984126984,
      "tail_pwm_jump_abs": 994.8333333333334,
      "terminal_requirements_ok": false,
      "pwm_limit_reasonable": false,
      "pwm_limit_note": "terminal steady-state gate failed (tail error or PWM jump exceeded limits)",
      "weighted_score": Infinity
    }
  },
  "csv_path": "/home/madejuele/projects/2K0300/new/verification/auto-wheel-pid/20260422T143235Z/baseline/attempt-01/telemetry.csv",
  "host_log_path": "/home/madejuele/projects/2K0300/new/verification/auto-wheel-pid/20260422T143235Z/baseline/attempt-01/host.log",
  "board_log_path": "/home/madejuele/projects/2K0300/new/verification/auto-wheel-pid/20260422T143235Z/baseline/attempt-01/board.log",
  "params_path": "/home/madejuele/projects/2K0300/new/verification/auto-wheel-pid/20260422T143235Z/baseline/attempt-01/params.json",
  "tuning_exit_code": 0,
  "receiver_error": null,
  "ack_complete": true,
  "snapshot_cleared_seen": true,
  "board_markers_ok": true,
  "unexpected_failsafe": false,
  "runtime_error": null,
  "accepted": true,
  "accepted_reason": "baseline"
}
