{
  "name": "baseline",
  "candidate_label": "current-working-params",
  "wheel_scores": {
    "left": {
      "wheel": "left",
      "sample_count": 29,
      "mean_abs_error": 12.517241379310345,
      "p95_abs_error": 26.0,
      "overshoot_peak": 30.0,
      "settle_delay_s": 1.0456666666666667,
      "pwm_settle_delay_s": 1.2533809523809525,
      "saturation_ratio": 0.13793103448275862,
      "steady_abs_error_ratio": 0.13121693121693123,
      "p95_error_ratio": 0.20317460317460315,
      "settle_time_ratio": 0.6666666666666666,
      "pwm_settle_time_ratio": 0.7619047619047619,
      "overshoot_ratio": 0.21587301587301588,
      "oscillation_ratio": 0.11898719156805015,
      "attainment_ratio": 1.0444444444444445,
      "rail_hit_ratio": 0.17142857142857143,
      "pwm_chatter_ratio": 0.047619047619047616,
      "tail_mean_abs_error": 14.095238095238095,
      "tail_pwm_jump_abs": 1257.7619047619048,
      "terminal_requirements_ok": false,
      "pwm_limit_reasonable": false,
      "pwm_limit_note": "terminal steady-state gate failed (tail error or PWM jump exceeded limits)",
      "weighted_score": Infinity
    },
    "right": {
      "wheel": "right",
      "sample_count": 29,
      "mean_abs_error": 20.275862068965516,
      "p95_abs_error": 29.199999999999996,
      "overshoot_peak": 0.0,
      "settle_delay_s": 1.5893333333333333,
      "pwm_settle_delay_s": 0.9738571428571429,
      "saturation_ratio": 0.034482758620689655,
      "steady_abs_error_ratio": 0.17883597883597882,
      "p95_error_ratio": 0.2725396825396825,
      "settle_time_ratio": 1.0,
      "pwm_settle_time_ratio": 0.618271221532091,
      "overshoot_ratio": 0.0,
      "oscillation_ratio": 0.0350518519743164,
      "attainment_ratio": 0.8211640211640212,
      "rail_hit_ratio": 0.04285714285714286,
      "pwm_chatter_ratio": 0.0,
      "tail_mean_abs_error": 18.873015873015873,
      "tail_pwm_jump_abs": 639.952380952381,
      "terminal_requirements_ok": false,
      "pwm_limit_reasonable": false,
      "pwm_limit_note": "terminal steady-state gate failed (tail error or PWM jump exceeded limits)",
      "weighted_score": Infinity
    }
  },
  "csv_path": "/home/madejuele/projects/2K0300/new/verification/auto-wheel-pid/20260423T014247Z/baseline/attempt-01/telemetry.csv",
  "host_log_path": "/home/madejuele/projects/2K0300/new/verification/auto-wheel-pid/20260423T014247Z/baseline/attempt-01/host.log",
  "board_log_path": "/home/madejuele/projects/2K0300/new/verification/auto-wheel-pid/20260423T014247Z/baseline/attempt-01/board.log",
  "params_path": "/home/madejuele/projects/2K0300/new/verification/auto-wheel-pid/20260423T014247Z/baseline/attempt-01/params.json",
  "tuning_exit_code": 0,
  "receiver_error": null,
  "ack_complete": true,
  "snapshot_cleared_seen": true,
  "board_markers_ok": true,
  "unexpected_failsafe": false,
  "runtime_error": null,
  "accepted": true,
  "accepted_reason": "baseline"
}
