{
  "name": "round-010-p-screen",
  "candidate_label": "left-p=220.000000; right-p=220.000000",
  "wheel_scores": {
    "left": {
      "wheel": "left",
      "sample_count": 22,
      "mean_abs_error": 23.818181818181817,
      "p95_abs_error": 56.900000000000006,
      "overshoot_peak": 55.0,
      "settle_delay_s": 1.1506666666666667,
      "pwm_settle_delay_s": 1.1756190476190476,
      "saturation_ratio": 0.2727272727272727,
      "steady_abs_error_ratio": 0.24126984126984127,
      "p95_error_ratio": 0.5193650793650793,
      "settle_time_ratio": 1.0,
      "pwm_settle_time_ratio": 1.0,
      "overshoot_ratio": 0.346031746031746,
      "oscillation_ratio": 0.2700648345832713,
      "attainment_ratio": 1.0063492063492065,
      "rail_hit_ratio": 0.2727272727272727,
      "pwm_chatter_ratio": 0.0,
      "tail_mean_abs_error": 23.428571428571427,
      "tail_pwm_jump_abs": 1382.0,
      "terminal_requirements_ok": false,
      "pwm_limit_reasonable": false,
      "pwm_limit_note": "terminal steady-state gate failed (tail error or PWM jump exceeded limits)",
      "weighted_score": Infinity
    },
    "right": {
      "wheel": "right",
      "sample_count": 22,
      "mean_abs_error": 28.59090909090909,
      "p95_abs_error": 75.64999999999998,
      "overshoot_peak": 39.0,
      "settle_delay_s": 1.1506666666666667,
      "pwm_settle_delay_s": 0.6103333333333333,
      "saturation_ratio": 0.5,
      "steady_abs_error_ratio": 0.2634920634920635,
      "p95_error_ratio": 0.5333333333333331,
      "settle_time_ratio": 1.0,
      "pwm_settle_time_ratio": 0.5714285714285714,
      "overshoot_ratio": 0.28253968253968254,
      "oscillation_ratio": 0.17553285346593728,
      "attainment_ratio": 0.8486772486772488,
      "rail_hit_ratio": 0.5263605442176871,
      "pwm_chatter_ratio": 0.03968253968253968,
      "tail_mean_abs_error": 29.444444444444443,
      "tail_pwm_jump_abs": 1177.7619047619048,
      "terminal_requirements_ok": false,
      "pwm_limit_reasonable": false,
      "pwm_limit_note": "terminal steady-state gate failed (tail error or PWM jump exceeded limits)",
      "weighted_score": Infinity
    }
  },
  "csv_path": "/home/madejuele/projects/2K0300/new/verification/auto-wheel-pid/20260423T032314Z/round-010-p-screen/attempt-01/telemetry.csv",
  "host_log_path": "/home/madejuele/projects/2K0300/new/verification/auto-wheel-pid/20260423T032314Z/round-010-p-screen/attempt-01/host.log",
  "board_log_path": "/home/madejuele/projects/2K0300/new/verification/auto-wheel-pid/20260423T032314Z/round-010-p-screen/attempt-01/board.log",
  "params_path": "/home/madejuele/projects/2K0300/new/verification/auto-wheel-pid/20260423T032314Z/round-010-p-screen/attempt-01/params.json",
  "tuning_exit_code": 0,
  "receiver_error": null,
  "ack_complete": true,
  "snapshot_cleared_seen": true,
  "board_markers_ok": true,
  "unexpected_failsafe": false,
  "runtime_error": null,
  "accepted": false,
  "accepted_reason": "screen left terminal gate failed: tail error 23.429 > 20.000; tail PWM jump 1382.000 > 800.000; screen right terminal gate failed: tail error 29.444 > 20.000; tail PWM jump 1177.762 > 800.000"
}
