{
  "name": "round-015-right-i",
  "candidate_label": "right-i=0.000000",
  "wheel_scores": {
    "left": {
      "wheel": "left",
      "sample_count": 61,
      "mean_abs_error": 12.639344262295081,
      "p95_abs_error": 30.0,
      "overshoot_peak": 36.0,
      "settle_delay_s": 1.3961666666666668,
      "pwm_settle_delay_s": 1.823222222222222,
      "saturation_ratio": 0.03278688524590164,
      "steady_abs_error_ratio": 0.15679012345679014,
      "p95_error_ratio": 0.2717592592592592,
      "settle_time_ratio": 0.7032088939422652,
      "pwm_settle_time_ratio": 1.0,
      "overshoot_ratio": 0.29074074074074074,
      "oscillation_ratio": 0.16628006698303696,
      "attainment_ratio": 1.0530864197530865,
      "rail_hit_ratio": 0.020202020202020204,
      "pwm_chatter_ratio": 0.1,
      "tail_mean_abs_error": 13.481481481481481,
      "tail_pwm_jump_abs": 1462.5,
      "terminal_requirements_ok": false,
      "pwm_limit_reasonable": false,
      "pwm_limit_note": "terminal steady-state gate failed (tail error or PWM jump exceeded limits)",
      "weighted_score": Infinity
    },
    "right": {
      "wheel": "right",
      "sample_count": 61,
      "mean_abs_error": 13.688524590163935,
      "p95_abs_error": 27.0,
      "overshoot_peak": 25.0,
      "settle_delay_s": 1.814,
      "pwm_settle_delay_s": 1.823222222222222,
      "saturation_ratio": 0.09836065573770492,
      "steady_abs_error_ratio": 0.13518518518518519,
      "p95_error_ratio": 0.28083333333333327,
      "settle_time_ratio": 1.0,
      "pwm_settle_time_ratio": 1.0,
      "overshoot_ratio": 0.17407407407407408,
      "oscillation_ratio": 0.10201351114698934,
      "attainment_ratio": 0.9364197530864198,
      "rail_hit_ratio": 0.06464646464646465,
      "pwm_chatter_ratio": 0.27037037037037037,
      "tail_mean_abs_error": 12.5,
      "tail_pwm_jump_abs": 1494.2777777777778,
      "terminal_requirements_ok": false,
      "pwm_limit_reasonable": false,
      "pwm_limit_note": "terminal steady-state gate failed (tail error or PWM jump exceeded limits)",
      "weighted_score": Infinity
    }
  },
  "csv_path": "/home/madejuele/projects/2K0300/new/verification/auto-wheel-pid/20260422T132845Z/round-015-right-i/attempt-01/telemetry.csv",
  "host_log_path": "/home/madejuele/projects/2K0300/new/verification/auto-wheel-pid/20260422T132845Z/round-015-right-i/attempt-01/host.log",
  "board_log_path": "/home/madejuele/projects/2K0300/new/verification/auto-wheel-pid/20260422T132845Z/round-015-right-i/attempt-01/board.log",
  "params_path": "/home/madejuele/projects/2K0300/new/verification/auto-wheel-pid/20260422T132845Z/round-015-right-i/attempt-01/params.json",
  "tuning_exit_code": 0,
  "receiver_error": null,
  "ack_complete": true,
  "snapshot_cleared_seen": true,
  "board_markers_ok": true,
  "unexpected_failsafe": false,
  "runtime_error": null,
  "accepted": false,
  "accepted_reason": "right score 0.447903 did not beat 0.380611 by 5%"
}
