{
  "name": "round-001-d-screen",
  "candidate_label": "left-d=0.750000; right-d=0.200000",
  "wheel_scores": {
    "left": {
      "wheel": "left",
      "sample_count": 19,
      "mean_abs_error": 13.105263157894736,
      "p95_abs_error": 21.0,
      "overshoot_peak": 6.0,
      "settle_delay_s": 1.1153333333333333,
      "pwm_settle_delay_s": 0.531,
      "saturation_ratio": 0.05263157894736842,
      "steady_abs_error_ratio": 0.12804232804232804,
      "p95_error_ratio": 0.16111111111111112,
      "settle_time_ratio": 1.0,
      "pwm_settle_time_ratio": 0.42857142857142855,
      "overshoot_ratio": 0.01904761904761905,
      "oscillation_ratio": 0.02541628402623477,
      "attainment_ratio": 0.871957671957672,
      "rail_hit_ratio": 0.061224489795918366,
      "pwm_chatter_ratio": 0.0,
      "tail_mean_abs_error": 13.88888888888889,
      "tail_pwm_jump_abs": 453.6190476190476,
      "terminal_requirements_ok": true,
      "pwm_limit_reasonable": true,
      "pwm_limit_note": "PWM limit is reachable in this round, but not the dominant issue by itself",
      "weighted_score": 1.204444878591588
    },
    "right": {
      "wheel": "right",
      "sample_count": 19,
      "mean_abs_error": 13.894736842105264,
      "p95_abs_error": 26.299999999999994,
      "overshoot_peak": 11.0,
      "settle_delay_s": 1.1153333333333333,
      "pwm_settle_delay_s": 1.134857142857143,
      "saturation_ratio": 0.05263157894736842,
      "steady_abs_error_ratio": 0.1439153439153439,
      "p95_error_ratio": 0.23349206349206347,
      "settle_time_ratio": 1.0,
      "pwm_settle_time_ratio": 1.0,
      "overshoot_ratio": 0.03492063492063492,
      "oscillation_ratio": 0.03566248293024713,
      "attainment_ratio": 0.8560846560846561,
      "rail_hit_ratio": 0.05263157894736842,
      "pwm_chatter_ratio": 0.0,
      "tail_mean_abs_error": 14.666666666666666,
      "tail_pwm_jump_abs": 589.1428571428571,
      "terminal_requirements_ok": true,
      "pwm_limit_reasonable": true,
      "pwm_limit_note": "PWM limit is reachable in this round, but not the dominant issue by itself",
      "weighted_score": 1.9113323858591627
    }
  },
  "csv_path": "/home/madejuele/projects/2K0300/new/verification/auto-wheel-pid/20260423T121055Z/round-001-d-screen/attempt-01/telemetry.csv",
  "host_log_path": "/home/madejuele/projects/2K0300/new/verification/auto-wheel-pid/20260423T121055Z/round-001-d-screen/attempt-01/host.log",
  "board_log_path": "/home/madejuele/projects/2K0300/new/verification/auto-wheel-pid/20260423T121055Z/round-001-d-screen/attempt-01/board.log",
  "params_path": "/home/madejuele/projects/2K0300/new/verification/auto-wheel-pid/20260423T121055Z/round-001-d-screen/attempt-01/params.json",
  "tuning_exit_code": 0,
  "receiver_error": null,
  "ack_complete": true,
  "snapshot_cleared_seen": true,
  "board_markers_ok": true,
  "unexpected_failsafe": false,
  "runtime_error": null,
  "accepted": false,
  "accepted_reason": "screen left score improved from 1.559062 to 1.204445; pending confirmation; screen right score improved from inf to 1.911332; pending confirmation"
}
