{
  "name": "baseline",
  "candidate_label": "current-working-params",
  "wheel_scores": {
    "left": {
      "wheel": "left",
      "sample_count": 53,
      "mean_abs_error": 16.9811320754717,
      "p95_abs_error": 25.199999999999996,
      "overshoot_peak": 0.0,
      "settle_delay_s": 1.328,
      "pwm_settle_delay_s": 1.2868095238095238,
      "saturation_ratio": 0.018867924528301886,
      "steady_abs_error_ratio": 0.16825396825396827,
      "p95_error_ratio": 0.22809523809523807,
      "settle_time_ratio": 0.8116801998750781,
      "pwm_settle_time_ratio": 0.8205253494432599,
      "overshoot_ratio": 0.0,
      "oscillation_ratio": 0.03213645157834663,
      "attainment_ratio": 0.8317460317460318,
      "rail_hit_ratio": 0.018867924528301886,
      "pwm_chatter_ratio": 0.0,
      "tail_mean_abs_error": 17.666666666666668,
      "tail_pwm_jump_abs": 474.1190476190476,
      "terminal_requirements_ok": true,
      "pwm_limit_reasonable": true,
      "pwm_limit_note": "within current wheel-PID test envelope",
      "weighted_score": 1.917361198227579
    },
    "right": {
      "wheel": "right",
      "sample_count": 53,
      "mean_abs_error": 22.754716981132077,
      "p95_abs_error": 34.4,
      "overshoot_peak": 0.0,
      "settle_delay_s": 1.5625,
      "pwm_settle_delay_s": 1.2996190476190477,
      "saturation_ratio": 0.03773584905660377,
      "steady_abs_error_ratio": 0.217989417989418,
      "p95_error_ratio": 0.30698412698412697,
      "settle_time_ratio": 1.0,
      "pwm_settle_time_ratio": 0.829866600367707,
      "overshoot_ratio": 0.0,
      "oscillation_ratio": 0.05376752026857426,
      "attainment_ratio": 0.782010582010582,
      "rail_hit_ratio": 0.018867924528301886,
      "pwm_chatter_ratio": 0.0,
      "tail_mean_abs_error": 23.174603174603174,
      "tail_pwm_jump_abs": 746.1666666666666,
      "terminal_requirements_ok": false,
      "pwm_limit_reasonable": false,
      "pwm_limit_note": "terminal steady-state gate failed (tail error or PWM jump exceeded limits)",
      "weighted_score": Infinity
    }
  },
  "csv_path": "/home/madejuele/projects/2K0300/new/verification/auto-wheel-pid/20260423T101958Z/baseline/attempt-01/telemetry.csv",
  "host_log_path": "/home/madejuele/projects/2K0300/new/verification/auto-wheel-pid/20260423T101958Z/baseline/attempt-01/host.log",
  "board_log_path": "/home/madejuele/projects/2K0300/new/verification/auto-wheel-pid/20260423T101958Z/baseline/attempt-01/board.log",
  "params_path": "/home/madejuele/projects/2K0300/new/verification/auto-wheel-pid/20260423T101958Z/baseline/attempt-01/params.json",
  "tuning_exit_code": 0,
  "receiver_error": null,
  "ack_complete": true,
  "snapshot_cleared_seen": true,
  "board_markers_ok": true,
  "unexpected_failsafe": false,
  "runtime_error": null,
  "accepted": true,
  "accepted_reason": "baseline"
}
