{
  "name": "round-006-right-p",
  "candidate_label": "right-p=52.734375",
  "wheel_scores": {
    "left": {
      "wheel": "left",
      "sample_count": 60,
      "mean_abs_error": 16.3,
      "p95_abs_error": 43.099999999999994,
      "overshoot_peak": 46.0,
      "settle_delay_s": 1.6021666666666667,
      "pwm_settle_delay_s": 1.5730555555555557,
      "saturation_ratio": 0.15,
      "steady_abs_error_ratio": 0.18518518518518517,
      "p95_error_ratio": 0.3806481481481481,
      "settle_time_ratio": 0.8700090334236675,
      "pwm_settle_time_ratio": 0.854498830532726,
      "overshoot_ratio": 0.3314814814814815,
      "oscillation_ratio": 0.16375802161834346,
      "attainment_ratio": 0.9925925925925926,
      "rail_hit_ratio": 0.16111111111111112,
      "pwm_chatter_ratio": 0.1419753086419753,
      "tail_mean_abs_error": 17.296296296296298,
      "tail_pwm_jump_abs": 1322.5,
      "terminal_requirements_ok": false,
      "pwm_limit_reasonable": false,
      "pwm_limit_note": "terminal steady-state gate failed (tail error or PWM jump exceeded limits)",
      "weighted_score": Infinity
    },
    "right": {
      "wheel": "right",
      "sample_count": 60,
      "mean_abs_error": 20.933333333333334,
      "p95_abs_error": 30.049999999999997,
      "overshoot_peak": 0.0,
      "settle_delay_s": 1.842,
      "pwm_settle_delay_s": 1.6921666666666666,
      "saturation_ratio": 0.0,
      "steady_abs_error_ratio": 0.21481481481481482,
      "p95_error_ratio": 0.3073148148148148,
      "settle_time_ratio": 1.0,
      "pwm_settle_time_ratio": 0.9194090614838937,
      "overshoot_ratio": 0.0,
      "oscillation_ratio": 0.03320340956568455,
      "attainment_ratio": 0.7851851851851852,
      "rail_hit_ratio": 0.0,
      "pwm_chatter_ratio": 0.0,
      "tail_mean_abs_error": 19.75925925925926,
      "tail_pwm_jump_abs": 330.8888888888889,
      "terminal_requirements_ok": false,
      "pwm_limit_reasonable": false,
      "pwm_limit_note": "terminal steady-state gate failed (tail error or PWM jump exceeded limits)",
      "weighted_score": Infinity
    }
  },
  "csv_path": "/home/madejuele/projects/2K0300/new/verification/auto-wheel-pid/20260422T132845Z/round-006-right-p/attempt-01/telemetry.csv",
  "host_log_path": "/home/madejuele/projects/2K0300/new/verification/auto-wheel-pid/20260422T132845Z/round-006-right-p/attempt-01/host.log",
  "board_log_path": "/home/madejuele/projects/2K0300/new/verification/auto-wheel-pid/20260422T132845Z/round-006-right-p/attempt-01/board.log",
  "params_path": "/home/madejuele/projects/2K0300/new/verification/auto-wheel-pid/20260422T132845Z/round-006-right-p/attempt-01/params.json",
  "tuning_exit_code": 0,
  "receiver_error": null,
  "ack_complete": true,
  "snapshot_cleared_seen": true,
  "board_markers_ok": true,
  "unexpected_failsafe": false,
  "runtime_error": null,
  "accepted": false,
  "accepted_reason": "right score 1.188178 did not beat 1.169345 by 5%"
}
