{
  "name": "round-001-d-screen",
  "candidate_label": "left-d=0.500000; right-d=0.100000",
  "wheel_scores": {
    "left": {
      "wheel": "left",
      "sample_count": 19,
      "mean_abs_error": 17.68421052631579,
      "p95_abs_error": 26.599999999999987,
      "overshoot_peak": 10.0,
      "settle_delay_s": 1.1119999999999999,
      "pwm_settle_delay_s": 0.8417142857142856,
      "saturation_ratio": 0.05263157894736842,
      "steady_abs_error_ratio": 0.1873015873015873,
      "p95_error_ratio": 0.24777777777777776,
      "settle_time_ratio": 1.0,
      "pwm_settle_time_ratio": 0.7390940766550522,
      "overshoot_ratio": 0.031746031746031744,
      "oscillation_ratio": 0.05835475039607064,
      "attainment_ratio": 0.8126984126984127,
      "rail_hit_ratio": 0.0,
      "pwm_chatter_ratio": 0.0,
      "tail_mean_abs_error": 20.07936507936508,
      "tail_pwm_jump_abs": 1036.142857142857,
      "terminal_requirements_ok": false,
      "pwm_limit_reasonable": false,
      "pwm_limit_note": "terminal steady-state gate failed (tail error or PWM jump exceeded limits)",
      "weighted_score": Infinity
    },
    "right": {
      "wheel": "right",
      "sample_count": 19,
      "mean_abs_error": 16.789473684210527,
      "p95_abs_error": 27.0,
      "overshoot_peak": 0.0,
      "settle_delay_s": 1.1119999999999999,
      "pwm_settle_delay_s": 0.6698571428571428,
      "saturation_ratio": 0.0,
      "steady_abs_error_ratio": 0.14814814814814817,
      "p95_error_ratio": 0.23841269841269838,
      "settle_time_ratio": 1.0,
      "pwm_settle_time_ratio": 0.5714285714285714,
      "overshoot_ratio": 0.0,
      "oscillation_ratio": 0.043501233643029734,
      "attainment_ratio": 0.8518518518518517,
      "rail_hit_ratio": 0.0,
      "pwm_chatter_ratio": 0.0,
      "tail_mean_abs_error": 16.095238095238095,
      "tail_pwm_jump_abs": 516.0952380952381,
      "terminal_requirements_ok": true,
      "pwm_limit_reasonable": true,
      "pwm_limit_note": "within current wheel-PID test envelope",
      "weighted_score": 1.204665467279647
    }
  },
  "csv_path": "/home/madejuele/projects/2K0300/new/verification/auto-wheel-pid/20260423T120623Z/round-001-d-screen/attempt-01/telemetry.csv",
  "host_log_path": "/home/madejuele/projects/2K0300/new/verification/auto-wheel-pid/20260423T120623Z/round-001-d-screen/attempt-01/host.log",
  "board_log_path": "/home/madejuele/projects/2K0300/new/verification/auto-wheel-pid/20260423T120623Z/round-001-d-screen/attempt-01/board.log",
  "params_path": "/home/madejuele/projects/2K0300/new/verification/auto-wheel-pid/20260423T120623Z/round-001-d-screen/attempt-01/params.json",
  "tuning_exit_code": 0,
  "receiver_error": null,
  "ack_complete": true,
  "snapshot_cleared_seen": true,
  "board_markers_ok": true,
  "unexpected_failsafe": false,
  "runtime_error": null,
  "accepted": false,
  "accepted_reason": "screen left terminal gate failed: tail PWM jump 1036.143 > 800.000; screen right score improved from 1.662312 to 1.204665; pending confirmation"
}
