{
  "name": "round-023-left-d",
  "candidate_label": "left-d=2.000000",
  "wheel_scores": {
    "left": {
      "wheel": "left",
      "sample_count": 52,
      "mean_abs_error": 12.98076923076923,
      "p95_abs_error": 23.89999999999999,
      "overshoot_peak": 27.0,
      "settle_delay_s": 1.4811666666666667,
      "pwm_settle_delay_s": 1.490388888888889,
      "saturation_ratio": 0.019230769230769232,
      "steady_abs_error_ratio": 0.1154320987654321,
      "p95_error_ratio": 0.247037037037037,
      "settle_time_ratio": 0.9463696369636962,
      "pwm_settle_time_ratio": 0.9520596590909091,
      "overshoot_ratio": 0.09814814814814815,
      "oscillation_ratio": 0.061205089161791314,
      "attainment_ratio": 0.8907407407407407,
      "rail_hit_ratio": 0.0,
      "pwm_chatter_ratio": 0.027777777777777776,
      "tail_mean_abs_error": 9.962962962962964,
      "tail_pwm_jump_abs": 1075.888888888889,
      "terminal_requirements_ok": false,
      "pwm_limit_reasonable": false,
      "pwm_limit_note": "terminal steady-state gate failed (tail error or PWM jump exceeded limits)",
      "weighted_score": Infinity
    },
    "right": {
      "wheel": "right",
      "sample_count": 52,
      "mean_abs_error": 17.826923076923077,
      "p95_abs_error": 27.449999999999996,
      "overshoot_peak": 28.0,
      "settle_delay_s": 1.5461666666666667,
      "pwm_settle_delay_s": 1.3787777777777777,
      "saturation_ratio": 0.0,
      "steady_abs_error_ratio": 0.19938271604938274,
      "p95_error_ratio": 0.29240740740740734,
      "settle_time_ratio": 1.0,
      "pwm_settle_time_ratio": 0.8891639163916392,
      "overshoot_ratio": 0.06296296296296296,
      "oscillation_ratio": 0.07603226583585901,
      "attainment_ratio": 0.8080246913580247,
      "rail_hit_ratio": 0.0,
      "pwm_chatter_ratio": 0.0,
      "tail_mean_abs_error": 17.74074074074074,
      "tail_pwm_jump_abs": 1072.388888888889,
      "terminal_requirements_ok": false,
      "pwm_limit_reasonable": false,
      "pwm_limit_note": "terminal steady-state gate failed (tail error or PWM jump exceeded limits)",
      "weighted_score": Infinity
    }
  },
  "csv_path": "/home/madejuele/projects/2K0300/new/verification/auto-wheel-pid/20260422T135601Z/round-023-left-d/attempt-01/telemetry.csv",
  "host_log_path": "/home/madejuele/projects/2K0300/new/verification/auto-wheel-pid/20260422T135601Z/round-023-left-d/attempt-01/host.log",
  "board_log_path": "/home/madejuele/projects/2K0300/new/verification/auto-wheel-pid/20260422T135601Z/round-023-left-d/attempt-01/board.log",
  "params_path": "/home/madejuele/projects/2K0300/new/verification/auto-wheel-pid/20260422T135601Z/round-023-left-d/attempt-01/params.json",
  "tuning_exit_code": 0,
  "receiver_error": null,
  "ack_complete": true,
  "snapshot_cleared_seen": true,
  "board_markers_ok": true,
  "unexpected_failsafe": false,
  "runtime_error": null,
  "accepted": false,
  "accepted_reason": "left score 96.085402 did not beat 45.760765 by 5%"
}
