{
  "name": "round-006-p-screen",
  "candidate_label": "left-p=140.000000; right-p=140.000000",
  "wheel_scores": {
    "left": {
      "wheel": "left",
      "sample_count": 22,
      "mean_abs_error": 14.0,
      "p95_abs_error": 35.49999999999999,
      "overshoot_peak": 51.0,
      "settle_delay_s": 0.8456666666666667,
      "pwm_settle_delay_s": 1.167857142857143,
      "saturation_ratio": 0.09090909090909091,
      "steady_abs_error_ratio": 0.08783068783068783,
      "p95_error_ratio": 0.2839682539682538,
      "settle_time_ratio": 0.7016040219350849,
      "pwm_settle_time_ratio": 1.0,
      "overshoot_ratio": 0.16190476190476194,
      "oscillation_ratio": 0.019111641175035457,
      "attainment_ratio": 0.9121693121693121,
      "rail_hit_ratio": 0.09090909090909091,
      "pwm_chatter_ratio": 0.0,
      "tail_mean_abs_error": 9.571428571428571,
      "tail_pwm_jump_abs": 510.0952380952381,
      "terminal_requirements_ok": true,
      "pwm_limit_reasonable": true,
      "pwm_limit_note": "PWM limit is reachable in this round, but not the dominant issue by itself",
      "weighted_score": 2.065416118405043
    },
    "right": {
      "wheel": "right",
      "sample_count": 22,
      "mean_abs_error": 13.227272727272727,
      "p95_abs_error": 32.49999999999999,
      "overshoot_peak": 55.0,
      "settle_delay_s": 0.968,
      "pwm_settle_delay_s": 0.7787142857142858,
      "saturation_ratio": 0.045454545454545456,
      "steady_abs_error_ratio": 0.09841269841269841,
      "p95_error_ratio": 0.26047619047619036,
      "settle_time_ratio": 0.827683615819209,
      "pwm_settle_time_ratio": 0.6969292389853138,
      "overshoot_ratio": 0.2222222222222222,
      "oscillation_ratio": 0.06924322977097096,
      "attainment_ratio": 0.9502645502645504,
      "rail_hit_ratio": 0.045454545454545456,
      "pwm_chatter_ratio": 0.0,
      "tail_mean_abs_error": 9.761904761904763,
      "tail_pwm_jump_abs": 864.2857142857143,
      "terminal_requirements_ok": false,
      "pwm_limit_reasonable": false,
      "pwm_limit_note": "terminal steady-state gate failed (tail error or PWM jump exceeded limits)",
      "weighted_score": Infinity
    }
  },
  "csv_path": "/home/madejuele/projects/2K0300/new/verification/auto-wheel-pid/20260423T032314Z/round-006-p-screen/attempt-01/telemetry.csv",
  "host_log_path": "/home/madejuele/projects/2K0300/new/verification/auto-wheel-pid/20260423T032314Z/round-006-p-screen/attempt-01/host.log",
  "board_log_path": "/home/madejuele/projects/2K0300/new/verification/auto-wheel-pid/20260423T032314Z/round-006-p-screen/attempt-01/board.log",
  "params_path": "/home/madejuele/projects/2K0300/new/verification/auto-wheel-pid/20260423T032314Z/round-006-p-screen/attempt-01/params.json",
  "tuning_exit_code": 0,
  "receiver_error": null,
  "ack_complete": true,
  "snapshot_cleared_seen": true,
  "board_markers_ok": true,
  "unexpected_failsafe": false,
  "runtime_error": null,
  "accepted": false,
  "accepted_reason": "screen left score improved from inf to 2.065416; pending confirmation; screen right terminal gate failed: tail PWM jump 864.286 > 800.000"
}
