{
  "name": "round-007-p-screen",
  "candidate_label": "left-p=140.000000; right-p=140.000000",
  "wheel_scores": {
    "left": {
      "wheel": "left",
      "sample_count": 15,
      "mean_abs_error": 14.2,
      "p95_abs_error": 37.79999999999997,
      "overshoot_peak": 56.0,
      "settle_delay_s": 1.0030000000000001,
      "pwm_settle_delay_s": 1.1874166666666668,
      "saturation_ratio": 0.13333333333333333,
      "steady_abs_error_ratio": 0.06666666666666667,
      "p95_error_ratio": 0.40972222222222204,
      "settle_time_ratio": 0.8697916666666666,
      "pwm_settle_time_ratio": 1.0,
      "overshoot_ratio": 0.4777777777777778,
      "oscillation_ratio": 0.055596287838619377,
      "attainment_ratio": 1.0222222222222221,
      "rail_hit_ratio": 0.13333333333333333,
      "pwm_chatter_ratio": 0.1388888888888889,
      "tail_mean_abs_error": 6.277777777777778,
      "tail_pwm_jump_abs": 455.0,
      "terminal_requirements_ok": false,
      "pwm_limit_reasonable": false,
      "pwm_limit_note": "terminal steady-state gate failed (tail error or PWM jump exceeded limits)",
      "weighted_score": Infinity
    },
    "right": {
      "wheel": "right",
      "sample_count": 15,
      "mean_abs_error": 15.6,
      "p95_abs_error": 31.599999999999994,
      "overshoot_peak": 31.0,
      "settle_delay_s": 1.1755,
      "pwm_settle_delay_s": 1.1874166666666668,
      "saturation_ratio": 0.2,
      "steady_abs_error_ratio": 0.20740740740740743,
      "p95_error_ratio": 0.32666666666666666,
      "settle_time_ratio": 1.0,
      "pwm_settle_time_ratio": 1.0,
      "overshoot_ratio": 0.3,
      "oscillation_ratio": 0.20052450043908074,
      "attainment_ratio": 0.9518518518518517,
      "rail_hit_ratio": 0.20535714285714285,
      "pwm_chatter_ratio": 0.4027777777777778,
      "tail_mean_abs_error": 19.22222222222222,
      "tail_pwm_jump_abs": 2741.6666666666665,
      "terminal_requirements_ok": false,
      "pwm_limit_reasonable": false,
      "pwm_limit_note": "terminal steady-state gate failed (tail error or PWM jump exceeded limits)",
      "weighted_score": Infinity
    }
  },
  "csv_path": "/home/madejuele/projects/2K0300/new/verification/auto-wheel-pid/20260422T235808Z/round-007-p-screen/attempt-01/telemetry.csv",
  "host_log_path": "/home/madejuele/projects/2K0300/new/verification/auto-wheel-pid/20260422T235808Z/round-007-p-screen/attempt-01/host.log",
  "board_log_path": "/home/madejuele/projects/2K0300/new/verification/auto-wheel-pid/20260422T235808Z/round-007-p-screen/attempt-01/board.log",
  "params_path": "/home/madejuele/projects/2K0300/new/verification/auto-wheel-pid/20260422T235808Z/round-007-p-screen/attempt-01/params.json",
  "tuning_exit_code": 0,
  "receiver_error": null,
  "ack_complete": true,
  "snapshot_cleared_seen": true,
  "board_markers_ok": true,
  "unexpected_failsafe": false,
  "runtime_error": null,
  "accepted": false,
  "accepted_reason": "screen left terminal gate failed: terminal gate failed; screen right terminal gate failed: tail PWM jump 2741.667 > 500.000"
}
