{
  "name": "baseline",
  "candidate_label": "current-working-params",
  "wheel_scores": {
    "left": {
      "wheel": "left",
      "sample_count": 51,
      "mean_abs_error": 5.0588235294117645,
      "p95_abs_error": 15.0,
      "overshoot_peak": 38.0,
      "settle_delay_s": 0.3416666666666667,
      "pwm_settle_delay_s": 1.1690238095238095,
      "saturation_ratio": 0.0196078431372549,
      "steady_abs_error_ratio": 0.035449735449735446,
      "p95_error_ratio": 0.13293650793650788,
      "settle_time_ratio": 0.16518067663291905,
      "pwm_settle_time_ratio": 0.7576073838924083,
      "overshoot_ratio": 0.13015873015873017,
      "oscillation_ratio": 0.0342805724432983,
      "attainment_ratio": 0.9878306878306878,
      "rail_hit_ratio": 0.0,
      "pwm_chatter_ratio": 0.0,
      "tail_mean_abs_error": 3.611111111111111,
      "tail_pwm_jump_abs": 499.5952380952381,
      "terminal_requirements_ok": false,
      "pwm_limit_reasonable": false,
      "pwm_limit_note": "terminal steady-state gate failed (tail error or PWM jump exceeded limits)",
      "weighted_score": Infinity
    },
    "right": {
      "wheel": "right",
      "sample_count": 51,
      "mean_abs_error": 6.705882352941177,
      "p95_abs_error": 15.5,
      "overshoot_peak": 65.0,
      "settle_delay_s": 0.20233333333333334,
      "pwm_settle_delay_s": 1.3093095238095238,
      "saturation_ratio": 0.0196078431372549,
      "steady_abs_error_ratio": 0.04021164021164021,
      "p95_error_ratio": 0.19603174603174595,
      "settle_time_ratio": 0.12604839392674702,
      "pwm_settle_time_ratio": 0.8389577403449365,
      "overshoot_ratio": 0.2492063492063492,
      "oscillation_ratio": 0.0376616748969689,
      "attainment_ratio": 1.0031746031746032,
      "rail_hit_ratio": 0.0196078431372549,
      "pwm_chatter_ratio": 0.0,
      "tail_mean_abs_error": 4.126984126984127,
      "tail_pwm_jump_abs": 480.23809523809524,
      "terminal_requirements_ok": false,
      "pwm_limit_reasonable": false,
      "pwm_limit_note": "terminal steady-state gate failed (tail error or PWM jump exceeded limits)",
      "weighted_score": Infinity
    }
  },
  "csv_path": "/home/madejuele/projects/2K0300/new/verification/auto-wheel-pid/20260423T124827Z/baseline/attempt-01/telemetry.csv",
  "host_log_path": "/home/madejuele/projects/2K0300/new/verification/auto-wheel-pid/20260423T124827Z/baseline/attempt-01/host.log",
  "board_log_path": "/home/madejuele/projects/2K0300/new/verification/auto-wheel-pid/20260423T124827Z/baseline/attempt-01/board.log",
  "params_path": "/home/madejuele/projects/2K0300/new/verification/auto-wheel-pid/20260423T124827Z/baseline/attempt-01/params.json",
  "tuning_exit_code": 0,
  "receiver_error": null,
  "ack_complete": true,
  "snapshot_cleared_seen": true,
  "board_markers_ok": true,
  "unexpected_failsafe": false,
  "runtime_error": null,
  "accepted": true,
  "accepted_reason": "baseline"
}
