{
  "name": "round-004-p-screen",
  "candidate_label": "left-p=110.000000; right-p=105.000000",
  "wheel_scores": {
    "left": {
      "wheel": "left",
      "sample_count": 21,
      "mean_abs_error": 13.476190476190476,
      "p95_abs_error": 22.0,
      "overshoot_peak": 11.0,
      "settle_delay_s": 1.1966666666666665,
      "pwm_settle_delay_s": 1.0083333333333333,
      "saturation_ratio": 0.0,
      "steady_abs_error_ratio": 0.11640211640211642,
      "p95_error_ratio": 0.18126984126984125,
      "settle_time_ratio": 1.0,
      "pwm_settle_time_ratio": 0.8390540649423898,
      "overshoot_ratio": 0.03492063492063492,
      "oscillation_ratio": 0.021508395243726462,
      "attainment_ratio": 0.8835978835978835,
      "rail_hit_ratio": 0.0,
      "pwm_chatter_ratio": 0.0,
      "tail_mean_abs_error": 12.476190476190476,
      "tail_pwm_jump_abs": 562.2857142857143,
      "terminal_requirements_ok": true,
      "pwm_limit_reasonable": true,
      "pwm_limit_note": "within current wheel-PID test envelope",
      "weighted_score": 1.449597760266725
    },
    "right": {
      "wheel": "right",
      "sample_count": 21,
      "mean_abs_error": 14.904761904761905,
      "p95_abs_error": 24.0,
      "overshoot_peak": 24.0,
      "settle_delay_s": 0.7959999999999999,
      "pwm_settle_delay_s": 0.9299047619047618,
      "saturation_ratio": 0.047619047619047616,
      "steady_abs_error_ratio": 0.15555555555555556,
      "p95_error_ratio": 0.21365079365079365,
      "settle_time_ratio": 0.5714285714285714,
      "pwm_settle_time_ratio": 0.7772249861802101,
      "overshoot_ratio": 0.0761904761904762,
      "oscillation_ratio": 0.0524403432447245,
      "attainment_ratio": 0.8444444444444444,
      "rail_hit_ratio": 0.0,
      "pwm_chatter_ratio": 0.0,
      "tail_mean_abs_error": 16.174603174603174,
      "tail_pwm_jump_abs": 906.0952380952381,
      "terminal_requirements_ok": false,
      "pwm_limit_reasonable": false,
      "pwm_limit_note": "terminal steady-state gate failed (tail error or PWM jump exceeded limits)",
      "weighted_score": Infinity
    }
  },
  "csv_path": "/home/madejuele/projects/2K0300/new/verification/auto-wheel-pid/20260423T063018Z/round-004-p-screen/attempt-01/telemetry.csv",
  "host_log_path": "/home/madejuele/projects/2K0300/new/verification/auto-wheel-pid/20260423T063018Z/round-004-p-screen/attempt-01/host.log",
  "board_log_path": "/home/madejuele/projects/2K0300/new/verification/auto-wheel-pid/20260423T063018Z/round-004-p-screen/attempt-01/board.log",
  "params_path": "/home/madejuele/projects/2K0300/new/verification/auto-wheel-pid/20260423T063018Z/round-004-p-screen/attempt-01/params.json",
  "tuning_exit_code": 0,
  "receiver_error": null,
  "ack_complete": true,
  "snapshot_cleared_seen": true,
  "board_markers_ok": true,
  "unexpected_failsafe": false,
  "runtime_error": null,
  "accepted": false,
  "accepted_reason": "screen left score improved from 2.254643 to 1.449598; pending confirmation; screen right terminal gate failed: tail PWM jump 906.095 > 800.000"
}
