{
  "name": "round-004-p-screen",
  "candidate_label": "left-p=140.000000; right-p=86.000000",
  "wheel_scores": {
    "left": {
      "wheel": "left",
      "sample_count": 22,
      "mean_abs_error": 14.818181818181818,
      "p95_abs_error": 43.75,
      "overshoot_peak": 39.0,
      "settle_delay_s": 0.4316666666666667,
      "pwm_settle_delay_s": 1.186904761904762,
      "saturation_ratio": 0.045454545454545456,
      "steady_abs_error_ratio": 0.1523809523809524,
      "p95_error_ratio": 0.3223809523809523,
      "settle_time_ratio": 0.2995094242189517,
      "pwm_settle_time_ratio": 1.0,
      "overshoot_ratio": 0.24126984126984127,
      "oscillation_ratio": 0.10896217593981344,
      "attainment_ratio": 0.906878306878307,
      "rail_hit_ratio": 0.045454545454545456,
      "pwm_chatter_ratio": 0.0,
      "tail_mean_abs_error": 16.88888888888889,
      "tail_pwm_jump_abs": 988.0952380952381,
      "terminal_requirements_ok": false,
      "pwm_limit_reasonable": false,
      "pwm_limit_note": "terminal steady-state gate failed (tail error or PWM jump exceeded limits)",
      "weighted_score": Infinity
    },
    "right": {
      "wheel": "right",
      "sample_count": 22,
      "mean_abs_error": 16.954545454545453,
      "p95_abs_error": 25.849999999999998,
      "overshoot_peak": 0.0,
      "settle_delay_s": 1.1696666666666666,
      "pwm_settle_delay_s": 1.186904761904762,
      "saturation_ratio": 0.0,
      "steady_abs_error_ratio": 0.1523809523809524,
      "p95_error_ratio": 0.23333333333333328,
      "settle_time_ratio": 1.0,
      "pwm_settle_time_ratio": 1.0,
      "overshoot_ratio": 0.0,
      "oscillation_ratio": 0.036651661156487166,
      "attainment_ratio": 0.8476190476190476,
      "rail_hit_ratio": 0.0,
      "pwm_chatter_ratio": 0.0,
      "tail_mean_abs_error": 15.619047619047619,
      "tail_pwm_jump_abs": 482.85714285714283,
      "terminal_requirements_ok": true,
      "pwm_limit_reasonable": true,
      "pwm_limit_note": "within current wheel-PID test envelope",
      "weighted_score": 2.115792150242633
    }
  },
  "csv_path": "/home/madejuele/projects/2K0300/new/verification/auto-wheel-pid/20260423T042856Z/round-004-p-screen/attempt-01/telemetry.csv",
  "host_log_path": "/home/madejuele/projects/2K0300/new/verification/auto-wheel-pid/20260423T042856Z/round-004-p-screen/attempt-01/host.log",
  "board_log_path": "/home/madejuele/projects/2K0300/new/verification/auto-wheel-pid/20260423T042856Z/round-004-p-screen/attempt-01/board.log",
  "params_path": "/home/madejuele/projects/2K0300/new/verification/auto-wheel-pid/20260423T042856Z/round-004-p-screen/attempt-01/params.json",
  "tuning_exit_code": 0,
  "receiver_error": null,
  "ack_complete": true,
  "snapshot_cleared_seen": true,
  "board_markers_ok": true,
  "unexpected_failsafe": false,
  "runtime_error": null,
  "accepted": false,
  "accepted_reason": "screen left terminal gate failed: tail PWM jump 988.095 > 800.000; screen right score 2.115792 did not beat 1.215166 by 5%"
}
