{
  "name": "round-005-p-screen",
  "candidate_label": "left-p=141.000000; right-p=91.000000",
  "wheel_scores": {
    "left": {
      "wheel": "left",
      "sample_count": 22,
      "mean_abs_error": 10.909090909090908,
      "p95_abs_error": 20.9,
      "overshoot_peak": 0.0,
      "settle_delay_s": 1.0503333333333333,
      "pwm_settle_delay_s": 1.0331904761904762,
      "saturation_ratio": 0.045454545454545456,
      "steady_abs_error_ratio": 0.09523809523809523,
      "p95_error_ratio": 0.15698412698412698,
      "settle_time_ratio": 0.8800132582035135,
      "pwm_settle_time_ratio": 0.8800132582035135,
      "overshoot_ratio": 0.0,
      "oscillation_ratio": 0.026748956583005825,
      "attainment_ratio": 0.9047619047619048,
      "rail_hit_ratio": 0.05357142857142857,
      "pwm_chatter_ratio": 0.0,
      "tail_mean_abs_error": 9.777777777777779,
      "tail_pwm_jump_abs": 474.3333333333333,
      "terminal_requirements_ok": true,
      "pwm_limit_reasonable": true,
      "pwm_limit_note": "PWM limit is reachable in this round, but not the dominant issue by itself",
      "weighted_score": 1.7151847404882152
    },
    "right": {
      "wheel": "right",
      "sample_count": 22,
      "mean_abs_error": 17.545454545454547,
      "p95_abs_error": 25.95,
      "overshoot_peak": 0.0,
      "settle_delay_s": 1.171,
      "pwm_settle_delay_s": 1.1883333333333332,
      "saturation_ratio": 0.045454545454545456,
      "steady_abs_error_ratio": 0.1894179894179894,
      "p95_error_ratio": 0.24142857142857138,
      "settle_time_ratio": 1.0,
      "pwm_settle_time_ratio": 1.0,
      "overshoot_ratio": 0.0,
      "oscillation_ratio": 0.042373061985427764,
      "attainment_ratio": 0.8105820105820106,
      "rail_hit_ratio": 0.05357142857142857,
      "pwm_chatter_ratio": 0.0,
      "tail_mean_abs_error": 20.365079365079364,
      "tail_pwm_jump_abs": 548.9047619047619,
      "terminal_requirements_ok": false,
      "pwm_limit_reasonable": false,
      "pwm_limit_note": "terminal steady-state gate failed (tail error or PWM jump exceeded limits)",
      "weighted_score": Infinity
    }
  },
  "csv_path": "/home/madejuele/projects/2K0300/new/verification/auto-wheel-pid/20260423T035347Z/round-005-p-screen/attempt-01/telemetry.csv",
  "host_log_path": "/home/madejuele/projects/2K0300/new/verification/auto-wheel-pid/20260423T035347Z/round-005-p-screen/attempt-01/host.log",
  "board_log_path": "/home/madejuele/projects/2K0300/new/verification/auto-wheel-pid/20260423T035347Z/round-005-p-screen/attempt-01/board.log",
  "params_path": "/home/madejuele/projects/2K0300/new/verification/auto-wheel-pid/20260423T035347Z/round-005-p-screen/attempt-01/params.json",
  "tuning_exit_code": 0,
  "receiver_error": null,
  "ack_complete": true,
  "snapshot_cleared_seen": true,
  "board_markers_ok": true,
  "unexpected_failsafe": false,
  "runtime_error": null,
  "accepted": false,
  "accepted_reason": "screen left score 1.715185 did not beat 1.575325 by 5%; screen right terminal gate failed: tail error 20.365 > 20.000"
}
