{
  "name": "round-012-i-screen",
  "candidate_label": "left-i=6.000000; right-i=6.000000",
  "wheel_scores": {
    "left": {
      "wheel": "left",
      "sample_count": 28,
      "mean_abs_error": 13.428571428571429,
      "p95_abs_error": 27.949999999999996,
      "overshoot_peak": 26.0,
      "settle_delay_s": 1.1653333333333333,
      "pwm_settle_delay_s": 1.5345238095238096,
      "saturation_ratio": 0.17857142857142858,
      "steady_abs_error_ratio": 0.11957671957671957,
      "p95_error_ratio": 0.24269841269841266,
      "settle_time_ratio": 0.679732868757259,
      "pwm_settle_time_ratio": 1.0,
      "overshoot_ratio": 0.1873015873015873,
      "oscillation_ratio": 0.08692212451824699,
      "attainment_ratio": 0.9523809523809523,
      "rail_hit_ratio": 0.20264550264550263,
      "pwm_chatter_ratio": 0.05952380952380952,
      "tail_mean_abs_error": 13.476190476190476,
      "tail_pwm_jump_abs": 1628.3333333333333,
      "terminal_requirements_ok": false,
      "pwm_limit_reasonable": false,
      "pwm_limit_note": "terminal steady-state gate failed (tail error or PWM jump exceeded limits)",
      "weighted_score": Infinity
    },
    "right": {
      "wheel": "right",
      "sample_count": 28,
      "mean_abs_error": 17.107142857142858,
      "p95_abs_error": 26.599999999999994,
      "overshoot_peak": 24.0,
      "settle_delay_s": 1.533,
      "pwm_settle_delay_s": 1.5345238095238096,
      "saturation_ratio": 0.0,
      "steady_abs_error_ratio": 0.1492063492063492,
      "p95_error_ratio": 0.2419047619047619,
      "settle_time_ratio": 1.0,
      "pwm_settle_time_ratio": 1.0,
      "overshoot_ratio": 0.0761904761904762,
      "oscillation_ratio": 0.03311176848784167,
      "attainment_ratio": 0.8507936507936508,
      "rail_hit_ratio": 0.0,
      "pwm_chatter_ratio": 0.0,
      "tail_mean_abs_error": 15.761904761904763,
      "tail_pwm_jump_abs": 696.5238095238095,
      "terminal_requirements_ok": false,
      "pwm_limit_reasonable": false,
      "pwm_limit_note": "terminal steady-state gate failed (tail error or PWM jump exceeded limits)",
      "weighted_score": Infinity
    }
  },
  "csv_path": "/home/madejuele/projects/2K0300/new/verification/auto-wheel-pid/20260423T014247Z/round-012-i-screen/attempt-01/telemetry.csv",
  "host_log_path": "/home/madejuele/projects/2K0300/new/verification/auto-wheel-pid/20260423T014247Z/round-012-i-screen/attempt-01/host.log",
  "board_log_path": "/home/madejuele/projects/2K0300/new/verification/auto-wheel-pid/20260423T014247Z/round-012-i-screen/attempt-01/board.log",
  "params_path": "/home/madejuele/projects/2K0300/new/verification/auto-wheel-pid/20260423T014247Z/round-012-i-screen/attempt-01/params.json",
  "tuning_exit_code": 0,
  "receiver_error": null,
  "ack_complete": true,
  "snapshot_cleared_seen": true,
  "board_markers_ok": true,
  "unexpected_failsafe": false,
  "runtime_error": null,
  "accepted": false,
  "accepted_reason": "screen left terminal gate failed: tail PWM jump 1628.333 > 800.000; screen right terminal gate failed: terminal gate failed"
}
