{
  "name": "right-p89-repeat-03",
  "candidate_label": "left-p=139.000000; right-p=89.000000",
  "wheel_scores": {
    "left": {
      "wheel": "left",
      "sample_count": 56,
      "mean_abs_error": 15.607142857142858,
      "p95_abs_error": 48.0,
      "overshoot_peak": 51.0,
      "settle_delay_s": 1.1986666666666668,
      "pwm_settle_delay_s": 0.9268095238095237,
      "saturation_ratio": 0.07142857142857142,
      "steady_abs_error_ratio": 0.12645502645502646,
      "p95_error_ratio": 0.3154761904761904,
      "settle_time_ratio": 0.7550886201075752,
      "pwm_settle_time_ratio": 0.6051880357905757,
      "overshoot_ratio": 0.14126984126984127,
      "oscillation_ratio": 0.0703219728710353,
      "attainment_ratio": 0.9052910052910054,
      "rail_hit_ratio": 0.0537037037037037,
      "pwm_chatter_ratio": 0.0,
      "tail_mean_abs_error": 13.84920634920635,
      "tail_pwm_jump_abs": 760.6428571428571,
      "terminal_requirements_ok": false,
      "pwm_limit_reasonable": false,
      "pwm_limit_note": "terminal steady-state gate failed (tail error or PWM jump exceeded limits)",
      "weighted_score": Infinity
    },
    "right": {
      "wheel": "right",
      "sample_count": 56,
      "mean_abs_error": 15.857142857142858,
      "p95_abs_error": 29.75,
      "overshoot_peak": 29.0,
      "settle_delay_s": 1.2878333333333334,
      "pwm_settle_delay_s": 1.2269285714285714,
      "saturation_ratio": 0.0,
      "steady_abs_error_ratio": 0.15132275132275133,
      "p95_error_ratio": 0.2353968253968254,
      "settle_time_ratio": 0.8518850987432676,
      "pwm_settle_time_ratio": 0.7928632829846758,
      "overshoot_ratio": 0.06984126984126984,
      "oscillation_ratio": 0.031544071197174804,
      "attainment_ratio": 0.8486772486772486,
      "rail_hit_ratio": 0.0,
      "pwm_chatter_ratio": 0.0,
      "tail_mean_abs_error": 16.19047619047619,
      "tail_pwm_jump_abs": 371.57142857142856,
      "terminal_requirements_ok": false,
      "pwm_limit_reasonable": false,
      "pwm_limit_note": "terminal steady-state gate failed (tail error or PWM jump exceeded limits)",
      "weighted_score": Infinity
    }
  },
  "csv_path": "/home/madejuele/projects/2K0300/new/verification/manual-probes/20260423T041054Z-right-p-repeat-verify-battery-retest/right-p89/repeat-03/attempt-01/telemetry.csv",
  "host_log_path": "/home/madejuele/projects/2K0300/new/verification/manual-probes/20260423T041054Z-right-p-repeat-verify-battery-retest/right-p89/repeat-03/attempt-01/host.log",
  "board_log_path": "/home/madejuele/projects/2K0300/new/verification/manual-probes/20260423T041054Z-right-p-repeat-verify-battery-retest/right-p89/repeat-03/attempt-01/board.log",
  "params_path": "/home/madejuele/projects/2K0300/new/verification/manual-probes/20260423T041054Z-right-p-repeat-verify-battery-retest/right-p89/repeat-03/attempt-01/params.json",
  "tuning_exit_code": 0,
  "receiver_error": null,
  "ack_complete": true,
  "snapshot_cleared_seen": true,
  "board_markers_ok": true,
  "unexpected_failsafe": false,
  "runtime_error": null,
  "accepted": false,
  "accepted_reason": ""
}
