{
  "name": "left-p138-repeat-03",
  "candidate_label": "left-p=138.000000; right-p=85.000000; right-alpha=0.400000",
  "wheel_scores": {
    "left": {
      "wheel": "left",
      "sample_count": 57,
      "mean_abs_error": 13.24561403508772,
      "p95_abs_error": 38.39999999999999,
      "overshoot_peak": 42.0,
      "settle_delay_s": 0.9191666666666667,
      "pwm_settle_delay_s": 1.3381904761904762,
      "saturation_ratio": 0.05263157894736842,
      "steady_abs_error_ratio": 0.12804232804232804,
      "p95_error_ratio": 0.2634126984126984,
      "settle_time_ratio": 0.5130108192392578,
      "pwm_settle_time_ratio": 0.8383740153651659,
      "overshoot_ratio": 0.15714285714285714,
      "oscillation_ratio": 0.06946092234859465,
      "attainment_ratio": 0.8793650793650793,
      "rail_hit_ratio": 0.037037037037037035,
      "pwm_chatter_ratio": 0.01488095238095238,
      "tail_mean_abs_error": 13.619047619047619,
      "tail_pwm_jump_abs": 753.2380952380952,
      "terminal_requirements_ok": false,
      "pwm_limit_reasonable": false,
      "pwm_limit_note": "terminal steady-state gate failed (tail error or PWM jump exceeded limits)",
      "weighted_score": Infinity
    },
    "right": {
      "wheel": "right",
      "sample_count": 57,
      "mean_abs_error": 17.29824561403509,
      "p95_abs_error": 23.39999999999999,
      "overshoot_peak": 0.0,
      "settle_delay_s": 1.5733333333333333,
      "pwm_settle_delay_s": 0.673,
      "saturation_ratio": 0.017543859649122806,
      "steady_abs_error_ratio": 0.15608465608465608,
      "p95_error_ratio": 0.25928571428571423,
      "settle_time_ratio": 1.0,
      "pwm_settle_time_ratio": 0.4367363149915155,
      "overshoot_ratio": 0.0,
      "oscillation_ratio": 0.029033484814195484,
      "attainment_ratio": 0.8439153439153441,
      "rail_hit_ratio": 0.017543859649122806,
      "pwm_chatter_ratio": 0.0,
      "tail_mean_abs_error": 16.8015873015873,
      "tail_pwm_jump_abs": 335.6190476190476,
      "terminal_requirements_ok": true,
      "pwm_limit_reasonable": true,
      "pwm_limit_note": "within current wheel-PID test envelope",
      "weighted_score": 1.2108340958730588
    }
  },
  "csv_path": "/home/madejuele/projects/2K0300/new/verification/manual-probes/20260423T043419Z-left-p-repeat-validate/left-p138/repeat-03/attempt-01/telemetry.csv",
  "host_log_path": "/home/madejuele/projects/2K0300/new/verification/manual-probes/20260423T043419Z-left-p-repeat-validate/left-p138/repeat-03/attempt-01/host.log",
  "board_log_path": "/home/madejuele/projects/2K0300/new/verification/manual-probes/20260423T043419Z-left-p-repeat-validate/left-p138/repeat-03/attempt-01/board.log",
  "params_path": "/home/madejuele/projects/2K0300/new/verification/manual-probes/20260423T043419Z-left-p-repeat-validate/left-p138/repeat-03/attempt-01/params.json",
  "tuning_exit_code": 0,
  "receiver_error": null,
  "ack_complete": true,
  "snapshot_cleared_seen": true,
  "board_markers_ok": true,
  "unexpected_failsafe": false,
  "runtime_error": null,
  "accepted": false,
  "accepted_reason": ""
}
