{
  "name": "left-p136-repeat-01",
  "candidate_label": "left-p=136.000000; right-p=85.000000; right-alpha=0.400000",
  "wheel_scores": {
    "left": {
      "wheel": "left",
      "sample_count": 57,
      "mean_abs_error": 12.578947368421053,
      "p95_abs_error": 27.79999999999994,
      "overshoot_peak": 51.0,
      "settle_delay_s": 1.1903333333333335,
      "pwm_settle_delay_s": 1.5048333333333332,
      "saturation_ratio": 0.03508771929824561,
      "steady_abs_error_ratio": 0.0851851851851852,
      "p95_error_ratio": 0.24746031746031744,
      "settle_time_ratio": 0.7759404160306663,
      "pwm_settle_time_ratio": 0.9630522088353414,
      "overshoot_ratio": 0.15555555555555556,
      "oscillation_ratio": 0.042705830346373395,
      "attainment_ratio": 0.9201058201058201,
      "rail_hit_ratio": 0.017543859649122806,
      "pwm_chatter_ratio": 0.0,
      "tail_mean_abs_error": 8.976190476190476,
      "tail_pwm_jump_abs": 700.3809523809524,
      "terminal_requirements_ok": false,
      "pwm_limit_reasonable": false,
      "pwm_limit_note": "terminal steady-state gate failed (tail error or PWM jump exceeded limits)",
      "weighted_score": Infinity
    },
    "right": {
      "wheel": "right",
      "sample_count": 57,
      "mean_abs_error": 15.368421052631579,
      "p95_abs_error": 23.199999999999996,
      "overshoot_peak": 21.0,
      "settle_delay_s": 1.5571666666666666,
      "pwm_settle_delay_s": 1.5661666666666665,
      "saturation_ratio": 0.0,
      "steady_abs_error_ratio": 0.15079365079365079,
      "p95_error_ratio": 0.22984126984126982,
      "settle_time_ratio": 1.0,
      "pwm_settle_time_ratio": 1.0,
      "overshoot_ratio": 0.03333333333333333,
      "oscillation_ratio": 0.039971742998004905,
      "attainment_ratio": 0.8492063492063492,
      "rail_hit_ratio": 0.0,
      "pwm_chatter_ratio": 0.0,
      "tail_mean_abs_error": 15.833333333333334,
      "tail_pwm_jump_abs": 438.8809523809524,
      "terminal_requirements_ok": true,
      "pwm_limit_reasonable": true,
      "pwm_limit_note": "within current wheel-PID test envelope",
      "weighted_score": 1.9454490261516524
    }
  },
  "csv_path": "/home/madejuele/projects/2K0300/new/verification/manual-probes/20260423T043419Z-left-p-repeat-validate/left-p136/repeat-01/attempt-01/telemetry.csv",
  "host_log_path": "/home/madejuele/projects/2K0300/new/verification/manual-probes/20260423T043419Z-left-p-repeat-validate/left-p136/repeat-01/attempt-01/host.log",
  "board_log_path": "/home/madejuele/projects/2K0300/new/verification/manual-probes/20260423T043419Z-left-p-repeat-validate/left-p136/repeat-01/attempt-01/board.log",
  "params_path": "/home/madejuele/projects/2K0300/new/verification/manual-probes/20260423T043419Z-left-p-repeat-validate/left-p136/repeat-01/attempt-01/params.json",
  "tuning_exit_code": 0,
  "receiver_error": null,
  "ack_complete": true,
  "snapshot_cleared_seen": true,
  "board_markers_ok": true,
  "unexpected_failsafe": false,
  "runtime_error": null,
  "accepted": false,
  "accepted_reason": ""
}
