{
  "name": "round-054-right-d",
  "candidate_label": "right-d=1.000000",
  "wheel_scores": {
    "left": {
      "wheel": "left",
      "sample_count": 57,
      "mean_abs_error": 16.228070175438596,
      "p95_abs_error": 28.0,
      "overshoot_peak": 16.0,
      "settle_delay_s": 1.574,
      "pwm_settle_delay_s": 1.1526666666666667,
      "saturation_ratio": 0.017543859649122806,
      "steady_abs_error_ratio": 0.17566137566137566,
      "p95_error_ratio": 0.24539682539682534,
      "settle_time_ratio": 1.0,
      "pwm_settle_time_ratio": 0.7479577605100617,
      "overshoot_ratio": 0.04285714285714286,
      "oscillation_ratio": 0.06951607426353636,
      "attainment_ratio": 0.8455026455026454,
      "rail_hit_ratio": 0.02142857142857143,
      "pwm_chatter_ratio": 0.037037037037037035,
      "tail_mean_abs_error": 19.50793650793651,
      "tail_pwm_jump_abs": 1171.4761904761904,
      "terminal_requirements_ok": false,
      "pwm_limit_reasonable": false,
      "pwm_limit_note": "terminal steady-state gate failed (tail error or PWM jump exceeded limits)",
      "weighted_score": Infinity
    },
    "right": {
      "wheel": "right",
      "sample_count": 57,
      "mean_abs_error": 24.36842105263158,
      "p95_abs_error": 32.199999999999996,
      "overshoot_peak": 0.0,
      "settle_delay_s": 1.574,
      "pwm_settle_delay_s": 1.254357142857143,
      "saturation_ratio": 0.017543859649122806,
      "steady_abs_error_ratio": 0.2507936507936508,
      "p95_error_ratio": 0.29753968253968255,
      "settle_time_ratio": 1.0,
      "pwm_settle_time_ratio": 0.7832364131946424,
      "overshoot_ratio": 0.0,
      "oscillation_ratio": 0.048677487166392336,
      "attainment_ratio": 0.7492063492063492,
      "rail_hit_ratio": 0.0,
      "pwm_chatter_ratio": 0.0,
      "tail_mean_abs_error": 26.047619047619047,
      "tail_pwm_jump_abs": 750.2142857142857,
      "terminal_requirements_ok": false,
      "pwm_limit_reasonable": false,
      "pwm_limit_note": "terminal steady-state gate failed (tail error or PWM jump exceeded limits)",
      "weighted_score": Infinity
    }
  },
  "csv_path": "/home/madejuele/projects/2K0300/new/verification/auto-wheel-pid/20260422T143235Z/round-054-right-d/attempt-01/telemetry.csv",
  "host_log_path": "/home/madejuele/projects/2K0300/new/verification/auto-wheel-pid/20260422T143235Z/round-054-right-d/attempt-01/host.log",
  "board_log_path": "/home/madejuele/projects/2K0300/new/verification/auto-wheel-pid/20260422T143235Z/round-054-right-d/attempt-01/board.log",
  "params_path": "/home/madejuele/projects/2K0300/new/verification/auto-wheel-pid/20260422T143235Z/round-054-right-d/attempt-01/params.json",
  "tuning_exit_code": 0,
  "receiver_error": null,
  "ack_complete": true,
  "snapshot_cleared_seen": true,
  "board_markers_ok": true,
  "unexpected_failsafe": false,
  "runtime_error": null,
  "accepted": false,
  "accepted_reason": "right score 93.926125 did not beat 43.720994 by 5%"
}
