{
  "name": "right-p145",
  "candidate_label": "left-p=139.000000; right-p=145.000000; right-alpha=0.400000",
  "wheel_scores": {
    "left": {
      "wheel": "left",
      "sample_count": 57,
      "mean_abs_error": 13.192982456140351,
      "p95_abs_error": 31.39999999999995,
      "overshoot_peak": 41.0,
      "settle_delay_s": 1.3468333333333333,
      "pwm_settle_delay_s": 1.451547619047619,
      "saturation_ratio": 0.05263157894736842,
      "steady_abs_error_ratio": 0.17037037037037037,
      "p95_error_ratio": 0.2903968253968252,
      "settle_time_ratio": 0.812078898545064,
      "pwm_settle_time_ratio": 0.9198808710086905,
      "overshoot_ratio": 0.14603174603174604,
      "oscillation_ratio": 0.12396010591846543,
      "attainment_ratio": 0.8952380952380953,
      "rail_hit_ratio": 0.02142857142857143,
      "pwm_chatter_ratio": 0.0,
      "tail_mean_abs_error": 18.142857142857142,
      "tail_pwm_jump_abs": 552.8095238095239,
      "terminal_requirements_ok": false,
      "pwm_limit_reasonable": false,
      "pwm_limit_note": "terminal steady-state gate failed (tail error or PWM jump exceeded limits)",
      "weighted_score": Infinity
    },
    "right": {
      "wheel": "right",
      "sample_count": 57,
      "mean_abs_error": 11.68421052631579,
      "p95_abs_error": 26.199999999999974,
      "overshoot_peak": 20.0,
      "settle_delay_s": 0.8276666666666667,
      "pwm_settle_delay_s": 1.4804285714285716,
      "saturation_ratio": 0.05263157894736842,
      "steady_abs_error_ratio": 0.10052910052910052,
      "p95_error_ratio": 0.2528571428571427,
      "settle_time_ratio": 0.49184832062925354,
      "pwm_settle_time_ratio": 0.939827429609446,
      "overshoot_ratio": 0.06349206349206349,
      "oscillation_ratio": 0.07335656847971167,
      "attainment_ratio": 0.9079365079365079,
      "rail_hit_ratio": 0.05263157894736842,
      "pwm_chatter_ratio": 0.0,
      "tail_mean_abs_error": 10.952380952380953,
      "tail_pwm_jump_abs": 1008.2619047619048,
      "terminal_requirements_ok": false,
      "pwm_limit_reasonable": false,
      "pwm_limit_note": "terminal steady-state gate failed (tail error or PWM jump exceeded limits)",
      "weighted_score": Infinity
    }
  },
  "csv_path": "/home/madejuele/projects/2K0300/new/verification/manual-probes/20260423T041956Z-right-alpha04-p-window-scan/right-p145/attempt-01/telemetry.csv",
  "host_log_path": "/home/madejuele/projects/2K0300/new/verification/manual-probes/20260423T041956Z-right-alpha04-p-window-scan/right-p145/attempt-01/host.log",
  "board_log_path": "/home/madejuele/projects/2K0300/new/verification/manual-probes/20260423T041956Z-right-alpha04-p-window-scan/right-p145/attempt-01/board.log",
  "params_path": "/home/madejuele/projects/2K0300/new/verification/manual-probes/20260423T041956Z-right-alpha04-p-window-scan/right-p145/attempt-01/params.json",
  "tuning_exit_code": 0,
  "receiver_error": null,
  "ack_complete": true,
  "snapshot_cleared_seen": true,
  "board_markers_ok": true,
  "unexpected_failsafe": false,
  "runtime_error": null,
  "accepted": false,
  "accepted_reason": ""
}
