{
  "name": "baseline",
  "candidate_label": "current-working-params",
  "wheel_scores": {
    "left": {
      "wheel": "left",
      "sample_count": 52,
      "mean_abs_error": 17.076923076923077,
      "p95_abs_error": 27.449999999999996,
      "overshoot_peak": 2.0,
      "settle_delay_s": 1.5401666666666667,
      "pwm_settle_delay_s": 1.1946190476190477,
      "saturation_ratio": 0.0,
      "steady_abs_error_ratio": 0.17142857142857143,
      "p95_error_ratio": 0.24269841269841266,
      "settle_time_ratio": 1.0,
      "pwm_settle_time_ratio": 0.7822262512293571,
      "overshoot_ratio": 0.004761904761904762,
      "oscillation_ratio": 0.044320277191714934,
      "attainment_ratio": 0.8285714285714286,
      "rail_hit_ratio": 0.0,
      "pwm_chatter_ratio": 0.0,
      "tail_mean_abs_error": 17.53968253968254,
      "tail_pwm_jump_abs": 506.95238095238096,
      "terminal_requirements_ok": false,
      "pwm_limit_reasonable": false,
      "pwm_limit_note": "terminal steady-state gate failed (tail error or PWM jump exceeded limits)",
      "weighted_score": Infinity
    },
    "right": {
      "wheel": "right",
      "sample_count": 52,
      "mean_abs_error": 20.5,
      "p95_abs_error": 29.89999999999999,
      "overshoot_peak": 0.0,
      "settle_delay_s": 1.5401666666666667,
      "pwm_settle_delay_s": 1.322547619047619,
      "saturation_ratio": 0.019230769230769232,
      "steady_abs_error_ratio": 0.17671957671957672,
      "p95_error_ratio": 0.3133333333333333,
      "settle_time_ratio": 1.0,
      "pwm_settle_time_ratio": 0.8472208160372583,
      "overshoot_ratio": 0.0,
      "oscillation_ratio": 0.0479457981237156,
      "attainment_ratio": 0.8232804232804232,
      "rail_hit_ratio": 0.019230769230769232,
      "pwm_chatter_ratio": 0.0,
      "tail_mean_abs_error": 18.857142857142858,
      "tail_pwm_jump_abs": 505.23809523809524,
      "terminal_requirements_ok": true,
      "pwm_limit_reasonable": true,
      "pwm_limit_note": "within current wheel-PID test envelope",
      "weighted_score": 2.1962496937321028
    }
  },
  "csv_path": "/home/madejuele/projects/2K0300/new/verification/auto-wheel-pid/20260423T102956Z/baseline/attempt-01/telemetry.csv",
  "host_log_path": "/home/madejuele/projects/2K0300/new/verification/auto-wheel-pid/20260423T102956Z/baseline/attempt-01/host.log",
  "board_log_path": "/home/madejuele/projects/2K0300/new/verification/auto-wheel-pid/20260423T102956Z/baseline/attempt-01/board.log",
  "params_path": "/home/madejuele/projects/2K0300/new/verification/auto-wheel-pid/20260423T102956Z/baseline/attempt-01/params.json",
  "tuning_exit_code": 0,
  "receiver_error": null,
  "ack_complete": true,
  "snapshot_cleared_seen": true,
  "board_markers_ok": true,
  "unexpected_failsafe": false,
  "runtime_error": null,
  "accepted": true,
  "accepted_reason": "baseline"
}
