{
  "name": "baseline-screen",
  "candidate_label": "current-working-params-screen",
  "wheel_scores": {
    "left": {
      "wheel": "left",
      "sample_count": 19,
      "mean_abs_error": 3.736842105263158,
      "p95_abs_error": 13.49999999999999,
      "overshoot_peak": 8.0,
      "settle_delay_s": 0.27666666666666667,
      "pwm_settle_delay_s": 1.0099047619047619,
      "saturation_ratio": 0.05263157894736842,
      "steady_abs_error_ratio": 0.020105820105820106,
      "p95_error_ratio": 0.1006349206349206,
      "settle_time_ratio": 0.21458022283009479,
      "pwm_settle_time_ratio": 0.9427501337613697,
      "overshoot_ratio": 0.050793650793650794,
      "oscillation_ratio": 0.016364831349262247,
      "attainment_ratio": 1.02010582010582,
      "rail_hit_ratio": 0.05263157894736842,
      "pwm_chatter_ratio": 0.0,
      "tail_mean_abs_error": 2.3015873015873014,
      "tail_pwm_jump_abs": 411.23809523809524,
      "terminal_requirements_ok": true,
      "pwm_limit_reasonable": true,
      "pwm_limit_note": "PWM limit is reachable in this round, but not the dominant issue by itself",
      "weighted_score": 1.4026845939123478
    },
    "right": {
      "wheel": "right",
      "sample_count": 19,
      "mean_abs_error": 13.526315789473685,
      "p95_abs_error": 22.49999999999999,
      "overshoot_peak": 12.0,
      "settle_delay_s": 0.8136666666666666,
      "pwm_settle_delay_s": 0.8843333333333333,
      "saturation_ratio": 0.0,
      "steady_abs_error_ratio": 0.13968253968253969,
      "p95_error_ratio": 0.19603174603174603,
      "settle_time_ratio": 0.78143392188336,
      "pwm_settle_time_ratio": 0.8090157498498914,
      "overshoot_ratio": 0.0380952380952381,
      "oscillation_ratio": 0.03981013288916622,
      "attainment_ratio": 0.8603174603174604,
      "rail_hit_ratio": 0.0,
      "pwm_chatter_ratio": 0.0,
      "tail_mean_abs_error": 14.53968253968254,
      "tail_pwm_jump_abs": 661.1428571428571,
      "terminal_requirements_ok": false,
      "pwm_limit_reasonable": false,
      "pwm_limit_note": "terminal steady-state gate failed (tail error or PWM jump exceeded limits)",
      "weighted_score": Infinity
    }
  },
  "csv_path": "/home/madejuele/projects/2K0300/new/verification/auto-wheel-pid/20260423T124335Z/baseline-screen/attempt-01/telemetry.csv",
  "host_log_path": "/home/madejuele/projects/2K0300/new/verification/auto-wheel-pid/20260423T124335Z/baseline-screen/attempt-01/host.log",
  "board_log_path": "/home/madejuele/projects/2K0300/new/verification/auto-wheel-pid/20260423T124335Z/baseline-screen/attempt-01/board.log",
  "params_path": "/home/madejuele/projects/2K0300/new/verification/auto-wheel-pid/20260423T124335Z/baseline-screen/attempt-01/params.json",
  "tuning_exit_code": 0,
  "receiver_error": null,
  "ack_complete": true,
  "snapshot_cleared_seen": true,
  "board_markers_ok": true,
  "unexpected_failsafe": false,
  "runtime_error": null,
  "accepted": true,
  "accepted_reason": "baseline-screen"
}
