{
  "name": "baseline",
  "candidate_label": "current-working-params",
  "wheel_scores": {
    "left": {
      "wheel": "left",
      "sample_count": 52,
      "mean_abs_error": 13.057692307692308,
      "p95_abs_error": 21.449999999999996,
      "overshoot_peak": 7.0,
      "settle_delay_s": 1.0353333333333334,
      "pwm_settle_delay_s": 1.228,
      "saturation_ratio": 0.0,
      "steady_abs_error_ratio": 0.1349206349206349,
      "p95_error_ratio": 0.2015873015873016,
      "settle_time_ratio": 0.6666666666666666,
      "pwm_settle_time_ratio": 0.7889471140745282,
      "overshoot_ratio": 0.01904761904761905,
      "oscillation_ratio": 0.047197206881475336,
      "attainment_ratio": 0.8650793650793651,
      "rail_hit_ratio": 0.0,
      "pwm_chatter_ratio": 0.0,
      "tail_mean_abs_error": 14.38888888888889,
      "tail_pwm_jump_abs": 615.3333333333334,
      "terminal_requirements_ok": false,
      "pwm_limit_reasonable": false,
      "pwm_limit_note": "terminal steady-state gate failed (tail error or PWM jump exceeded limits)",
      "weighted_score": Infinity
    },
    "right": {
      "wheel": "right",
      "sample_count": 52,
      "mean_abs_error": 14.846153846153847,
      "p95_abs_error": 23.449999999999996,
      "overshoot_peak": 0.0,
      "settle_delay_s": 1.5356666666666667,
      "pwm_settle_delay_s": 1.4053809523809524,
      "saturation_ratio": 0.019230769230769232,
      "steady_abs_error_ratio": 0.15555555555555556,
      "p95_error_ratio": 0.20706349206349203,
      "settle_time_ratio": 1.0,
      "pwm_settle_time_ratio": 0.9065535568227123,
      "overshoot_ratio": 0.0,
      "oscillation_ratio": 0.03724565966487472,
      "attainment_ratio": 0.8444444444444444,
      "rail_hit_ratio": 0.019230769230769232,
      "pwm_chatter_ratio": 0.0,
      "tail_mean_abs_error": 16.571428571428573,
      "tail_pwm_jump_abs": 443.8809523809524,
      "terminal_requirements_ok": false,
      "pwm_limit_reasonable": false,
      "pwm_limit_note": "terminal steady-state gate failed (tail error or PWM jump exceeded limits)",
      "weighted_score": Infinity
    }
  },
  "csv_path": "/home/madejuele/projects/2K0300/new/verification/auto-wheel-pid/20260423T063606Z/baseline/attempt-01/telemetry.csv",
  "host_log_path": "/home/madejuele/projects/2K0300/new/verification/auto-wheel-pid/20260423T063606Z/baseline/attempt-01/host.log",
  "board_log_path": "/home/madejuele/projects/2K0300/new/verification/auto-wheel-pid/20260423T063606Z/baseline/attempt-01/board.log",
  "params_path": "/home/madejuele/projects/2K0300/new/verification/auto-wheel-pid/20260423T063606Z/baseline/attempt-01/params.json",
  "tuning_exit_code": 0,
  "receiver_error": null,
  "ack_complete": true,
  "snapshot_cleared_seen": true,
  "board_markers_ok": true,
  "unexpected_failsafe": false,
  "runtime_error": null,
  "accepted": true,
  "accepted_reason": "baseline"
}
