{
  "name": "baseline-screen",
  "candidate_label": "current-working-params-screen",
  "wheel_scores": {
    "left": {
      "wheel": "left",
      "sample_count": 19,
      "mean_abs_error": 16.157894736842106,
      "p95_abs_error": 21.39999999999999,
      "overshoot_peak": 0.0,
      "settle_delay_s": 1.0956666666666666,
      "pwm_settle_delay_s": 0.47157142857142853,
      "saturation_ratio": 0.05263157894736842,
      "steady_abs_error_ratio": 0.1417989417989418,
      "p95_error_ratio": 0.20222222222222222,
      "settle_time_ratio": 1.0,
      "pwm_settle_time_ratio": 0.43660909177185153,
      "overshoot_ratio": 0.0,
      "oscillation_ratio": 0.033146309886650224,
      "attainment_ratio": 0.8582010582010582,
      "rail_hit_ratio": 0.0,
      "pwm_chatter_ratio": 0.0,
      "tail_mean_abs_error": 14.571428571428571,
      "tail_pwm_jump_abs": 328.14285714285717,
      "terminal_requirements_ok": true,
      "pwm_limit_reasonable": true,
      "pwm_limit_note": "within current wheel-PID test envelope",
      "weighted_score": 0.8091897951996364
    },
    "right": {
      "wheel": "right",
      "sample_count": 19,
      "mean_abs_error": 15.157894736842104,
      "p95_abs_error": 23.199999999999996,
      "overshoot_peak": 0.0,
      "settle_delay_s": 1.0956666666666666,
      "pwm_settle_delay_s": 0.6549999999999999,
      "saturation_ratio": 0.05263157894736842,
      "steady_abs_error_ratio": 0.1439153439153439,
      "p95_error_ratio": 0.2119047619047619,
      "settle_time_ratio": 1.0,
      "pwm_settle_time_ratio": 0.5714285714285714,
      "overshoot_ratio": 0.0,
      "oscillation_ratio": 0.029623124251632733,
      "attainment_ratio": 0.8560846560846561,
      "rail_hit_ratio": 0.05263157894736842,
      "pwm_chatter_ratio": 0.0,
      "tail_mean_abs_error": 15.206349206349206,
      "tail_pwm_jump_abs": 500.4761904761905,
      "terminal_requirements_ok": true,
      "pwm_limit_reasonable": true,
      "pwm_limit_note": "PWM limit is reachable in this round, but not the dominant issue by itself",
      "weighted_score": 1.6623115187743698
    }
  },
  "csv_path": "/home/madejuele/projects/2K0300/new/verification/auto-wheel-pid/20260423T120623Z/baseline-screen/attempt-01/telemetry.csv",
  "host_log_path": "/home/madejuele/projects/2K0300/new/verification/auto-wheel-pid/20260423T120623Z/baseline-screen/attempt-01/host.log",
  "board_log_path": "/home/madejuele/projects/2K0300/new/verification/auto-wheel-pid/20260423T120623Z/baseline-screen/attempt-01/board.log",
  "params_path": "/home/madejuele/projects/2K0300/new/verification/auto-wheel-pid/20260423T120623Z/baseline-screen/attempt-01/params.json",
  "tuning_exit_code": 0,
  "receiver_error": null,
  "ack_complete": true,
  "snapshot_cleared_seen": true,
  "board_markers_ok": true,
  "unexpected_failsafe": false,
  "runtime_error": null,
  "accepted": true,
  "accepted_reason": "baseline-screen"
}
