{
  "name": "round-004-i-screen",
  "candidate_label": "left-i=2.400000; right-i=2.400000",
  "wheel_scores": {
    "left": {
      "wheel": "left",
      "sample_count": 19,
      "mean_abs_error": 3.736842105263158,
      "p95_abs_error": 9.599999999999966,
      "overshoot_peak": 8.0,
      "settle_delay_s": 0.07166666666666667,
      "pwm_settle_delay_s": 0.6161428571428572,
      "saturation_ratio": 0.05263157894736842,
      "steady_abs_error_ratio": 0.015873015873015872,
      "p95_error_ratio": 0.09507936507936508,
      "settle_time_ratio": 0.0493164510505551,
      "pwm_settle_time_ratio": 0.5658160899213659,
      "overshoot_ratio": 0.047619047619047616,
      "oscillation_ratio": 0.011571186367218782,
      "attainment_ratio": 1.0095238095238095,
      "rail_hit_ratio": 0.05263157894736842,
      "pwm_chatter_ratio": 0.0,
      "tail_mean_abs_error": 1.8253968253968254,
      "tail_pwm_jump_abs": 215.9047619047619,
      "terminal_requirements_ok": true,
      "pwm_limit_reasonable": true,
      "pwm_limit_note": "PWM limit is reachable in this round, but not the dominant issue by itself",
      "weighted_score": 0.6216412852879282
    },
    "right": {
      "wheel": "right",
      "sample_count": 19,
      "mean_abs_error": 6.2631578947368425,
      "p95_abs_error": 12.199999999999996,
      "overshoot_peak": 12.0,
      "settle_delay_s": 0.0,
      "pwm_settle_delay_s": 1.0976190476190477,
      "saturation_ratio": 0.05263157894736842,
      "steady_abs_error_ratio": 0.0687830687830688,
      "p95_error_ratio": 0.10126984126984126,
      "settle_time_ratio": 0.0,
      "pwm_settle_time_ratio": 1.0,
      "overshoot_ratio": 0.08571428571428572,
      "oscillation_ratio": 0.0631374984092001,
      "attainment_ratio": 1.0052910052910051,
      "rail_hit_ratio": 0.05263157894736842,
      "pwm_chatter_ratio": 0.0,
      "tail_mean_abs_error": 7.063492063492063,
      "tail_pwm_jump_abs": 893.8095238095239,
      "terminal_requirements_ok": false,
      "pwm_limit_reasonable": false,
      "pwm_limit_note": "terminal steady-state gate failed (tail error or PWM jump exceeded limits)",
      "weighted_score": Infinity
    }
  },
  "csv_path": "/home/madejuele/projects/2K0300/new/verification/auto-wheel-pid/20260423T122618Z/round-004-i-screen/attempt-01/telemetry.csv",
  "host_log_path": "/home/madejuele/projects/2K0300/new/verification/auto-wheel-pid/20260423T122618Z/round-004-i-screen/attempt-01/host.log",
  "board_log_path": "/home/madejuele/projects/2K0300/new/verification/auto-wheel-pid/20260423T122618Z/round-004-i-screen/attempt-01/board.log",
  "params_path": "/home/madejuele/projects/2K0300/new/verification/auto-wheel-pid/20260423T122618Z/round-004-i-screen/attempt-01/params.json",
  "tuning_exit_code": 0,
  "receiver_error": null,
  "ack_complete": true,
  "snapshot_cleared_seen": true,
  "board_markers_ok": true,
  "unexpected_failsafe": false,
  "runtime_error": null,
  "accepted": false,
  "accepted_reason": "screen left score improved from 1.967084 to 0.621641; pending confirmation; screen right terminal gate failed: tail PWM jump 893.810 > 800.000"
}
