{
  "name": "baseline",
  "candidate_label": "current-working-params",
  "wheel_scores": {
    "left": {
      "wheel": "left",
      "sample_count": 52,
      "mean_abs_error": 14.942307692307692,
      "p95_abs_error": 22.449999999999996,
      "overshoot_peak": 2.0,
      "settle_delay_s": 1.544,
      "pwm_settle_delay_s": 0.7327857142857143,
      "saturation_ratio": 0.0,
      "steady_abs_error_ratio": 0.14761904761904762,
      "p95_error_ratio": 0.1992063492063492,
      "settle_time_ratio": 1.0,
      "pwm_settle_time_ratio": 0.457138728758729,
      "overshoot_ratio": 0.0031746031746031746,
      "oscillation_ratio": 0.028567620584937347,
      "attainment_ratio": 0.8523809523809524,
      "rail_hit_ratio": 0.0,
      "pwm_chatter_ratio": 0.0,
      "tail_mean_abs_error": 15.30952380952381,
      "tail_pwm_jump_abs": 288.5952380952381,
      "terminal_requirements_ok": true,
      "pwm_limit_reasonable": true,
      "pwm_limit_note": "within current wheel-PID test envelope",
      "weighted_score": 1.0292367589538192
    },
    "right": {
      "wheel": "right",
      "sample_count": 52,
      "mean_abs_error": 13.115384615384615,
      "p95_abs_error": 23.449999999999996,
      "overshoot_peak": 8.0,
      "settle_delay_s": 1.2211666666666667,
      "pwm_settle_delay_s": 1.2746666666666666,
      "saturation_ratio": 0.019230769230769232,
      "steady_abs_error_ratio": 0.12433862433862433,
      "p95_error_ratio": 0.20992063492063492,
      "settle_time_ratio": 0.7988826815642458,
      "pwm_settle_time_ratio": 0.8195601545484521,
      "overshoot_ratio": 0.012698412698412698,
      "oscillation_ratio": 0.040454581067778946,
      "attainment_ratio": 0.8756613756613756,
      "rail_hit_ratio": 0.0,
      "pwm_chatter_ratio": 0.0,
      "tail_mean_abs_error": 13.468253968253968,
      "tail_pwm_jump_abs": 508.76190476190476,
      "terminal_requirements_ok": false,
      "pwm_limit_reasonable": false,
      "pwm_limit_note": "terminal steady-state gate failed (tail error or PWM jump exceeded limits)",
      "weighted_score": Infinity
    }
  },
  "csv_path": "/home/madejuele/projects/2K0300/new/verification/auto-wheel-pid/20260423T065703Z/baseline/attempt-01/telemetry.csv",
  "host_log_path": "/home/madejuele/projects/2K0300/new/verification/auto-wheel-pid/20260423T065703Z/baseline/attempt-01/host.log",
  "board_log_path": "/home/madejuele/projects/2K0300/new/verification/auto-wheel-pid/20260423T065703Z/baseline/attempt-01/board.log",
  "params_path": "/home/madejuele/projects/2K0300/new/verification/auto-wheel-pid/20260423T065703Z/baseline/attempt-01/params.json",
  "tuning_exit_code": 0,
  "receiver_error": null,
  "ack_complete": true,
  "snapshot_cleared_seen": true,
  "board_markers_ok": true,
  "unexpected_failsafe": false,
  "runtime_error": null,
  "accepted": true,
  "accepted_reason": "baseline"
}
