{
  "name": "round-010-i-screen",
  "candidate_label": "left-i=5.000000; right-i=5.000000",
  "wheel_scores": {
    "left": {
      "wheel": "left",
      "sample_count": 29,
      "mean_abs_error": 14.0,
      "p95_abs_error": 27.99999999999999,
      "overshoot_peak": 30.0,
      "settle_delay_s": 1.367,
      "pwm_settle_delay_s": 1.6143333333333334,
      "saturation_ratio": 0.1724137931034483,
      "steady_abs_error_ratio": 0.13968253968253969,
      "p95_error_ratio": 0.24936507936507932,
      "settle_time_ratio": 0.8171846435100548,
      "pwm_settle_time_ratio": 1.0,
      "overshoot_ratio": 0.16825396825396827,
      "oscillation_ratio": 0.10781901305114046,
      "attainment_ratio": 0.9238095238095239,
      "rail_hit_ratio": 0.11904761904761904,
      "pwm_chatter_ratio": 0.22156084656084657,
      "tail_mean_abs_error": 14.126984126984127,
      "tail_pwm_jump_abs": 2026.952380952381,
      "terminal_requirements_ok": false,
      "pwm_limit_reasonable": false,
      "pwm_limit_note": "terminal steady-state gate failed (tail error or PWM jump exceeded limits)",
      "weighted_score": Infinity
    },
    "right": {
      "wheel": "right",
      "sample_count": 29,
      "mean_abs_error": 19.724137931034484,
      "p95_abs_error": 30.39999999999999,
      "overshoot_peak": 0.0,
      "settle_delay_s": 1.6003333333333334,
      "pwm_settle_delay_s": 1.5464761904761903,
      "saturation_ratio": 0.034482758620689655,
      "steady_abs_error_ratio": 0.1724867724867725,
      "p95_error_ratio": 0.278095238095238,
      "settle_time_ratio": 1.0,
      "pwm_settle_time_ratio": 0.9545802256645629,
      "overshoot_ratio": 0.0,
      "oscillation_ratio": 0.03506872044684139,
      "attainment_ratio": 0.8275132275132275,
      "rail_hit_ratio": 0.04285714285714286,
      "pwm_chatter_ratio": 0.0,
      "tail_mean_abs_error": 17.825396825396826,
      "tail_pwm_jump_abs": 678.6666666666666,
      "terminal_requirements_ok": false,
      "pwm_limit_reasonable": false,
      "pwm_limit_note": "terminal steady-state gate failed (tail error or PWM jump exceeded limits)",
      "weighted_score": Infinity
    }
  },
  "csv_path": "/home/madejuele/projects/2K0300/new/verification/auto-wheel-pid/20260423T014247Z/round-010-i-screen/attempt-01/telemetry.csv",
  "host_log_path": "/home/madejuele/projects/2K0300/new/verification/auto-wheel-pid/20260423T014247Z/round-010-i-screen/attempt-01/host.log",
  "board_log_path": "/home/madejuele/projects/2K0300/new/verification/auto-wheel-pid/20260423T014247Z/round-010-i-screen/attempt-01/board.log",
  "params_path": "/home/madejuele/projects/2K0300/new/verification/auto-wheel-pid/20260423T014247Z/round-010-i-screen/attempt-01/params.json",
  "tuning_exit_code": 0,
  "receiver_error": null,
  "ack_complete": true,
  "snapshot_cleared_seen": true,
  "board_markers_ok": true,
  "unexpected_failsafe": false,
  "runtime_error": null,
  "accepted": false,
  "accepted_reason": "screen left terminal gate failed: tail PWM jump 2026.952 > 800.000; screen right terminal gate failed: terminal gate failed"
}
