{
  "name": "round-014-left-i",
  "candidate_label": "left-i=1.000000",
  "wheel_scores": {
    "left": {
      "wheel": "left",
      "sample_count": 61,
      "mean_abs_error": 14.967213114754099,
      "p95_abs_error": 40.0,
      "overshoot_peak": 61.0,
      "settle_delay_s": 1.463,
      "pwm_settle_delay_s": 1.8708333333333333,
      "saturation_ratio": 0.11475409836065574,
      "steady_abs_error_ratio": 0.16543209876543208,
      "p95_error_ratio": 0.3708333333333331,
      "settle_time_ratio": 0.8365868631062001,
      "pwm_settle_time_ratio": 1.0,
      "overshoot_ratio": 0.4425925925925926,
      "oscillation_ratio": 0.13428821767743185,
      "attainment_ratio": 0.9222222222222223,
      "rail_hit_ratio": 0.0702020202020202,
      "pwm_chatter_ratio": 0.19753086419753088,
      "tail_mean_abs_error": 14.777777777777779,
      "tail_pwm_jump_abs": 1694.1666666666667,
      "terminal_requirements_ok": false,
      "pwm_limit_reasonable": false,
      "pwm_limit_note": "terminal steady-state gate failed (tail error or PWM jump exceeded limits)",
      "weighted_score": Infinity
    },
    "right": {
      "wheel": "right",
      "sample_count": 61,
      "mean_abs_error": 13.360655737704919,
      "p95_abs_error": 26.0,
      "overshoot_peak": 26.0,
      "settle_delay_s": 1.5588333333333333,
      "pwm_settle_delay_s": 1.8708333333333333,
      "saturation_ratio": 0.06557377049180328,
      "steady_abs_error_ratio": 0.1265432098765432,
      "p95_error_ratio": 0.2723148148148148,
      "settle_time_ratio": 0.8078602620087336,
      "pwm_settle_time_ratio": 1.0,
      "overshoot_ratio": 0.1574074074074074,
      "oscillation_ratio": 0.12520232332987985,
      "attainment_ratio": 0.9549382716049382,
      "rail_hit_ratio": 0.05909090909090909,
      "pwm_chatter_ratio": 0.08641975308641975,
      "tail_mean_abs_error": 11.333333333333334,
      "tail_pwm_jump_abs": 1296.888888888889,
      "terminal_requirements_ok": false,
      "pwm_limit_reasonable": false,
      "pwm_limit_note": "terminal steady-state gate failed (tail error or PWM jump exceeded limits)",
      "weighted_score": Infinity
    }
  },
  "csv_path": "/home/madejuele/projects/2K0300/new/verification/auto-wheel-pid/20260422T132845Z/round-014-left-i/attempt-01/telemetry.csv",
  "host_log_path": "/home/madejuele/projects/2K0300/new/verification/auto-wheel-pid/20260422T132845Z/round-014-left-i/attempt-01/host.log",
  "board_log_path": "/home/madejuele/projects/2K0300/new/verification/auto-wheel-pid/20260422T132845Z/round-014-left-i/attempt-01/board.log",
  "params_path": "/home/madejuele/projects/2K0300/new/verification/auto-wheel-pid/20260422T132845Z/round-014-left-i/attempt-01/params.json",
  "tuning_exit_code": 0,
  "receiver_error": null,
  "ack_complete": true,
  "snapshot_cleared_seen": true,
  "board_markers_ok": true,
  "unexpected_failsafe": false,
  "runtime_error": null,
  "accepted": false,
  "accepted_reason": "left score 0.491448 did not beat 0.227230 by 5%"
}
