{
  "name": "round-049-left-d",
  "candidate_label": "left-d=1.000000",
  "wheel_scores": {
    "left": {
      "wheel": "left",
      "sample_count": 57,
      "mean_abs_error": 15.052631578947368,
      "p95_abs_error": 23.199999999999996,
      "overshoot_peak": 6.0,
      "settle_delay_s": 1.4768333333333334,
      "pwm_settle_delay_s": 1.497809523809524,
      "saturation_ratio": 0.03508771929824561,
      "steady_abs_error_ratio": 0.14497354497354498,
      "p95_error_ratio": 0.2175396825396825,
      "settle_time_ratio": 0.9453453453453454,
      "pwm_settle_time_ratio": 0.9465014577259476,
      "overshoot_ratio": 0.01746031746031746,
      "oscillation_ratio": 0.059791306424401454,
      "attainment_ratio": 0.8613756613756614,
      "rail_hit_ratio": 0.02142857142857143,
      "pwm_chatter_ratio": 0.0,
      "tail_mean_abs_error": 15.253968253968255,
      "tail_pwm_jump_abs": 1082.2619047619048,
      "terminal_requirements_ok": false,
      "pwm_limit_reasonable": false,
      "pwm_limit_note": "terminal steady-state gate failed (tail error or PWM jump exceeded limits)",
      "weighted_score": Infinity
    },
    "right": {
      "wheel": "right",
      "sample_count": 57,
      "mean_abs_error": 22.157894736842106,
      "p95_abs_error": 31.199999999999996,
      "overshoot_peak": 0.0,
      "settle_delay_s": 1.5678333333333334,
      "pwm_settle_delay_s": 1.1049761904761906,
      "saturation_ratio": 0.03508771929824561,
      "steady_abs_error_ratio": 0.2015873015873016,
      "p95_error_ratio": 0.27944444444444444,
      "settle_time_ratio": 1.0,
      "pwm_settle_time_ratio": 0.6889169806363232,
      "overshoot_ratio": 0.0,
      "oscillation_ratio": 0.0413869091817794,
      "attainment_ratio": 0.7984126984126985,
      "rail_hit_ratio": 0.0,
      "pwm_chatter_ratio": 0.0,
      "tail_mean_abs_error": 21.547619047619047,
      "tail_pwm_jump_abs": 550.3571428571429,
      "terminal_requirements_ok": false,
      "pwm_limit_reasonable": false,
      "pwm_limit_note": "terminal steady-state gate failed (tail error or PWM jump exceeded limits)",
      "weighted_score": Infinity
    }
  },
  "csv_path": "/home/madejuele/projects/2K0300/new/verification/auto-wheel-pid/20260422T143235Z/round-049-left-d/attempt-01/telemetry.csv",
  "host_log_path": "/home/madejuele/projects/2K0300/new/verification/auto-wheel-pid/20260422T143235Z/round-049-left-d/attempt-01/host.log",
  "board_log_path": "/home/madejuele/projects/2K0300/new/verification/auto-wheel-pid/20260422T143235Z/round-049-left-d/attempt-01/board.log",
  "params_path": "/home/madejuele/projects/2K0300/new/verification/auto-wheel-pid/20260422T143235Z/round-049-left-d/attempt-01/params.json",
  "tuning_exit_code": 0,
  "receiver_error": null,
  "ack_complete": true,
  "snapshot_cleared_seen": true,
  "board_markers_ok": true,
  "unexpected_failsafe": false,
  "runtime_error": null,
  "accepted": false,
  "accepted_reason": "left score 107.347881 did not beat 46.207851 by 5%"
}
