{
  "name": "round-001-i-screen",
  "candidate_label": "left-i=0.050000; right-i=0.050000",
  "wheel_scores": {
    "left": {
      "wheel": "left",
      "sample_count": 20,
      "mean_abs_error": 15.9,
      "p95_abs_error": 24.200000000000003,
      "overshoot_peak": 0.0,
      "settle_delay_s": 1.1853333333333333,
      "pwm_settle_delay_s": 1.1295714285714284,
      "saturation_ratio": 0.0,
      "steady_abs_error_ratio": 0.1544973544973545,
      "p95_error_ratio": 0.21158730158730157,
      "settle_time_ratio": 1.0,
      "pwm_settle_time_ratio": 0.9409459837671423,
      "overshoot_ratio": 0.0,
      "oscillation_ratio": 0.02453222853448413,
      "attainment_ratio": 0.8455026455026456,
      "rail_hit_ratio": 0.0,
      "pwm_chatter_ratio": 0.0,
      "tail_mean_abs_error": 16.825396825396826,
      "tail_pwm_jump_abs": 389.3809523809524,
      "terminal_requirements_ok": true,
      "pwm_limit_reasonable": true,
      "pwm_limit_note": "within current wheel-PID test envelope",
      "weighted_score": 1.9952845477371663
    },
    "right": {
      "wheel": "right",
      "sample_count": 20,
      "mean_abs_error": 14.25,
      "p95_abs_error": 22.30000000000002,
      "overshoot_peak": 9.0,
      "settle_delay_s": 1.1853333333333333,
      "pwm_settle_delay_s": 1.1295714285714284,
      "saturation_ratio": 0.0,
      "steady_abs_error_ratio": 0.12486772486772488,
      "p95_error_ratio": 0.2442857142857143,
      "settle_time_ratio": 1.0,
      "pwm_settle_time_ratio": 0.9409459837671423,
      "overshoot_ratio": 0.031746031746031744,
      "oscillation_ratio": 0.052272889356744026,
      "attainment_ratio": 0.8941798941798942,
      "rail_hit_ratio": 0.0,
      "pwm_chatter_ratio": 0.0,
      "tail_mean_abs_error": 12.920634920634921,
      "tail_pwm_jump_abs": 393.3333333333333,
      "terminal_requirements_ok": true,
      "pwm_limit_reasonable": true,
      "pwm_limit_note": "within current wheel-PID test envelope",
      "weighted_score": 1.9957136402744187
    }
  },
  "csv_path": "/home/madejuele/projects/2K0300/new/verification/auto-wheel-pid/20260423T122234Z/round-001-i-screen/attempt-01/telemetry.csv",
  "host_log_path": "/home/madejuele/projects/2K0300/new/verification/auto-wheel-pid/20260423T122234Z/round-001-i-screen/attempt-01/host.log",
  "board_log_path": "/home/madejuele/projects/2K0300/new/verification/auto-wheel-pid/20260423T122234Z/round-001-i-screen/attempt-01/board.log",
  "params_path": "/home/madejuele/projects/2K0300/new/verification/auto-wheel-pid/20260423T122234Z/round-001-i-screen/attempt-01/params.json",
  "tuning_exit_code": 0,
  "receiver_error": null,
  "ack_complete": true,
  "snapshot_cleared_seen": true,
  "board_markers_ok": true,
  "unexpected_failsafe": false,
  "runtime_error": null,
  "accepted": false,
  "accepted_reason": "screen left score 1.995285 did not beat 1.974867 by 5%; screen right score improved from inf to 1.995714; pending confirmation"
}
