{
  "name": "left-p138-repeat-01",
  "candidate_label": "left-p=138.000000; right-p=85.000000; right-alpha=0.400000",
  "wheel_scores": {
    "left": {
      "wheel": "left",
      "sample_count": 57,
      "mean_abs_error": 10.175438596491228,
      "p95_abs_error": 17.599999999999987,
      "overshoot_peak": 32.0,
      "settle_delay_s": 0.8878333333333334,
      "pwm_settle_delay_s": 0.9286666666666665,
      "saturation_ratio": 0.017543859649122806,
      "steady_abs_error_ratio": 0.09365079365079365,
      "p95_error_ratio": 0.16912698412698407,
      "settle_time_ratio": 0.5110072993941432,
      "pwm_settle_time_ratio": 0.5951373294178615,
      "overshoot_ratio": 0.1126984126984127,
      "oscillation_ratio": 0.030410999189440346,
      "attainment_ratio": 0.9063492063492063,
      "rail_hit_ratio": 0.017543859649122806,
      "pwm_chatter_ratio": 0.0,
      "tail_mean_abs_error": 10.23015873015873,
      "tail_pwm_jump_abs": 708.0,
      "terminal_requirements_ok": false,
      "pwm_limit_reasonable": false,
      "pwm_limit_note": "terminal steady-state gate failed (tail error or PWM jump exceeded limits)",
      "weighted_score": Infinity
    },
    "right": {
      "wheel": "right",
      "sample_count": 57,
      "mean_abs_error": 14.070175438596491,
      "p95_abs_error": 21.0,
      "overshoot_peak": 14.0,
      "settle_delay_s": 1.5611666666666666,
      "pwm_settle_delay_s": 1.561452380952381,
      "saturation_ratio": 0.0,
      "steady_abs_error_ratio": 0.1375661375661376,
      "p95_error_ratio": 0.18920634920634916,
      "settle_time_ratio": 1.0,
      "pwm_settle_time_ratio": 1.0,
      "overshoot_ratio": 0.022222222222222223,
      "oscillation_ratio": 0.030082869343682265,
      "attainment_ratio": 0.8624338624338624,
      "rail_hit_ratio": 0.0,
      "pwm_chatter_ratio": 0.0,
      "tail_mean_abs_error": 14.873015873015873,
      "tail_pwm_jump_abs": 405.95238095238096,
      "terminal_requirements_ok": true,
      "pwm_limit_reasonable": true,
      "pwm_limit_note": "within current wheel-PID test envelope",
      "weighted_score": 1.6356146361407173
    }
  },
  "csv_path": "/home/madejuele/projects/2K0300/new/verification/manual-probes/20260423T043419Z-left-p-repeat-validate/left-p138/repeat-01/attempt-01/telemetry.csv",
  "host_log_path": "/home/madejuele/projects/2K0300/new/verification/manual-probes/20260423T043419Z-left-p-repeat-validate/left-p138/repeat-01/attempt-01/host.log",
  "board_log_path": "/home/madejuele/projects/2K0300/new/verification/manual-probes/20260423T043419Z-left-p-repeat-validate/left-p138/repeat-01/attempt-01/board.log",
  "params_path": "/home/madejuele/projects/2K0300/new/verification/manual-probes/20260423T043419Z-left-p-repeat-validate/left-p138/repeat-01/attempt-01/params.json",
  "tuning_exit_code": 0,
  "receiver_error": null,
  "ack_complete": true,
  "snapshot_cleared_seen": true,
  "board_markers_ok": true,
  "unexpected_failsafe": false,
  "runtime_error": null,
  "accepted": false,
  "accepted_reason": ""
}
