{
  "name": "right-p100",
  "candidate_label": "left-p=139.000000; right-p=100.000000; right-alpha=0.400000",
  "wheel_scores": {
    "left": {
      "wheel": "left",
      "sample_count": 57,
      "mean_abs_error": 11.596491228070175,
      "p95_abs_error": 26.99999999999998,
      "overshoot_peak": 18.0,
      "settle_delay_s": 0.7736666666666667,
      "pwm_settle_delay_s": 1.1930238095238095,
      "saturation_ratio": 0.017543859649122806,
      "steady_abs_error_ratio": 0.12751322751322752,
      "p95_error_ratio": 0.22976190476190472,
      "settle_time_ratio": 0.4421261734052776,
      "pwm_settle_time_ratio": 0.7641636064094742,
      "overshoot_ratio": 0.05873015873015873,
      "oscillation_ratio": 0.07844098766085446,
      "attainment_ratio": 0.8915343915343915,
      "rail_hit_ratio": 0.023809523809523808,
      "pwm_chatter_ratio": 0.0,
      "tail_mean_abs_error": 12.738095238095237,
      "tail_pwm_jump_abs": 639.5714285714286,
      "terminal_requirements_ok": false,
      "pwm_limit_reasonable": false,
      "pwm_limit_note": "terminal steady-state gate failed (tail error or PWM jump exceeded limits)",
      "weighted_score": Infinity
    },
    "right": {
      "wheel": "right",
      "sample_count": 57,
      "mean_abs_error": 13.228070175438596,
      "p95_abs_error": 22.199999999999996,
      "overshoot_peak": 18.0,
      "settle_delay_s": 1.475,
      "pwm_settle_delay_s": 1.3776666666666666,
      "saturation_ratio": 0.017543859649122806,
      "steady_abs_error_ratio": 0.12698412698412698,
      "p95_error_ratio": 0.1961904761904762,
      "settle_time_ratio": 0.92870082815735,
      "pwm_settle_time_ratio": 0.8808229813664598,
      "overshoot_ratio": 0.02857142857142857,
      "oscillation_ratio": 0.06705565745668485,
      "attainment_ratio": 0.8920634920634921,
      "rail_hit_ratio": 0.017543859649122806,
      "pwm_chatter_ratio": 0.0,
      "tail_mean_abs_error": 13.666666666666666,
      "tail_pwm_jump_abs": 729.5714285714286,
      "terminal_requirements_ok": false,
      "pwm_limit_reasonable": false,
      "pwm_limit_note": "terminal steady-state gate failed (tail error or PWM jump exceeded limits)",
      "weighted_score": Infinity
    }
  },
  "csv_path": "/home/madejuele/projects/2K0300/new/verification/manual-probes/20260423T041956Z-right-alpha04-p-window-scan/right-p100/attempt-01/telemetry.csv",
  "host_log_path": "/home/madejuele/projects/2K0300/new/verification/manual-probes/20260423T041956Z-right-alpha04-p-window-scan/right-p100/attempt-01/host.log",
  "board_log_path": "/home/madejuele/projects/2K0300/new/verification/manual-probes/20260423T041956Z-right-alpha04-p-window-scan/right-p100/attempt-01/board.log",
  "params_path": "/home/madejuele/projects/2K0300/new/verification/manual-probes/20260423T041956Z-right-alpha04-p-window-scan/right-p100/attempt-01/params.json",
  "tuning_exit_code": 0,
  "receiver_error": null,
  "ack_complete": true,
  "snapshot_cleared_seen": true,
  "board_markers_ok": true,
  "unexpected_failsafe": false,
  "runtime_error": null,
  "accepted": false,
  "accepted_reason": ""
}
