{
  "name": "round-004-left-p",
  "candidate_label": "left-p=135.000000",
  "wheel_scores": {
    "left": {
      "wheel": "left",
      "sample_count": 56,
      "mean_abs_error": 14.160714285714286,
      "p95_abs_error": 32.75,
      "overshoot_peak": 57.0,
      "settle_delay_s": 1.5468333333333333,
      "pwm_settle_delay_s": 1.4725988023952097,
      "saturation_ratio": 0.08928571428571429,
      "steady_abs_error_ratio": 0.19560878243512972,
      "p95_error_ratio": 0.5546407185628741,
      "settle_time_ratio": 1.0,
      "pwm_settle_time_ratio": 0.9649036252302059,
      "overshoot_ratio": 0.5868263473053892,
      "oscillation_ratio": 0.16923304029586492,
      "attainment_ratio": 1.037924151696607,
      "rail_hit_ratio": 0.09048569527611444,
      "pwm_chatter_ratio": 0.18679308050565535,
      "tail_mean_abs_error": 11.650698602794412,
      "tail_pwm_jump_abs": 1081.2784431137725,
      "terminal_requirements_ok": false,
      "pwm_limit_reasonable": false,
      "pwm_limit_note": "terminal steady-state gate failed (tail error or PWM jump exceeded limits)",
      "weighted_score": Infinity
    },
    "right": {
      "wheel": "right",
      "sample_count": 56,
      "mean_abs_error": 14.5,
      "p95_abs_error": 22.75,
      "overshoot_peak": 31.0,
      "settle_delay_s": 1.5468333333333333,
      "pwm_settle_delay_s": 1.1365299401197604,
      "saturation_ratio": 0.0,
      "steady_abs_error_ratio": 0.25948103792415167,
      "p95_error_ratio": 0.38787425149700594,
      "settle_time_ratio": 1.0,
      "pwm_settle_time_ratio": 0.746925104017038,
      "overshoot_ratio": 0.09281437125748503,
      "oscillation_ratio": 0.12497640344869786,
      "attainment_ratio": 0.8023952095808383,
      "rail_hit_ratio": 0.0,
      "pwm_chatter_ratio": 0.0,
      "tail_mean_abs_error": 14.978043912175647,
      "tail_pwm_jump_abs": 612.062874251497,
      "terminal_requirements_ok": false,
      "pwm_limit_reasonable": false,
      "pwm_limit_note": "terminal steady-state gate failed (tail error or PWM jump exceeded limits)",
      "weighted_score": Infinity
    }
  },
  "csv_path": "/home/madejuele/projects/2K0300/new/verification/auto-wheel-pid/20260422T142907Z/round-004-left-p/attempt-01/telemetry.csv",
  "host_log_path": "/home/madejuele/projects/2K0300/new/verification/auto-wheel-pid/20260422T142907Z/round-004-left-p/attempt-01/host.log",
  "board_log_path": "/home/madejuele/projects/2K0300/new/verification/auto-wheel-pid/20260422T142907Z/round-004-left-p/attempt-01/board.log",
  "params_path": "/home/madejuele/projects/2K0300/new/verification/auto-wheel-pid/20260422T142907Z/round-004-left-p/attempt-01/params.json",
  "tuning_exit_code": 0,
  "receiver_error": null,
  "ack_complete": true,
  "snapshot_cleared_seen": true,
  "board_markers_ok": true,
  "unexpected_failsafe": false,
  "runtime_error": null,
  "accepted": false,
  "accepted_reason": "left score 4.769373 did not beat 2.822747 by 5%"
}
