{
  "name": "round-005-p-confirm",
  "candidate_label": "right-p=109.000000",
  "wheel_scores": {
    "left": {
      "wheel": "left",
      "sample_count": 52,
      "mean_abs_error": 15.73076923076923,
      "p95_abs_error": 26.89999999999999,
      "overshoot_peak": 5.0,
      "settle_delay_s": 1.5486666666666666,
      "pwm_settle_delay_s": 0.9301428571428572,
      "saturation_ratio": 0.038461538461538464,
      "steady_abs_error_ratio": 0.15132275132275133,
      "p95_error_ratio": 0.23222222222222216,
      "settle_time_ratio": 1.0,
      "pwm_settle_time_ratio": 0.6122056051992292,
      "overshoot_ratio": 0.007936507936507936,
      "oscillation_ratio": 0.03893468168619233,
      "attainment_ratio": 0.8486772486772486,
      "rail_hit_ratio": 0.038461538461538464,
      "pwm_chatter_ratio": 0.0,
      "tail_mean_abs_error": 16.0,
      "tail_pwm_jump_abs": 530.9761904761905,
      "terminal_requirements_ok": false,
      "pwm_limit_reasonable": false,
      "pwm_limit_note": "terminal steady-state gate failed (tail error or PWM jump exceeded limits)",
      "weighted_score": Infinity
    },
    "right": {
      "wheel": "right",
      "sample_count": 52,
      "mean_abs_error": 14.576923076923077,
      "p95_abs_error": 25.699999999999974,
      "overshoot_peak": 10.0,
      "settle_delay_s": 1.5486666666666666,
      "pwm_settle_delay_s": 1.4561904761904763,
      "saturation_ratio": 0.038461538461538464,
      "steady_abs_error_ratio": 0.1126984126984127,
      "p95_error_ratio": 0.22793650793650788,
      "settle_time_ratio": 1.0,
      "pwm_settle_time_ratio": 0.9371300265360278,
      "overshoot_ratio": 0.015873015873015872,
      "oscillation_ratio": 0.039120786680673175,
      "attainment_ratio": 0.8873015873015873,
      "rail_hit_ratio": 0.038461538461538464,
      "pwm_chatter_ratio": 0.0,
      "tail_mean_abs_error": 11.84920634920635,
      "tail_pwm_jump_abs": 521.6666666666666,
      "terminal_requirements_ok": false,
      "pwm_limit_reasonable": false,
      "pwm_limit_note": "terminal steady-state gate failed (tail error or PWM jump exceeded limits)",
      "weighted_score": Infinity
    }
  },
  "csv_path": "/home/madejuele/projects/2K0300/new/verification/auto-wheel-pid/20260423T065952Z/round-005-p-confirm/attempt-01/telemetry.csv",
  "host_log_path": "/home/madejuele/projects/2K0300/new/verification/auto-wheel-pid/20260423T065952Z/round-005-p-confirm/attempt-01/host.log",
  "board_log_path": "/home/madejuele/projects/2K0300/new/verification/auto-wheel-pid/20260423T065952Z/round-005-p-confirm/attempt-01/board.log",
  "params_path": "/home/madejuele/projects/2K0300/new/verification/auto-wheel-pid/20260423T065952Z/round-005-p-confirm/attempt-01/params.json",
  "tuning_exit_code": 0,
  "receiver_error": null,
  "ack_complete": true,
  "snapshot_cleared_seen": true,
  "board_markers_ok": true,
  "unexpected_failsafe": false,
  "runtime_error": null,
  "accepted": false,
  "accepted_reason": "confirm right terminal gate failed: terminal gate failed"
}
