{
  "name": "baseline",
  "candidate_label": "current-working-params",
  "wheel_scores": {
    "left": {
      "wheel": "left",
      "sample_count": 51,
      "mean_abs_error": 4.9411764705882355,
      "p95_abs_error": 12.0,
      "overshoot_peak": 11.0,
      "settle_delay_s": 0.214,
      "pwm_settle_delay_s": 0.9851666666666666,
      "saturation_ratio": 0.0392156862745098,
      "steady_abs_error_ratio": 0.03439153439153439,
      "p95_error_ratio": 0.12198412698412696,
      "settle_time_ratio": 0.10217657197240178,
      "pwm_settle_time_ratio": 0.6359337776988924,
      "overshoot_ratio": 0.06984126984126984,
      "oscillation_ratio": 0.031017818329902403,
      "attainment_ratio": 0.9984126984126984,
      "rail_hit_ratio": 0.0392156862745098,
      "pwm_chatter_ratio": 0.0,
      "tail_mean_abs_error": 3.7063492063492065,
      "tail_pwm_jump_abs": 474.8333333333333,
      "terminal_requirements_ok": true,
      "pwm_limit_reasonable": true,
      "pwm_limit_note": "PWM limit is not a visible constraint in this round",
      "weighted_score": 1.0111488300165352
    },
    "right": {
      "wheel": "right",
      "sample_count": 51,
      "mean_abs_error": 14.666666666666666,
      "p95_abs_error": 23.5,
      "overshoot_peak": 11.0,
      "settle_delay_s": 1.5505,
      "pwm_settle_delay_s": 1.059952380952381,
      "saturation_ratio": 0.0,
      "steady_abs_error_ratio": 0.13386243386243385,
      "p95_error_ratio": 0.2153968253968254,
      "settle_time_ratio": 1.0,
      "pwm_settle_time_ratio": 0.6917453548583613,
      "overshoot_ratio": 0.023809523809523808,
      "oscillation_ratio": 0.03678716578210143,
      "attainment_ratio": 0.8661375661375661,
      "rail_hit_ratio": 0.0,
      "pwm_chatter_ratio": 0.0,
      "tail_mean_abs_error": 14.452380952380953,
      "tail_pwm_jump_abs": 610.8809523809524,
      "terminal_requirements_ok": false,
      "pwm_limit_reasonable": false,
      "pwm_limit_note": "terminal steady-state gate failed (tail error or PWM jump exceeded limits)",
      "weighted_score": Infinity
    }
  },
  "csv_path": "/home/madejuele/projects/2K0300/new/verification/auto-wheel-pid/20260423T123622Z/baseline/attempt-01/telemetry.csv",
  "host_log_path": "/home/madejuele/projects/2K0300/new/verification/auto-wheel-pid/20260423T123622Z/baseline/attempt-01/host.log",
  "board_log_path": "/home/madejuele/projects/2K0300/new/verification/auto-wheel-pid/20260423T123622Z/baseline/attempt-01/board.log",
  "params_path": "/home/madejuele/projects/2K0300/new/verification/auto-wheel-pid/20260423T123622Z/baseline/attempt-01/params.json",
  "tuning_exit_code": 0,
  "receiver_error": null,
  "ack_complete": true,
  "snapshot_cleared_seen": true,
  "board_markers_ok": true,
  "unexpected_failsafe": false,
  "runtime_error": null,
  "accepted": true,
  "accepted_reason": "baseline"
}
