{
  "name": "round-010-left-i",
  "candidate_label": "left-i=0.062500",
  "wheel_scores": {
    "left": {
      "wheel": "left",
      "sample_count": 51,
      "mean_abs_error": 14.529411764705882,
      "p95_abs_error": 30.5,
      "overshoot_peak": 44.0,
      "settle_delay_s": 1.5186666666666666,
      "pwm_settle_delay_s": 1.5161111111111112,
      "saturation_ratio": 0.058823529411764705,
      "steady_abs_error_ratio": 0.16111111111111112,
      "p95_error_ratio": 0.30481481481481476,
      "settle_time_ratio": 1.0,
      "pwm_settle_time_ratio": 1.0,
      "overshoot_ratio": 0.10555555555555556,
      "oscillation_ratio": 0.07949842881691452,
      "attainment_ratio": 0.8524691358024691,
      "rail_hit_ratio": 0.0196078431372549,
      "pwm_chatter_ratio": 0.04365079365079365,
      "tail_mean_abs_error": 15.185185185185185,
      "tail_pwm_jump_abs": 1077.4444444444443,
      "terminal_requirements_ok": false,
      "pwm_limit_reasonable": false,
      "pwm_limit_note": "terminal steady-state gate failed (tail error or PWM jump exceeded limits)",
      "weighted_score": Infinity
    },
    "right": {
      "wheel": "right",
      "sample_count": 51,
      "mean_abs_error": 20.725490196078432,
      "p95_abs_error": 29.5,
      "overshoot_peak": 0.0,
      "settle_delay_s": 1.5186666666666666,
      "pwm_settle_delay_s": 1.322111111111111,
      "saturation_ratio": 0.0196078431372549,
      "steady_abs_error_ratio": 0.2493827160493827,
      "p95_error_ratio": 0.32990740740740737,
      "settle_time_ratio": 1.0,
      "pwm_settle_time_ratio": 0.8738333528705303,
      "overshoot_ratio": 0.0,
      "oscillation_ratio": 0.062430681453906775,
      "attainment_ratio": 0.7506172839506173,
      "rail_hit_ratio": 0.0196078431372549,
      "pwm_chatter_ratio": 0.0,
      "tail_mean_abs_error": 22.14814814814815,
      "tail_pwm_jump_abs": 702.1111111111111,
      "terminal_requirements_ok": false,
      "pwm_limit_reasonable": false,
      "pwm_limit_note": "terminal steady-state gate failed (tail error or PWM jump exceeded limits)",
      "weighted_score": Infinity
    }
  },
  "csv_path": "/home/madejuele/projects/2K0300/new/verification/auto-wheel-pid/20260422T135601Z/round-010-left-i/attempt-01/telemetry.csv",
  "host_log_path": "/home/madejuele/projects/2K0300/new/verification/auto-wheel-pid/20260422T135601Z/round-010-left-i/attempt-01/host.log",
  "board_log_path": "/home/madejuele/projects/2K0300/new/verification/auto-wheel-pid/20260422T135601Z/round-010-left-i/attempt-01/board.log",
  "params_path": "/home/madejuele/projects/2K0300/new/verification/auto-wheel-pid/20260422T135601Z/round-010-left-i/attempt-01/params.json",
  "tuning_exit_code": 0,
  "receiver_error": null,
  "ack_complete": true,
  "snapshot_cleared_seen": true,
  "board_markers_ok": true,
  "unexpected_failsafe": false,
  "runtime_error": null,
  "accepted": false,
  "accepted_reason": "left score 102.440521 did not beat 45.760765 by 5%"
}
