{
  "name": "round-039-left-i",
  "candidate_label": "left-i=0.250000",
  "wheel_scores": {
    "left": {
      "wheel": "left",
      "sample_count": 57,
      "mean_abs_error": 13.912280701754385,
      "p95_abs_error": 23.0,
      "overshoot_peak": 10.0,
      "settle_delay_s": 1.5198333333333334,
      "pwm_settle_delay_s": 1.580404761904762,
      "saturation_ratio": 0.017543859649122806,
      "steady_abs_error_ratio": 0.14074074074074075,
      "p95_error_ratio": 0.2068253968253968,
      "settle_time_ratio": 0.9527216969077433,
      "pwm_settle_time_ratio": 1.0,
      "overshoot_ratio": 0.03492063492063492,
      "oscillation_ratio": 0.02582280213475029,
      "attainment_ratio": 0.8624338624338624,
      "rail_hit_ratio": 0.0,
      "pwm_chatter_ratio": 0.01488095238095238,
      "tail_mean_abs_error": 14.079365079365079,
      "tail_pwm_jump_abs": 514.3571428571429,
      "terminal_requirements_ok": false,
      "pwm_limit_reasonable": false,
      "pwm_limit_note": "terminal steady-state gate failed (tail error or PWM jump exceeded limits)",
      "weighted_score": Infinity
    },
    "right": {
      "wheel": "right",
      "sample_count": 57,
      "mean_abs_error": 20.12280701754386,
      "p95_abs_error": 28.199999999999996,
      "overshoot_peak": 0.0,
      "settle_delay_s": 1.5815000000000001,
      "pwm_settle_delay_s": 1.4245714285714286,
      "saturation_ratio": 0.0,
      "steady_abs_error_ratio": 0.19259259259259262,
      "p95_error_ratio": 0.26198412698412693,
      "settle_time_ratio": 1.0,
      "pwm_settle_time_ratio": 0.8961111111111111,
      "overshoot_ratio": 0.0,
      "oscillation_ratio": 0.03485352229497491,
      "attainment_ratio": 0.8074074074074075,
      "rail_hit_ratio": 0.0,
      "pwm_chatter_ratio": 0.0,
      "tail_mean_abs_error": 20.349206349206348,
      "tail_pwm_jump_abs": 509.42857142857144,
      "terminal_requirements_ok": false,
      "pwm_limit_reasonable": false,
      "pwm_limit_note": "terminal steady-state gate failed (tail error or PWM jump exceeded limits)",
      "weighted_score": Infinity
    }
  },
  "csv_path": "/home/madejuele/projects/2K0300/new/verification/auto-wheel-pid/20260422T143235Z/round-039-left-i/attempt-01/telemetry.csv",
  "host_log_path": "/home/madejuele/projects/2K0300/new/verification/auto-wheel-pid/20260422T143235Z/round-039-left-i/attempt-01/host.log",
  "board_log_path": "/home/madejuele/projects/2K0300/new/verification/auto-wheel-pid/20260422T143235Z/round-039-left-i/attempt-01/board.log",
  "params_path": "/home/madejuele/projects/2K0300/new/verification/auto-wheel-pid/20260422T143235Z/round-039-left-i/attempt-01/params.json",
  "tuning_exit_code": 0,
  "receiver_error": null,
  "ack_complete": true,
  "snapshot_cleared_seen": true,
  "board_markers_ok": true,
  "unexpected_failsafe": false,
  "runtime_error": null,
  "accepted": true,
  "accepted_reason": "left score improved from 51.744817 to 46.207851; selected best candidate from bidirectional search at left-i=0.250000"
}
