{
  "name": "right-p80",
  "candidate_label": "left-p=139.000000; right-p=80.000000; right-alpha=0.400000",
  "wheel_scores": {
    "left": {
      "wheel": "left",
      "sample_count": 56,
      "mean_abs_error": 16.178571428571427,
      "p95_abs_error": 55.25,
      "overshoot_peak": 50.0,
      "settle_delay_s": 0.9831666666666667,
      "pwm_settle_delay_s": 1.2290238095238095,
      "saturation_ratio": 0.10714285714285714,
      "steady_abs_error_ratio": 0.13015873015873017,
      "p95_error_ratio": 0.3618253968253968,
      "settle_time_ratio": 0.6666666666666666,
      "pwm_settle_time_ratio": 0.8149038461538461,
      "overshoot_ratio": 0.20952380952380953,
      "oscillation_ratio": 0.07918842622572062,
      "attainment_ratio": 0.9111111111111111,
      "rail_hit_ratio": 0.08465608465608465,
      "pwm_chatter_ratio": 0.0,
      "tail_mean_abs_error": 14.412698412698413,
      "tail_pwm_jump_abs": 747.9761904761905,
      "terminal_requirements_ok": false,
      "pwm_limit_reasonable": false,
      "pwm_limit_note": "terminal steady-state gate failed (tail error or PWM jump exceeded limits)",
      "weighted_score": Infinity
    },
    "right": {
      "wheel": "right",
      "sample_count": 56,
      "mean_abs_error": 17.625,
      "p95_abs_error": 26.0,
      "overshoot_peak": 0.0,
      "settle_delay_s": 1.5393333333333334,
      "pwm_settle_delay_s": 1.1138809523809523,
      "saturation_ratio": 0.017857142857142856,
      "steady_abs_error_ratio": 0.17142857142857143,
      "p95_error_ratio": 0.2869047619047619,
      "settle_time_ratio": 1.0,
      "pwm_settle_time_ratio": 0.7111780130134991,
      "overshoot_ratio": 0.0,
      "oscillation_ratio": 0.051708880062554,
      "attainment_ratio": 0.8285714285714286,
      "rail_hit_ratio": 0.017857142857142856,
      "pwm_chatter_ratio": 0.0,
      "tail_mean_abs_error": 18.77777777777778,
      "tail_pwm_jump_abs": 644.2857142857143,
      "terminal_requirements_ok": false,
      "pwm_limit_reasonable": false,
      "pwm_limit_note": "terminal steady-state gate failed (tail error or PWM jump exceeded limits)",
      "weighted_score": Infinity
    }
  },
  "csv_path": "/home/madejuele/projects/2K0300/new/verification/manual-probes/20260423T041956Z-right-alpha04-p-window-scan/right-p80/attempt-01/telemetry.csv",
  "host_log_path": "/home/madejuele/projects/2K0300/new/verification/manual-probes/20260423T041956Z-right-alpha04-p-window-scan/right-p80/attempt-01/host.log",
  "board_log_path": "/home/madejuele/projects/2K0300/new/verification/manual-probes/20260423T041956Z-right-alpha04-p-window-scan/right-p80/attempt-01/board.log",
  "params_path": "/home/madejuele/projects/2K0300/new/verification/manual-probes/20260423T041956Z-right-alpha04-p-window-scan/right-p80/attempt-01/params.json",
  "tuning_exit_code": 0,
  "receiver_error": null,
  "ack_complete": true,
  "snapshot_cleared_seen": true,
  "board_markers_ok": true,
  "unexpected_failsafe": false,
  "runtime_error": null,
  "accepted": false,
  "accepted_reason": ""
}
