{
  "name": "left-p139-repeat-03",
  "candidate_label": "left-p=139.000000; right-p=85.000000; right-alpha=0.400000",
  "wheel_scores": {
    "left": {
      "wheel": "left",
      "sample_count": 57,
      "mean_abs_error": 11.736842105263158,
      "p95_abs_error": 26.199999999999974,
      "overshoot_peak": 56.0,
      "settle_delay_s": 0.9506666666666667,
      "pwm_settle_delay_s": 1.1823571428571429,
      "saturation_ratio": 0.03508771929824561,
      "steady_abs_error_ratio": 0.09947089947089947,
      "p95_error_ratio": 0.23198412698412685,
      "settle_time_ratio": 0.5415176231613702,
      "pwm_settle_time_ratio": 0.7919217123890319,
      "overshoot_ratio": 0.2650793650793651,
      "oscillation_ratio": 0.05742265862464544,
      "attainment_ratio": 0.9333333333333333,
      "rail_hit_ratio": 0.017543859649122806,
      "pwm_chatter_ratio": 0.0,
      "tail_mean_abs_error": 10.571428571428571,
      "tail_pwm_jump_abs": 673.5952380952381,
      "terminal_requirements_ok": false,
      "pwm_limit_reasonable": false,
      "pwm_limit_note": "terminal steady-state gate failed (tail error or PWM jump exceeded limits)",
      "weighted_score": Infinity
    },
    "right": {
      "wheel": "right",
      "sample_count": 57,
      "mean_abs_error": 17.017543859649123,
      "p95_abs_error": 25.199999999999996,
      "overshoot_peak": 0.0,
      "settle_delay_s": 1.3325,
      "pwm_settle_delay_s": 1.1974285714285715,
      "saturation_ratio": 0.0,
      "steady_abs_error_ratio": 0.1708994708994709,
      "p95_error_ratio": 0.21976190476190474,
      "settle_time_ratio": 0.8562874251497006,
      "pwm_settle_time_ratio": 0.7623008852501035,
      "overshoot_ratio": 0.0,
      "oscillation_ratio": 0.02933591706629485,
      "attainment_ratio": 0.8291005291005291,
      "rail_hit_ratio": 0.0,
      "pwm_chatter_ratio": 0.0,
      "tail_mean_abs_error": 18.00793650793651,
      "tail_pwm_jump_abs": 500.8333333333333,
      "terminal_requirements_ok": false,
      "pwm_limit_reasonable": false,
      "pwm_limit_note": "terminal steady-state gate failed (tail error or PWM jump exceeded limits)",
      "weighted_score": Infinity
    }
  },
  "csv_path": "/home/madejuele/projects/2K0300/new/verification/manual-probes/20260423T043419Z-left-p-repeat-validate/left-p139/repeat-03/attempt-01/telemetry.csv",
  "host_log_path": "/home/madejuele/projects/2K0300/new/verification/manual-probes/20260423T043419Z-left-p-repeat-validate/left-p139/repeat-03/attempt-01/host.log",
  "board_log_path": "/home/madejuele/projects/2K0300/new/verification/manual-probes/20260423T043419Z-left-p-repeat-validate/left-p139/repeat-03/attempt-01/board.log",
  "params_path": "/home/madejuele/projects/2K0300/new/verification/manual-probes/20260423T043419Z-left-p-repeat-validate/left-p139/repeat-03/attempt-01/params.json",
  "tuning_exit_code": 0,
  "receiver_error": null,
  "ack_complete": true,
  "snapshot_cleared_seen": true,
  "board_markers_ok": true,
  "unexpected_failsafe": false,
  "runtime_error": null,
  "accepted": false,
  "accepted_reason": ""
}
