{
  "name": "round-005-p-screen",
  "candidate_label": "left-p=120.000000; right-p=120.000000",
  "wheel_scores": {
    "left": {
      "wheel": "left",
      "sample_count": 20,
      "mean_abs_error": 10.8,
      "p95_abs_error": 17.0,
      "overshoot_peak": 2.0,
      "settle_delay_s": 0.8686666666666667,
      "pwm_settle_delay_s": 0.8123333333333334,
      "saturation_ratio": 0.05,
      "steady_abs_error_ratio": 0.10052910052910052,
      "p95_error_ratio": 0.1549206349206349,
      "settle_time_ratio": 0.7271805273833671,
      "pwm_settle_time_ratio": 0.6666666666666666,
      "overshoot_ratio": 0.006349206349206349,
      "oscillation_ratio": 0.050851294032504844,
      "attainment_ratio": 0.8994708994708994,
      "rail_hit_ratio": 0.05,
      "pwm_chatter_ratio": 0.0,
      "tail_mean_abs_error": 10.555555555555555,
      "tail_pwm_jump_abs": 602.7619047619048,
      "terminal_requirements_ok": true,
      "pwm_limit_reasonable": true,
      "pwm_limit_note": "within current wheel-PID test envelope",
      "weighted_score": 1.1441726430293906
    },
    "right": {
      "wheel": "right",
      "sample_count": 20,
      "mean_abs_error": 13.85,
      "p95_abs_error": 28.950000000000014,
      "overshoot_peak": 0.0,
      "settle_delay_s": 0.8613333333333333,
      "pwm_settle_delay_s": 1.141,
      "saturation_ratio": 0.0,
      "steady_abs_error_ratio": 0.11746031746031746,
      "p95_error_ratio": 0.2501587301587301,
      "settle_time_ratio": 0.7113844725542533,
      "pwm_settle_time_ratio": 1.0,
      "overshoot_ratio": 0.0,
      "oscillation_ratio": 0.021267231707721945,
      "attainment_ratio": 0.8825396825396825,
      "rail_hit_ratio": 0.0,
      "pwm_chatter_ratio": 0.0,
      "tail_mean_abs_error": 12.301587301587302,
      "tail_pwm_jump_abs": 420.1904761904762,
      "terminal_requirements_ok": true,
      "pwm_limit_reasonable": true,
      "pwm_limit_note": "within current wheel-PID test envelope",
      "weighted_score": 1.7186505318349545
    }
  },
  "csv_path": "/home/madejuele/projects/2K0300/new/verification/auto-wheel-pid/20260423T062529Z/round-005-p-screen/attempt-01/telemetry.csv",
  "host_log_path": "/home/madejuele/projects/2K0300/new/verification/auto-wheel-pid/20260423T062529Z/round-005-p-screen/attempt-01/host.log",
  "board_log_path": "/home/madejuele/projects/2K0300/new/verification/auto-wheel-pid/20260423T062529Z/round-005-p-screen/attempt-01/board.log",
  "params_path": "/home/madejuele/projects/2K0300/new/verification/auto-wheel-pid/20260423T062529Z/round-005-p-screen/attempt-01/params.json",
  "tuning_exit_code": 0,
  "receiver_error": null,
  "ack_complete": true,
  "snapshot_cleared_seen": true,
  "board_markers_ok": true,
  "unexpected_failsafe": false,
  "runtime_error": null,
  "accepted": false,
  "accepted_reason": "screen left score improved from 1.754017 to 1.144173; pending confirmation; screen right score improved from 1.933966 to 1.718651; pending confirmation"
}
