{
  "name": "round-014-right-i",
  "candidate_label": "right-i=0.000000",
  "wheel_scores": {
    "left": {
      "wheel": "left",
      "sample_count": 52,
      "mean_abs_error": 14.23076923076923,
      "p95_abs_error": 23.449999999999996,
      "overshoot_peak": 53.0,
      "settle_delay_s": 1.1146666666666667,
      "pwm_settle_delay_s": 1.5519444444444443,
      "saturation_ratio": 0.0,
      "steady_abs_error_ratio": 0.15555555555555556,
      "p95_error_ratio": 0.2757407407407407,
      "settle_time_ratio": 0.6205300127713921,
      "pwm_settle_time_ratio": 1.0,
      "overshoot_ratio": 0.18333333333333332,
      "oscillation_ratio": 0.048711382430401594,
      "attainment_ratio": 0.8444444444444444,
      "rail_hit_ratio": 0.0,
      "pwm_chatter_ratio": 0.0,
      "tail_mean_abs_error": 14.481481481481481,
      "tail_pwm_jump_abs": 782.0555555555555,
      "terminal_requirements_ok": false,
      "pwm_limit_reasonable": false,
      "pwm_limit_note": "terminal steady-state gate failed (tail error or PWM jump exceeded limits)",
      "weighted_score": Infinity
    },
    "right": {
      "wheel": "right",
      "sample_count": 52,
      "mean_abs_error": 18.942307692307693,
      "p95_abs_error": 28.449999999999996,
      "overshoot_peak": 44.0,
      "settle_delay_s": 1.5516666666666667,
      "pwm_settle_delay_s": 1.4597222222222221,
      "saturation_ratio": 0.0,
      "steady_abs_error_ratio": 0.24074074074074073,
      "p95_error_ratio": 0.3118518518518518,
      "settle_time_ratio": 1.0,
      "pwm_settle_time_ratio": 0.943663883798276,
      "overshoot_ratio": 0.08703703703703704,
      "oscillation_ratio": 0.0452205243075357,
      "attainment_ratio": 0.7592592592592593,
      "rail_hit_ratio": 0.0,
      "pwm_chatter_ratio": 0.0,
      "tail_mean_abs_error": 21.814814814814813,
      "tail_pwm_jump_abs": 565.0555555555555,
      "terminal_requirements_ok": false,
      "pwm_limit_reasonable": false,
      "pwm_limit_note": "terminal steady-state gate failed (tail error or PWM jump exceeded limits)",
      "weighted_score": Infinity
    }
  },
  "csv_path": "/home/madejuele/projects/2K0300/new/verification/auto-wheel-pid/20260422T135601Z/round-014-right-i/attempt-01/telemetry.csv",
  "host_log_path": "/home/madejuele/projects/2K0300/new/verification/auto-wheel-pid/20260422T135601Z/round-014-right-i/attempt-01/host.log",
  "board_log_path": "/home/madejuele/projects/2K0300/new/verification/auto-wheel-pid/20260422T135601Z/round-014-right-i/attempt-01/board.log",
  "params_path": "/home/madejuele/projects/2K0300/new/verification/auto-wheel-pid/20260422T135601Z/round-014-right-i/attempt-01/params.json",
  "tuning_exit_code": 0,
  "receiver_error": null,
  "ack_complete": true,
  "snapshot_cleared_seen": true,
  "board_markers_ok": true,
  "unexpected_failsafe": false,
  "runtime_error": null,
  "accepted": false,
  "accepted_reason": "right score 69.356520 did not beat 61.108075 by 5%"
}
