{
  "name": "round-008-d-screen",
  "candidate_label": "left-d=1.000000; right-d=1.000000",
  "wheel_scores": {
    "left": {
      "wheel": "left",
      "sample_count": 28,
      "mean_abs_error": 12.928571428571429,
      "p95_abs_error": 28.65,
      "overshoot_peak": 24.0,
      "settle_delay_s": 0.5720000000000001,
      "pwm_settle_delay_s": 1.5420476190476191,
      "saturation_ratio": 0.17857142857142858,
      "steady_abs_error_ratio": 0.1439153439153439,
      "p95_error_ratio": 0.25571428571428567,
      "settle_time_ratio": 0.30830440668321824,
      "pwm_settle_time_ratio": 1.0,
      "overshoot_ratio": 0.1873015873015873,
      "oscillation_ratio": 0.1570375012691695,
      "attainment_ratio": 0.9555555555555556,
      "rail_hit_ratio": 0.14285714285714285,
      "pwm_chatter_ratio": 0.23148148148148145,
      "tail_mean_abs_error": 15.968253968253968,
      "tail_pwm_jump_abs": 2735.4761904761904,
      "terminal_requirements_ok": false,
      "pwm_limit_reasonable": false,
      "pwm_limit_note": "terminal steady-state gate failed (tail error or PWM jump exceeded limits)",
      "weighted_score": Infinity
    },
    "right": {
      "wheel": "right",
      "sample_count": 28,
      "mean_abs_error": 19.0,
      "p95_abs_error": 30.599999999999994,
      "overshoot_peak": 0.0,
      "settle_delay_s": 1.5403333333333333,
      "pwm_settle_delay_s": 1.5420476190476191,
      "saturation_ratio": 0.03571428571428571,
      "steady_abs_error_ratio": 0.2021164021164021,
      "p95_error_ratio": 0.276031746031746,
      "settle_time_ratio": 1.0,
      "pwm_settle_time_ratio": 1.0,
      "overshoot_ratio": 0.0,
      "oscillation_ratio": 0.04342949339498062,
      "attainment_ratio": 0.7978835978835979,
      "rail_hit_ratio": 0.047619047619047616,
      "pwm_chatter_ratio": 0.0,
      "tail_mean_abs_error": 21.634920634920636,
      "tail_pwm_jump_abs": 627.4285714285714,
      "terminal_requirements_ok": false,
      "pwm_limit_reasonable": false,
      "pwm_limit_note": "terminal steady-state gate failed (tail error or PWM jump exceeded limits)",
      "weighted_score": Infinity
    }
  },
  "csv_path": "/home/madejuele/projects/2K0300/new/verification/auto-wheel-pid/20260423T012139Z/round-008-d-screen/attempt-01/telemetry.csv",
  "host_log_path": "/home/madejuele/projects/2K0300/new/verification/auto-wheel-pid/20260423T012139Z/round-008-d-screen/attempt-01/host.log",
  "board_log_path": "/home/madejuele/projects/2K0300/new/verification/auto-wheel-pid/20260423T012139Z/round-008-d-screen/attempt-01/board.log",
  "params_path": "/home/madejuele/projects/2K0300/new/verification/auto-wheel-pid/20260423T012139Z/round-008-d-screen/attempt-01/params.json",
  "tuning_exit_code": 0,
  "receiver_error": null,
  "ack_complete": true,
  "snapshot_cleared_seen": true,
  "board_markers_ok": true,
  "unexpected_failsafe": false,
  "runtime_error": null,
  "accepted": false,
  "accepted_reason": "screen left terminal gate failed: tail PWM jump 2735.476 > 800.000; screen right terminal gate failed: tail error 21.635 > 20.000"
}
