{
  "name": "round-008-right-p",
  "candidate_label": "right-p=105.468750",
  "wheel_scores": {
    "left": {
      "wheel": "left",
      "sample_count": 52,
      "mean_abs_error": 16.346153846153847,
      "p95_abs_error": 26.0,
      "overshoot_peak": 0.0,
      "settle_delay_s": 1.559,
      "pwm_settle_delay_s": 1.127357142857143,
      "saturation_ratio": 0.019230769230769232,
      "steady_abs_error_ratio": 0.15079365079365079,
      "p95_error_ratio": 0.22785714285714284,
      "settle_time_ratio": 1.0,
      "pwm_settle_time_ratio": 0.7345238688550763,
      "overshoot_ratio": 0.0,
      "oscillation_ratio": 0.03823400847243026,
      "attainment_ratio": 0.8492063492063492,
      "rail_hit_ratio": 0.019230769230769232,
      "pwm_chatter_ratio": 0.0,
      "tail_mean_abs_error": 16.293650793650794,
      "tail_pwm_jump_abs": 879.7142857142857,
      "terminal_requirements_ok": false,
      "pwm_limit_reasonable": false,
      "pwm_limit_note": "terminal steady-state gate failed (tail error or PWM jump exceeded limits)",
      "weighted_score": Infinity
    },
    "right": {
      "wheel": "right",
      "sample_count": 52,
      "mean_abs_error": 13.538461538461538,
      "p95_abs_error": 28.0,
      "overshoot_peak": 30.0,
      "settle_delay_s": 1.2858333333333334,
      "pwm_settle_delay_s": 1.5564285714285713,
      "saturation_ratio": 0.09615384615384616,
      "steady_abs_error_ratio": 0.13703703703703704,
      "p95_error_ratio": 0.2550793650793651,
      "settle_time_ratio": 0.8809523809523809,
      "pwm_settle_time_ratio": 1.0,
      "overshoot_ratio": 0.14761904761904762,
      "oscillation_ratio": 0.13206639103564954,
      "attainment_ratio": 0.9518518518518518,
      "rail_hit_ratio": 0.06613756613756613,
      "pwm_chatter_ratio": 0.13095238095238096,
      "tail_mean_abs_error": 15.119047619047619,
      "tail_pwm_jump_abs": 1669.5714285714287,
      "terminal_requirements_ok": false,
      "pwm_limit_reasonable": false,
      "pwm_limit_note": "terminal steady-state gate failed (tail error or PWM jump exceeded limits)",
      "weighted_score": Infinity
    }
  },
  "csv_path": "/home/madejuele/projects/2K0300/new/verification/auto-wheel-pid/20260422T143235Z/round-008-right-p/attempt-01/telemetry.csv",
  "host_log_path": "/home/madejuele/projects/2K0300/new/verification/auto-wheel-pid/20260422T143235Z/round-008-right-p/attempt-01/host.log",
  "board_log_path": "/home/madejuele/projects/2K0300/new/verification/auto-wheel-pid/20260422T143235Z/round-008-right-p/attempt-01/board.log",
  "params_path": "/home/madejuele/projects/2K0300/new/verification/auto-wheel-pid/20260422T143235Z/round-008-right-p/attempt-01/params.json",
  "tuning_exit_code": 0,
  "receiver_error": null,
  "ack_complete": true,
  "snapshot_cleared_seen": true,
  "board_markers_ok": true,
  "unexpected_failsafe": false,
  "runtime_error": null,
  "accepted": false,
  "accepted_reason": "right score 163.899121 did not beat 103.530353 by 5%"
}
