{
  "name": "baseline",
  "candidate_label": "current-working-params",
  "wheel_scores": {
    "left": {
      "wheel": "left",
      "sample_count": 54,
      "mean_abs_error": 16.74074074074074,
      "p95_abs_error": 26.349999999999994,
      "overshoot_peak": 10.0,
      "settle_delay_s": 1.6123333333333334,
      "pwm_settle_delay_s": 1.0773095238095238,
      "saturation_ratio": 0.0,
      "steady_abs_error_ratio": 0.1529100529100529,
      "p95_error_ratio": 0.21396825396825395,
      "settle_time_ratio": 1.0,
      "pwm_settle_time_ratio": 0.6951539835022946,
      "overshoot_ratio": 0.015873015873015872,
      "oscillation_ratio": 0.033348012206203086,
      "attainment_ratio": 0.847089947089947,
      "rail_hit_ratio": 0.0,
      "pwm_chatter_ratio": 0.0,
      "tail_mean_abs_error": 16.357142857142858,
      "tail_pwm_jump_abs": 274.0952380952381,
      "terminal_requirements_ok": true,
      "pwm_limit_reasonable": true,
      "pwm_limit_note": "within current wheel-PID test envelope",
      "weighted_score": 1.6331800910453957
    },
    "right": {
      "wheel": "right",
      "sample_count": 54,
      "mean_abs_error": 16.796296296296298,
      "p95_abs_error": 23.349999999999994,
      "overshoot_peak": 10.0,
      "settle_delay_s": 1.6123333333333334,
      "pwm_settle_delay_s": 1.5874285714285714,
      "saturation_ratio": 0.0,
      "steady_abs_error_ratio": 0.14285714285714285,
      "p95_error_ratio": 0.21976190476190474,
      "settle_time_ratio": 1.0,
      "pwm_settle_time_ratio": 1.0,
      "overshoot_ratio": 0.02857142857142857,
      "oscillation_ratio": 0.0285671669786442,
      "attainment_ratio": 0.8571428571428571,
      "rail_hit_ratio": 0.0,
      "pwm_chatter_ratio": 0.0,
      "tail_mean_abs_error": 15.285714285714286,
      "tail_pwm_jump_abs": 321.5238095238095,
      "terminal_requirements_ok": true,
      "pwm_limit_reasonable": true,
      "pwm_limit_note": "within current wheel-PID test envelope",
      "weighted_score": 1.7694048648460128
    }
  },
  "csv_path": "/home/madejuele/projects/2K0300/new/verification/auto-wheel-pid/20260423T095327Z/baseline/attempt-01/telemetry.csv",
  "host_log_path": "/home/madejuele/projects/2K0300/new/verification/auto-wheel-pid/20260423T095327Z/baseline/attempt-01/host.log",
  "board_log_path": "/home/madejuele/projects/2K0300/new/verification/auto-wheel-pid/20260423T095327Z/baseline/attempt-01/board.log",
  "params_path": "/home/madejuele/projects/2K0300/new/verification/auto-wheel-pid/20260423T095327Z/baseline/attempt-01/params.json",
  "tuning_exit_code": 0,
  "receiver_error": null,
  "ack_complete": true,
  "snapshot_cleared_seen": true,
  "board_markers_ok": true,
  "unexpected_failsafe": false,
  "runtime_error": null,
  "accepted": true,
  "accepted_reason": "baseline"
}
