{
  "name": "round-008-p-screen",
  "candidate_label": "left-p=180.000000; right-p=180.000000",
  "wheel_scores": {
    "left": {
      "wheel": "left",
      "sample_count": 23,
      "mean_abs_error": 17.434782608695652,
      "p95_abs_error": 53.49999999999999,
      "overshoot_peak": 61.0,
      "settle_delay_s": 1.2236666666666667,
      "pwm_settle_delay_s": 1.2387142857142857,
      "saturation_ratio": 0.2608695652173913,
      "steady_abs_error_ratio": 0.16296296296296298,
      "p95_error_ratio": 0.42444444444444424,
      "settle_time_ratio": 1.0,
      "pwm_settle_time_ratio": 1.0,
      "overshoot_ratio": 0.19365079365079366,
      "oscillation_ratio": 0.11378180090191457,
      "attainment_ratio": 0.8370370370370371,
      "rail_hit_ratio": 0.21739130434782608,
      "pwm_chatter_ratio": 0.061224489795918366,
      "tail_mean_abs_error": 17.77777777777778,
      "tail_pwm_jump_abs": 1547.952380952381,
      "terminal_requirements_ok": false,
      "pwm_limit_reasonable": false,
      "pwm_limit_note": "terminal steady-state gate failed (tail error or PWM jump exceeded limits)",
      "weighted_score": Infinity
    },
    "right": {
      "wheel": "right",
      "sample_count": 23,
      "mean_abs_error": 21.47826086956522,
      "p95_abs_error": 53.8,
      "overshoot_peak": 35.0,
      "settle_delay_s": 1.2236666666666667,
      "pwm_settle_delay_s": 1.2387142857142857,
      "saturation_ratio": 0.34782608695652173,
      "steady_abs_error_ratio": 0.21375661375661373,
      "p95_error_ratio": 0.4769841269841269,
      "settle_time_ratio": 1.0,
      "pwm_settle_time_ratio": 1.0,
      "overshoot_ratio": 0.1873015873015873,
      "oscillation_ratio": 0.14154742692345398,
      "attainment_ratio": 0.7862433862433862,
      "rail_hit_ratio": 0.36139455782312924,
      "pwm_chatter_ratio": 0.0873015873015873,
      "tail_mean_abs_error": 24.158730158730158,
      "tail_pwm_jump_abs": 1120.2380952380952,
      "terminal_requirements_ok": false,
      "pwm_limit_reasonable": false,
      "pwm_limit_note": "terminal steady-state gate failed (tail error or PWM jump exceeded limits)",
      "weighted_score": Infinity
    }
  },
  "csv_path": "/home/madejuele/projects/2K0300/new/verification/auto-wheel-pid/20260423T032314Z/round-008-p-screen/attempt-01/telemetry.csv",
  "host_log_path": "/home/madejuele/projects/2K0300/new/verification/auto-wheel-pid/20260423T032314Z/round-008-p-screen/attempt-01/host.log",
  "board_log_path": "/home/madejuele/projects/2K0300/new/verification/auto-wheel-pid/20260423T032314Z/round-008-p-screen/attempt-01/board.log",
  "params_path": "/home/madejuele/projects/2K0300/new/verification/auto-wheel-pid/20260423T032314Z/round-008-p-screen/attempt-01/params.json",
  "tuning_exit_code": 0,
  "receiver_error": null,
  "ack_complete": true,
  "snapshot_cleared_seen": true,
  "board_markers_ok": true,
  "unexpected_failsafe": false,
  "runtime_error": null,
  "accepted": false,
  "accepted_reason": "screen left terminal gate failed: tail PWM jump 1547.952 > 800.000; screen right terminal gate failed: tail error 24.159 > 20.000; tail PWM jump 1120.238 > 800.000"
}
