{
  "name": "round-006-p-screen",
  "candidate_label": "left-p=140.000000; right-p=140.000000",
  "wheel_scores": {
    "left": {
      "wheel": "left",
      "sample_count": 21,
      "mean_abs_error": 11.333333333333334,
      "p95_abs_error": 22.0,
      "overshoot_peak": 34.0,
      "settle_delay_s": 0.8736666666666666,
      "pwm_settle_delay_s": 1.214904761904762,
      "saturation_ratio": 0.0,
      "steady_abs_error_ratio": 0.09735449735449735,
      "p95_error_ratio": 0.20619047619047612,
      "settle_time_ratio": 0.6387416845191115,
      "pwm_settle_time_ratio": 1.0,
      "overshoot_ratio": 0.1746031746031746,
      "oscillation_ratio": 0.022459964175957896,
      "attainment_ratio": 0.9026455026455026,
      "rail_hit_ratio": 0.0,
      "pwm_chatter_ratio": 0.0,
      "tail_mean_abs_error": 10.126984126984127,
      "tail_pwm_jump_abs": 872.8095238095239,
      "terminal_requirements_ok": false,
      "pwm_limit_reasonable": false,
      "pwm_limit_note": "terminal steady-state gate failed (tail error or PWM jump exceeded limits)",
      "weighted_score": Infinity
    },
    "right": {
      "wheel": "right",
      "sample_count": 21,
      "mean_abs_error": 10.666666666666666,
      "p95_abs_error": 21.0,
      "overshoot_peak": 25.0,
      "settle_delay_s": 1.1383333333333332,
      "pwm_settle_delay_s": 1.0353333333333332,
      "saturation_ratio": 0.047619047619047616,
      "steady_abs_error_ratio": 0.09947089947089947,
      "p95_error_ratio": 0.17142857142857137,
      "settle_time_ratio": 0.9541222958944477,
      "pwm_settle_time_ratio": 0.8582703799751945,
      "overshoot_ratio": 0.16825396825396827,
      "oscillation_ratio": 0.041723578385546876,
      "attainment_ratio": 0.9343915343915343,
      "rail_hit_ratio": 0.047619047619047616,
      "pwm_chatter_ratio": 0.0,
      "tail_mean_abs_error": 11.777777777777779,
      "tail_pwm_jump_abs": 581.5714285714286,
      "terminal_requirements_ok": false,
      "pwm_limit_reasonable": false,
      "pwm_limit_note": "terminal steady-state gate failed (tail error or PWM jump exceeded limits)",
      "weighted_score": Infinity
    }
  },
  "csv_path": "/home/madejuele/projects/2K0300/new/verification/auto-wheel-pid/20260423T062529Z/round-006-p-screen/attempt-01/telemetry.csv",
  "host_log_path": "/home/madejuele/projects/2K0300/new/verification/auto-wheel-pid/20260423T062529Z/round-006-p-screen/attempt-01/host.log",
  "board_log_path": "/home/madejuele/projects/2K0300/new/verification/auto-wheel-pid/20260423T062529Z/round-006-p-screen/attempt-01/board.log",
  "params_path": "/home/madejuele/projects/2K0300/new/verification/auto-wheel-pid/20260423T062529Z/round-006-p-screen/attempt-01/params.json",
  "tuning_exit_code": 0,
  "receiver_error": null,
  "ack_complete": true,
  "snapshot_cleared_seen": true,
  "board_markers_ok": true,
  "unexpected_failsafe": false,
  "runtime_error": null,
  "accepted": false,
  "accepted_reason": "screen left terminal gate failed: tail PWM jump 872.810 > 800.000; screen right terminal gate failed: terminal gate failed"
}
