{
  "name": "baseline",
  "candidate_label": "current-working-params",
  "wheel_scores": {
    "left": {
      "wheel": "left",
      "sample_count": 58,
      "mean_abs_error": 15.620689655172415,
      "p95_abs_error": 29.749999999999993,
      "overshoot_peak": 36.0,
      "settle_delay_s": 1.5196666666666667,
      "pwm_settle_delay_s": 1.6183809523809525,
      "saturation_ratio": 0.034482758620689655,
      "steady_abs_error_ratio": 0.1375661375661376,
      "p95_error_ratio": 0.26150793650793647,
      "settle_time_ratio": 0.9268167422751005,
      "pwm_settle_time_ratio": 1.0,
      "overshoot_ratio": 0.12857142857142856,
      "oscillation_ratio": 0.10817795871009309,
      "attainment_ratio": 0.9555555555555556,
      "rail_hit_ratio": 0.04047619047619048,
      "pwm_chatter_ratio": 0.01488095238095238,
      "tail_mean_abs_error": 13.507936507936508,
      "tail_pwm_jump_abs": 1286.1904761904761,
      "terminal_requirements_ok": false,
      "pwm_limit_reasonable": false,
      "pwm_limit_note": "terminal steady-state gate failed (tail error or PWM jump exceeded limits)",
      "weighted_score": Infinity
    },
    "right": {
      "wheel": "right",
      "sample_count": 58,
      "mean_abs_error": 17.724137931034484,
      "p95_abs_error": 28.15,
      "overshoot_peak": 15.0,
      "settle_delay_s": 1.3941666666666668,
      "pwm_settle_delay_s": 1.4962380952380951,
      "saturation_ratio": 0.0,
      "steady_abs_error_ratio": 0.1656084656084656,
      "p95_error_ratio": 0.2538888888888889,
      "settle_time_ratio": 0.8663636363636362,
      "pwm_settle_time_ratio": 0.9268167422751005,
      "overshoot_ratio": 0.046031746031746035,
      "oscillation_ratio": 0.04216206007073014,
      "attainment_ratio": 0.8343915343915344,
      "rail_hit_ratio": 0.0,
      "pwm_chatter_ratio": 0.0,
      "tail_mean_abs_error": 17.88095238095238,
      "tail_pwm_jump_abs": 650.3809523809524,
      "terminal_requirements_ok": false,
      "pwm_limit_reasonable": false,
      "pwm_limit_note": "terminal steady-state gate failed (tail error or PWM jump exceeded limits)",
      "weighted_score": Infinity
    }
  },
  "csv_path": "/home/madejuele/projects/2K0300/new/verification/auto-wheel-pid/20260422T153830Z/baseline/attempt-01/telemetry.csv",
  "host_log_path": "/home/madejuele/projects/2K0300/new/verification/auto-wheel-pid/20260422T153830Z/baseline/attempt-01/host.log",
  "board_log_path": "/home/madejuele/projects/2K0300/new/verification/auto-wheel-pid/20260422T153830Z/baseline/attempt-01/board.log",
  "params_path": "/home/madejuele/projects/2K0300/new/verification/auto-wheel-pid/20260422T153830Z/baseline/attempt-01/params.json",
  "tuning_exit_code": 0,
  "receiver_error": null,
  "ack_complete": true,
  "snapshot_cleared_seen": true,
  "board_markers_ok": true,
  "unexpected_failsafe": false,
  "runtime_error": null,
  "accepted": true,
  "accepted_reason": "baseline"
}
