{
  "name": "round-032-left-p",
  "candidate_label": "left-p=135.000000",
  "wheel_scores": {
    "left": {
      "wheel": "left",
      "sample_count": 56,
      "mean_abs_error": 12.553571428571429,
      "p95_abs_error": 25.75,
      "overshoot_peak": 34.0,
      "settle_delay_s": 1.0581666666666667,
      "pwm_settle_delay_s": 1.4611666666666667,
      "saturation_ratio": 0.16071428571428573,
      "steady_abs_error_ratio": 0.1253968253968254,
      "p95_error_ratio": 0.2368253968253968,
      "settle_time_ratio": 0.6307308229960021,
      "pwm_settle_time_ratio": 0.9409292174844789,
      "overshoot_ratio": 0.18888888888888888,
      "oscillation_ratio": 0.09207343008451473,
      "attainment_ratio": 1.0322751322751322,
      "rail_hit_ratio": 0.12777777777777777,
      "pwm_chatter_ratio": 0.20072751322751323,
      "tail_mean_abs_error": 13.071428571428571,
      "tail_pwm_jump_abs": 1406.6904761904761,
      "terminal_requirements_ok": false,
      "pwm_limit_reasonable": false,
      "pwm_limit_note": "terminal steady-state gate failed (tail error or PWM jump exceeded limits)",
      "weighted_score": Infinity
    },
    "right": {
      "wheel": "right",
      "sample_count": 56,
      "mean_abs_error": 18.803571428571427,
      "p95_abs_error": 30.0,
      "overshoot_peak": 11.0,
      "settle_delay_s": 1.55,
      "pwm_settle_delay_s": 1.313095238095238,
      "saturation_ratio": 0.0,
      "steady_abs_error_ratio": 0.1783068783068783,
      "p95_error_ratio": 0.26809523809523805,
      "settle_time_ratio": 1.0,
      "pwm_settle_time_ratio": 0.8533392671900609,
      "overshoot_ratio": 0.03492063492063492,
      "oscillation_ratio": 0.05365810925129931,
      "attainment_ratio": 0.8216931216931216,
      "rail_hit_ratio": 0.0,
      "pwm_chatter_ratio": 0.0,
      "tail_mean_abs_error": 19.246031746031747,
      "tail_pwm_jump_abs": 823.452380952381,
      "terminal_requirements_ok": false,
      "pwm_limit_reasonable": false,
      "pwm_limit_note": "terminal steady-state gate failed (tail error or PWM jump exceeded limits)",
      "weighted_score": Infinity
    }
  },
  "csv_path": "/home/madejuele/projects/2K0300/new/verification/auto-wheel-pid/20260422T143235Z/round-032-left-p/attempt-01/telemetry.csv",
  "host_log_path": "/home/madejuele/projects/2K0300/new/verification/auto-wheel-pid/20260422T143235Z/round-032-left-p/attempt-01/host.log",
  "board_log_path": "/home/madejuele/projects/2K0300/new/verification/auto-wheel-pid/20260422T143235Z/round-032-left-p/attempt-01/board.log",
  "params_path": "/home/madejuele/projects/2K0300/new/verification/auto-wheel-pid/20260422T143235Z/round-032-left-p/attempt-01/params.json",
  "tuning_exit_code": 0,
  "receiver_error": null,
  "ack_complete": true,
  "snapshot_cleared_seen": true,
  "board_markers_ok": true,
  "unexpected_failsafe": false,
  "runtime_error": null,
  "accepted": false,
  "accepted_reason": "left score 143.353846 did not beat 51.744817 by 5%"
}
