{
  "name": "round-001-p-screen",
  "candidate_label": "left-p=68.000000; right-p=94.000000",
  "wheel_scores": {
    "left": {
      "wheel": "left",
      "sample_count": 19,
      "mean_abs_error": 4.947368421052632,
      "p95_abs_error": 10.299999999999994,
      "overshoot_peak": 13.0,
      "settle_delay_s": 0.06899999999999999,
      "pwm_settle_delay_s": 0.9276666666666666,
      "saturation_ratio": 0.0,
      "steady_abs_error_ratio": 0.04126984126984127,
      "p95_error_ratio": 0.08317460317460318,
      "settle_time_ratio": 0.047573083287369,
      "pwm_settle_time_ratio": 0.809477845192131,
      "overshoot_ratio": 0.08888888888888889,
      "oscillation_ratio": 0.03157187711173885,
      "attainment_ratio": 1.0264550264550265,
      "rail_hit_ratio": 0.0,
      "pwm_chatter_ratio": 0.0,
      "tail_mean_abs_error": 4.26984126984127,
      "tail_pwm_jump_abs": 441.8095238095238,
      "terminal_requirements_ok": true,
      "pwm_limit_reasonable": true,
      "pwm_limit_note": "PWM limit is not a visible constraint in this round",
      "weighted_score": 1.05660822650507
    },
    "right": {
      "wheel": "right",
      "sample_count": 19,
      "mean_abs_error": 7.631578947368421,
      "p95_abs_error": 17.999999999999957,
      "overshoot_peak": 16.0,
      "settle_delay_s": 0.41433333333333333,
      "pwm_settle_delay_s": 0.9276666666666666,
      "saturation_ratio": 0.05263157894736842,
      "steady_abs_error_ratio": 0.06455026455026455,
      "p95_error_ratio": 0.17269841269841268,
      "settle_time_ratio": 0.30987055016181225,
      "pwm_settle_time_ratio": 0.809477845192131,
      "overshoot_ratio": 0.11746031746031746,
      "oscillation_ratio": 0.06298849667516138,
      "attainment_ratio": 1.0179894179894178,
      "rail_hit_ratio": 0.05263157894736842,
      "pwm_chatter_ratio": 0.0,
      "tail_mean_abs_error": 6.4603174603174605,
      "tail_pwm_jump_abs": 544.6190476190476,
      "terminal_requirements_ok": true,
      "pwm_limit_reasonable": true,
      "pwm_limit_note": "PWM limit is reachable in this round, but not the dominant issue by itself",
      "weighted_score": 1.4034065368672977
    }
  },
  "csv_path": "/home/madejuele/projects/2K0300/new/verification/auto-wheel-pid/20260423T125309Z/round-001-p-screen/attempt-01/telemetry.csv",
  "host_log_path": "/home/madejuele/projects/2K0300/new/verification/auto-wheel-pid/20260423T125309Z/round-001-p-screen/attempt-01/host.log",
  "board_log_path": "/home/madejuele/projects/2K0300/new/verification/auto-wheel-pid/20260423T125309Z/round-001-p-screen/attempt-01/board.log",
  "params_path": "/home/madejuele/projects/2K0300/new/verification/auto-wheel-pid/20260423T125309Z/round-001-p-screen/attempt-01/params.json",
  "tuning_exit_code": 0,
  "receiver_error": null,
  "ack_complete": true,
  "snapshot_cleared_seen": true,
  "board_markers_ok": true,
  "unexpected_failsafe": false,
  "runtime_error": null,
  "accepted": false,
  "accepted_reason": "screen left score improved from inf to 1.056608; pending confirmation; screen right score improved from inf to 1.403407; pending confirmation"
}
