{
  "name": "round-005-p-screen",
  "candidate_label": "left-p=141.000000; right-p=87.000000",
  "wheel_scores": {
    "left": {
      "wheel": "left",
      "sample_count": 22,
      "mean_abs_error": 9.363636363636363,
      "p95_abs_error": 16.95,
      "overshoot_peak": 14.0,
      "settle_delay_s": 0.4286666666666667,
      "pwm_settle_delay_s": 1.180809523809524,
      "saturation_ratio": 0.045454545454545456,
      "steady_abs_error_ratio": 0.10793650793650794,
      "p95_error_ratio": 0.1493650793650793,
      "settle_time_ratio": 0.42857142857142855,
      "pwm_settle_time_ratio": 1.0,
      "overshoot_ratio": 0.06984126984126984,
      "oscillation_ratio": 0.047334802463851536,
      "attainment_ratio": 0.8920634920634921,
      "rail_hit_ratio": 0.045454545454545456,
      "pwm_chatter_ratio": 0.0,
      "tail_mean_abs_error": 11.365079365079366,
      "tail_pwm_jump_abs": 361.6190476190476,
      "terminal_requirements_ok": true,
      "pwm_limit_reasonable": true,
      "pwm_limit_note": "within current wheel-PID test envelope",
      "weighted_score": 1.554178378205569
    },
    "right": {
      "wheel": "right",
      "sample_count": 22,
      "mean_abs_error": 15.863636363636363,
      "p95_abs_error": 24.95,
      "overshoot_peak": 0.0,
      "settle_delay_s": 1.1636666666666666,
      "pwm_settle_delay_s": 1.180809523809524,
      "saturation_ratio": 0.0,
      "steady_abs_error_ratio": 0.14074074074074075,
      "p95_error_ratio": 0.21936507936507935,
      "settle_time_ratio": 1.0,
      "pwm_settle_time_ratio": 1.0,
      "overshoot_ratio": 0.0,
      "oscillation_ratio": 0.037243423713534,
      "attainment_ratio": 0.8592592592592593,
      "rail_hit_ratio": 0.0,
      "pwm_chatter_ratio": 0.0,
      "tail_mean_abs_error": 15.158730158730158,
      "tail_pwm_jump_abs": 358.04761904761904,
      "terminal_requirements_ok": true,
      "pwm_limit_reasonable": true,
      "pwm_limit_note": "within current wheel-PID test envelope",
      "weighted_score": 1.7594153476623589
    }
  },
  "csv_path": "/home/madejuele/projects/2K0300/new/verification/auto-wheel-pid/20260423T042856Z/round-005-p-screen/attempt-01/telemetry.csv",
  "host_log_path": "/home/madejuele/projects/2K0300/new/verification/auto-wheel-pid/20260423T042856Z/round-005-p-screen/attempt-01/host.log",
  "board_log_path": "/home/madejuele/projects/2K0300/new/verification/auto-wheel-pid/20260423T042856Z/round-005-p-screen/attempt-01/board.log",
  "params_path": "/home/madejuele/projects/2K0300/new/verification/auto-wheel-pid/20260423T042856Z/round-005-p-screen/attempt-01/params.json",
  "tuning_exit_code": 0,
  "receiver_error": null,
  "ack_complete": true,
  "snapshot_cleared_seen": true,
  "board_markers_ok": true,
  "unexpected_failsafe": false,
  "runtime_error": null,
  "accepted": false,
  "accepted_reason": "screen left score improved from inf to 1.554178; pending confirmation; screen right score 1.759415 did not beat 1.215166 by 5%"
}
