{
  "name": "round-005-d-screen",
  "candidate_label": "left-d=0.625000; right-d=0.625000",
  "wheel_scores": {
    "left": {
      "wheel": "left",
      "sample_count": 29,
      "mean_abs_error": 14.03448275862069,
      "p95_abs_error": 27.799999999999994,
      "overshoot_peak": 26.0,
      "settle_delay_s": 1.0516666666666667,
      "pwm_settle_delay_s": 1.354142857142857,
      "saturation_ratio": 0.13793103448275862,
      "steady_abs_error_ratio": 0.15555555555555556,
      "p95_error_ratio": 0.24952380952380945,
      "settle_time_ratio": 0.5714285714285714,
      "pwm_settle_time_ratio": 0.8414589182903656,
      "overshoot_ratio": 0.15873015873015872,
      "oscillation_ratio": 0.10152438590227836,
      "attainment_ratio": 0.9862433862433861,
      "rail_hit_ratio": 0.1037037037037037,
      "pwm_chatter_ratio": 0.13095238095238096,
      "tail_mean_abs_error": 16.11111111111111,
      "tail_pwm_jump_abs": 1861.4761904761904,
      "terminal_requirements_ok": false,
      "pwm_limit_reasonable": false,
      "pwm_limit_note": "terminal steady-state gate failed (tail error or PWM jump exceeded limits)",
      "weighted_score": Infinity
    },
    "right": {
      "wheel": "right",
      "sample_count": 29,
      "mean_abs_error": 17.06896551724138,
      "p95_abs_error": 25.39999999999999,
      "overshoot_peak": 0.0,
      "settle_delay_s": 1.6183333333333334,
      "pwm_settle_delay_s": 1.0529047619047618,
      "saturation_ratio": 0.034482758620689655,
      "steady_abs_error_ratio": 0.15449735449735452,
      "p95_error_ratio": 0.24158730158730152,
      "settle_time_ratio": 1.0,
      "pwm_settle_time_ratio": 0.666218487394958,
      "overshoot_ratio": 0.0,
      "oscillation_ratio": 0.04961943429376465,
      "attainment_ratio": 0.8455026455026454,
      "rail_hit_ratio": 0.0,
      "pwm_chatter_ratio": 0.0,
      "tail_mean_abs_error": 16.03174603174603,
      "tail_pwm_jump_abs": 991.3809523809524,
      "terminal_requirements_ok": false,
      "pwm_limit_reasonable": false,
      "pwm_limit_note": "terminal steady-state gate failed (tail error or PWM jump exceeded limits)",
      "weighted_score": Infinity
    }
  },
  "csv_path": "/home/madejuele/projects/2K0300/new/verification/auto-wheel-pid/20260423T012139Z/round-005-d-screen/attempt-01/telemetry.csv",
  "host_log_path": "/home/madejuele/projects/2K0300/new/verification/auto-wheel-pid/20260423T012139Z/round-005-d-screen/attempt-01/host.log",
  "board_log_path": "/home/madejuele/projects/2K0300/new/verification/auto-wheel-pid/20260423T012139Z/round-005-d-screen/attempt-01/board.log",
  "params_path": "/home/madejuele/projects/2K0300/new/verification/auto-wheel-pid/20260423T012139Z/round-005-d-screen/attempt-01/params.json",
  "tuning_exit_code": 0,
  "receiver_error": null,
  "ack_complete": true,
  "snapshot_cleared_seen": true,
  "board_markers_ok": true,
  "unexpected_failsafe": false,
  "runtime_error": null,
  "accepted": false,
  "accepted_reason": "screen left terminal gate failed: tail PWM jump 1861.476 > 800.000; screen right terminal gate failed: tail PWM jump 991.381 > 800.000"
}
