{
  "name": "round-007-p-screen",
  "candidate_label": "left-p=139.000000",
  "wheel_scores": {
    "left": {
      "wheel": "left",
      "sample_count": 29,
      "mean_abs_error": 13.448275862068966,
      "p95_abs_error": 24.599999999999998,
      "overshoot_peak": 24.0,
      "settle_delay_s": 1.163,
      "pwm_settle_delay_s": 1.4434761904761904,
      "saturation_ratio": 0.2413793103448276,
      "steady_abs_error_ratio": 0.1343915343915344,
      "p95_error_ratio": 0.22714285714285715,
      "settle_time_ratio": 0.7094883930583729,
      "pwm_settle_time_ratio": 0.9091614906832297,
      "overshoot_ratio": 0.18095238095238095,
      "oscillation_ratio": 0.10740445052495706,
      "attainment_ratio": 0.9693121693121695,
      "rail_hit_ratio": 0.20689655172413793,
      "pwm_chatter_ratio": 0.14219576719576718,
      "tail_mean_abs_error": 13.285714285714286,
      "tail_pwm_jump_abs": 1482.6190476190477,
      "terminal_requirements_ok": false,
      "pwm_limit_reasonable": false,
      "pwm_limit_note": "terminal steady-state gate failed (tail error or PWM jump exceeded limits)",
      "weighted_score": Infinity
    },
    "right": {
      "wheel": "right",
      "sample_count": 29,
      "mean_abs_error": 13.413793103448276,
      "p95_abs_error": 24.0,
      "overshoot_peak": 29.0,
      "settle_delay_s": 1.5926666666666667,
      "pwm_settle_delay_s": 1.593904761904762,
      "saturation_ratio": 0.0,
      "steady_abs_error_ratio": 0.09417989417989418,
      "p95_error_ratio": 0.23269841269841265,
      "settle_time_ratio": 1.0,
      "pwm_settle_time_ratio": 1.0,
      "overshoot_ratio": 0.09206349206349207,
      "oscillation_ratio": 0.049534387516695325,
      "attainment_ratio": 0.9058201058201057,
      "rail_hit_ratio": 0.0,
      "pwm_chatter_ratio": 0.0,
      "tail_mean_abs_error": 10.587301587301587,
      "tail_pwm_jump_abs": 1074.2857142857142,
      "terminal_requirements_ok": false,
      "pwm_limit_reasonable": false,
      "pwm_limit_note": "terminal steady-state gate failed (tail error or PWM jump exceeded limits)",
      "weighted_score": Infinity
    }
  },
  "csv_path": "/home/madejuele/projects/2K0300/new/verification/auto-wheel-pid/20260423T010159Z/round-007-p-screen/attempt-01/telemetry.csv",
  "host_log_path": "/home/madejuele/projects/2K0300/new/verification/auto-wheel-pid/20260423T010159Z/round-007-p-screen/attempt-01/host.log",
  "board_log_path": "/home/madejuele/projects/2K0300/new/verification/auto-wheel-pid/20260423T010159Z/round-007-p-screen/attempt-01/board.log",
  "params_path": "/home/madejuele/projects/2K0300/new/verification/auto-wheel-pid/20260423T010159Z/round-007-p-screen/attempt-01/params.json",
  "tuning_exit_code": 0,
  "receiver_error": null,
  "ack_complete": true,
  "snapshot_cleared_seen": true,
  "board_markers_ok": true,
  "unexpected_failsafe": false,
  "runtime_error": null,
  "accepted": false,
  "accepted_reason": "screen left terminal gate failed: tail PWM jump 1482.619 > 800.000"
}
