{
  "name": "left-p139-repeat-01",
  "candidate_label": "left-p=139.000000; right-p=85.000000; right-alpha=0.400000",
  "wheel_scores": {
    "left": {
      "wheel": "left",
      "sample_count": 57,
      "mean_abs_error": 11.333333333333334,
      "p95_abs_error": 23.999999999999957,
      "overshoot_peak": 49.0,
      "settle_delay_s": 0.7373333333333334,
      "pwm_settle_delay_s": 0.900904761904762,
      "saturation_ratio": 0.0,
      "steady_abs_error_ratio": 0.09365079365079365,
      "p95_error_ratio": 0.2219841269841269,
      "settle_time_ratio": 0.4387111239012148,
      "pwm_settle_time_ratio": 0.5554881746513037,
      "overshoot_ratio": 0.1365079365079365,
      "oscillation_ratio": 0.04644983318485097,
      "attainment_ratio": 0.9243386243386243,
      "rail_hit_ratio": 0.0,
      "pwm_chatter_ratio": 0.0,
      "tail_mean_abs_error": 10.055555555555555,
      "tail_pwm_jump_abs": 484.3333333333333,
      "terminal_requirements_ok": false,
      "pwm_limit_reasonable": false,
      "pwm_limit_note": "terminal steady-state gate failed (tail error or PWM jump exceeded limits)",
      "weighted_score": Infinity
    },
    "right": {
      "wheel": "right",
      "sample_count": 57,
      "mean_abs_error": 15.631578947368421,
      "p95_abs_error": 25.39999999999999,
      "overshoot_peak": 22.0,
      "settle_delay_s": 1.5668333333333333,
      "pwm_settle_delay_s": 1.3001428571428573,
      "saturation_ratio": 0.017543859649122806,
      "steady_abs_error_ratio": 0.15767195767195769,
      "p95_error_ratio": 0.21499999999999997,
      "settle_time_ratio": 1.0,
      "pwm_settle_time_ratio": 0.8333333333333334,
      "overshoot_ratio": 0.03492063492063492,
      "oscillation_ratio": 0.029512151646113073,
      "attainment_ratio": 0.8423280423280423,
      "rail_hit_ratio": 0.017543859649122806,
      "pwm_chatter_ratio": 0.0,
      "tail_mean_abs_error": 17.063492063492063,
      "tail_pwm_jump_abs": 286.04761904761904,
      "terminal_requirements_ok": false,
      "pwm_limit_reasonable": false,
      "pwm_limit_note": "terminal steady-state gate failed (tail error or PWM jump exceeded limits)",
      "weighted_score": Infinity
    }
  },
  "csv_path": "/home/madejuele/projects/2K0300/new/verification/manual-probes/20260423T043419Z-left-p-repeat-validate/left-p139/repeat-01/attempt-01/telemetry.csv",
  "host_log_path": "/home/madejuele/projects/2K0300/new/verification/manual-probes/20260423T043419Z-left-p-repeat-validate/left-p139/repeat-01/attempt-01/host.log",
  "board_log_path": "/home/madejuele/projects/2K0300/new/verification/manual-probes/20260423T043419Z-left-p-repeat-validate/left-p139/repeat-01/attempt-01/board.log",
  "params_path": "/home/madejuele/projects/2K0300/new/verification/manual-probes/20260423T043419Z-left-p-repeat-validate/left-p139/repeat-01/attempt-01/params.json",
  "tuning_exit_code": 0,
  "receiver_error": null,
  "ack_complete": true,
  "snapshot_cleared_seen": true,
  "board_markers_ok": true,
  "unexpected_failsafe": false,
  "runtime_error": null,
  "accepted": false,
  "accepted_reason": ""
}
