{
  "name": "round-003-p-screen",
  "candidate_label": "left-p=92.000000; right-p=92.000000",
  "wheel_scores": {
    "left": {
      "wheel": "left",
      "sample_count": 19,
      "mean_abs_error": 3.3684210526315788,
      "p95_abs_error": 6.199999999999996,
      "overshoot_peak": 5.0,
      "settle_delay_s": 0.06966666666666667,
      "pwm_settle_delay_s": 0.6846190476190476,
      "saturation_ratio": 0.0,
      "steady_abs_error_ratio": 0.033862433862433865,
      "p95_error_ratio": 0.051587301587301584,
      "settle_time_ratio": 0.048548199767711964,
      "pwm_settle_time_ratio": 0.6666666666666666,
      "overshoot_ratio": 0.04126984126984127,
      "oscillation_ratio": 0.028126601963407234,
      "attainment_ratio": 1.0042328042328044,
      "rail_hit_ratio": 0.0,
      "pwm_chatter_ratio": 0.0,
      "tail_mean_abs_error": 3.4285714285714284,
      "tail_pwm_jump_abs": 622.1904761904761,
      "terminal_requirements_ok": true,
      "pwm_limit_reasonable": true,
      "pwm_limit_note": "PWM limit is not a visible constraint in this round",
      "weighted_score": 0.909336856866879
    },
    "right": {
      "wheel": "right",
      "sample_count": 19,
      "mean_abs_error": 5.421052631578948,
      "p95_abs_error": 15.499999999999968,
      "overshoot_peak": 29.0,
      "settle_delay_s": 0.2773333333333333,
      "pwm_settle_delay_s": 1.0922857142857145,
      "saturation_ratio": 0.0,
      "steady_abs_error_ratio": 0.03386243386243386,
      "p95_error_ratio": 0.14634920634920634,
      "settle_time_ratio": 0.3082758262268559,
      "pwm_settle_time_ratio": 1.0,
      "overshoot_ratio": 0.16825396825396827,
      "oscillation_ratio": 0.03885025360047028,
      "attainment_ratio": 1.0084656084656085,
      "rail_hit_ratio": 0.0,
      "pwm_chatter_ratio": 0.0,
      "tail_mean_abs_error": 3.5555555555555554,
      "tail_pwm_jump_abs": 719.047619047619,
      "terminal_requirements_ok": false,
      "pwm_limit_reasonable": false,
      "pwm_limit_note": "terminal steady-state gate failed (tail error or PWM jump exceeded limits)",
      "weighted_score": Infinity
    }
  },
  "csv_path": "/home/madejuele/projects/2K0300/new/verification/auto-wheel-pid/20260423T124827Z/round-003-p-screen/attempt-01/telemetry.csv",
  "host_log_path": "/home/madejuele/projects/2K0300/new/verification/auto-wheel-pid/20260423T124827Z/round-003-p-screen/attempt-01/host.log",
  "board_log_path": "/home/madejuele/projects/2K0300/new/verification/auto-wheel-pid/20260423T124827Z/round-003-p-screen/attempt-01/board.log",
  "params_path": "/home/madejuele/projects/2K0300/new/verification/auto-wheel-pid/20260423T124827Z/round-003-p-screen/attempt-01/params.json",
  "tuning_exit_code": 0,
  "receiver_error": null,
  "ack_complete": true,
  "snapshot_cleared_seen": true,
  "board_markers_ok": true,
  "unexpected_failsafe": false,
  "runtime_error": null,
  "accepted": false,
  "accepted_reason": "screen left score 0.909337 did not beat 0.829382 by 5%; screen right terminal gate failed: terminal gate failed"
}
