{
  "name": "round-006-i-confirm",
  "candidate_label": "right-i=2.200000",
  "wheel_scores": {
    "left": {
      "wheel": "left",
      "sample_count": 50,
      "mean_abs_error": 5.2,
      "p95_abs_error": 13.549999999999997,
      "overshoot_peak": 48.0,
      "settle_delay_s": 0.2445,
      "pwm_settle_delay_s": 0.9118095238095238,
      "saturation_ratio": 0.04,
      "steady_abs_error_ratio": 0.04285714285714286,
      "p95_error_ratio": 0.1321428571428571,
      "settle_time_ratio": 0.17919297318879077,
      "pwm_settle_time_ratio": 0.5942287879354984,
      "overshoot_ratio": 0.14444444444444443,
      "oscillation_ratio": 0.026965521508326862,
      "attainment_ratio": 1.0005291005291006,
      "rail_hit_ratio": 0.026785714285714284,
      "pwm_chatter_ratio": 0.0,
      "tail_mean_abs_error": 4.785714285714286,
      "tail_pwm_jump_abs": 571.6904761904761,
      "terminal_requirements_ok": false,
      "pwm_limit_reasonable": false,
      "pwm_limit_note": "terminal steady-state gate failed (tail error or PWM jump exceeded limits)",
      "weighted_score": Infinity
    },
    "right": {
      "wheel": "right",
      "sample_count": 50,
      "mean_abs_error": 5.6,
      "p95_abs_error": 11.549999999999997,
      "overshoot_peak": 23.0,
      "settle_delay_s": 0.1405,
      "pwm_settle_delay_s": 1.0032380952380953,
      "saturation_ratio": 0.0,
      "steady_abs_error_ratio": 0.04021164021164021,
      "p95_error_ratio": 0.10730158730158727,
      "settle_time_ratio": 0.07643501536631307,
      "pwm_settle_time_ratio": 0.6695939483523172,
      "overshoot_ratio": 0.10317460317460317,
      "oscillation_ratio": 0.03772108156634299,
      "attainment_ratio": 0.9915343915343915,
      "rail_hit_ratio": 0.0,
      "pwm_chatter_ratio": 0.0,
      "tail_mean_abs_error": 4.571428571428571,
      "tail_pwm_jump_abs": 762.547619047619,
      "terminal_requirements_ok": false,
      "pwm_limit_reasonable": false,
      "pwm_limit_note": "terminal steady-state gate failed (tail error or PWM jump exceeded limits)",
      "weighted_score": Infinity
    }
  },
  "csv_path": "/home/madejuele/projects/2K0300/new/verification/auto-wheel-pid/20260423T123622Z/round-006-i-confirm/attempt-01/telemetry.csv",
  "host_log_path": "/home/madejuele/projects/2K0300/new/verification/auto-wheel-pid/20260423T123622Z/round-006-i-confirm/attempt-01/host.log",
  "board_log_path": "/home/madejuele/projects/2K0300/new/verification/auto-wheel-pid/20260423T123622Z/round-006-i-confirm/attempt-01/board.log",
  "params_path": "/home/madejuele/projects/2K0300/new/verification/auto-wheel-pid/20260423T123622Z/round-006-i-confirm/attempt-01/params.json",
  "tuning_exit_code": 0,
  "receiver_error": null,
  "ack_complete": true,
  "snapshot_cleared_seen": true,
  "board_markers_ok": true,
  "unexpected_failsafe": false,
  "runtime_error": null,
  "accepted": false,
  "accepted_reason": "confirm right terminal gate failed: terminal gate failed"
}
