{
  "name": "round-002-p-confirm",
  "candidate_label": "left-p=100.500000; right-p=100.500000",
  "wheel_scores": {
    "left": {
      "wheel": "left",
      "sample_count": 51,
      "mean_abs_error": 15.431372549019608,
      "p95_abs_error": 23.5,
      "overshoot_peak": 13.0,
      "settle_delay_s": 1.3964999999999999,
      "pwm_settle_delay_s": 0.959,
      "saturation_ratio": 0.0,
      "steady_abs_error_ratio": 0.1417989417989418,
      "p95_error_ratio": 0.20261904761904762,
      "settle_time_ratio": 0.8922723728666725,
      "pwm_settle_time_ratio": 0.6378136172237965,
      "overshoot_ratio": 0.020634920634920634,
      "oscillation_ratio": 0.03495026934577869,
      "attainment_ratio": 0.8582010582010582,
      "rail_hit_ratio": 0.0,
      "pwm_chatter_ratio": 0.0,
      "tail_mean_abs_error": 15.253968253968255,
      "tail_pwm_jump_abs": 449.6904761904762,
      "terminal_requirements_ok": true,
      "pwm_limit_reasonable": true,
      "pwm_limit_note": "within current wheel-PID test envelope",
      "weighted_score": 1.2609774813175185
    },
    "right": {
      "wheel": "right",
      "sample_count": 51,
      "mean_abs_error": 13.666666666666666,
      "p95_abs_error": 21.0,
      "overshoot_peak": 3.0,
      "settle_delay_s": 1.5346666666666666,
      "pwm_settle_delay_s": 1.2987142857142857,
      "saturation_ratio": 0.0,
      "steady_abs_error_ratio": 0.12962962962962965,
      "p95_error_ratio": 0.19063492063492063,
      "settle_time_ratio": 1.0,
      "pwm_settle_time_ratio": 0.8333333333333334,
      "overshoot_ratio": 0.004761904761904762,
      "oscillation_ratio": 0.040761637327590035,
      "attainment_ratio": 0.8703703703703705,
      "rail_hit_ratio": 0.0,
      "pwm_chatter_ratio": 0.0,
      "tail_mean_abs_error": 13.674603174603174,
      "tail_pwm_jump_abs": 705.6666666666666,
      "terminal_requirements_ok": false,
      "pwm_limit_reasonable": false,
      "pwm_limit_note": "terminal steady-state gate failed (tail error or PWM jump exceeded limits)",
      "weighted_score": Infinity
    }
  },
  "csv_path": "/home/madejuele/projects/2K0300/new/verification/auto-wheel-pid/20260423T114214Z/round-002-p-confirm/attempt-01/telemetry.csv",
  "host_log_path": "/home/madejuele/projects/2K0300/new/verification/auto-wheel-pid/20260423T114214Z/round-002-p-confirm/attempt-01/host.log",
  "board_log_path": "/home/madejuele/projects/2K0300/new/verification/auto-wheel-pid/20260423T114214Z/round-002-p-confirm/attempt-01/board.log",
  "params_path": "/home/madejuele/projects/2K0300/new/verification/auto-wheel-pid/20260423T114214Z/round-002-p-confirm/attempt-01/params.json",
  "tuning_exit_code": 0,
  "receiver_error": null,
  "ack_complete": true,
  "snapshot_cleared_seen": true,
  "board_markers_ok": true,
  "unexpected_failsafe": false,
  "runtime_error": null,
  "accepted": true,
  "accepted_reason": "left score improved from inf to 1.260977; selected best candidate after paired screen+confirm at left-p=100.500000"
}
