{
  "name": "baseline",
  "candidate_label": "current-working-params",
  "wheel_scores": {
    "left": {
      "wheel": "left",
      "sample_count": 29,
      "mean_abs_error": 11.96551724137931,
      "p95_abs_error": 28.599999999999998,
      "overshoot_peak": 35.0,
      "settle_delay_s": 0.9956666666666667,
      "pwm_settle_delay_s": 1.1927619047619047,
      "saturation_ratio": 0.034482758620689655,
      "steady_abs_error_ratio": 0.1365079365079365,
      "p95_error_ratio": 0.23492063492063492,
      "settle_time_ratio": 0.5767414196976536,
      "pwm_settle_time_ratio": 0.7422113622480146,
      "overshoot_ratio": 0.24126984126984127,
      "oscillation_ratio": 0.14021313959218498,
      "attainment_ratio": 1.0412698412698413,
      "rail_hit_ratio": 0.04285714285714286,
      "pwm_chatter_ratio": 0.047619047619047616,
      "tail_mean_abs_error": 14.714285714285714,
      "tail_pwm_jump_abs": 1785.7142857142858,
      "terminal_requirements_ok": false,
      "pwm_limit_reasonable": false,
      "pwm_limit_note": "terminal steady-state gate failed (tail error or PWM jump exceeded limits)",
      "weighted_score": Infinity
    },
    "right": {
      "wheel": "right",
      "sample_count": 29,
      "mean_abs_error": 18.75862068965517,
      "p95_abs_error": 26.0,
      "overshoot_peak": 0.0,
      "settle_delay_s": 1.596,
      "pwm_settle_delay_s": 1.4924285714285714,
      "saturation_ratio": 0.0,
      "steady_abs_error_ratio": 0.18835978835978837,
      "p95_error_ratio": 0.24746031746031744,
      "settle_time_ratio": 1.0,
      "pwm_settle_time_ratio": 0.9252698024842191,
      "overshoot_ratio": 0.0,
      "oscillation_ratio": 0.02250556518769213,
      "attainment_ratio": 0.8116402116402116,
      "rail_hit_ratio": 0.0,
      "pwm_chatter_ratio": 0.0,
      "tail_mean_abs_error": 18.571428571428573,
      "tail_pwm_jump_abs": 388.57142857142856,
      "terminal_requirements_ok": false,
      "pwm_limit_reasonable": false,
      "pwm_limit_note": "terminal steady-state gate failed (tail error or PWM jump exceeded limits)",
      "weighted_score": Infinity
    }
  },
  "csv_path": "/home/madejuele/projects/2K0300/new/verification/auto-wheel-pid/20260423T004635Z/baseline/attempt-01/telemetry.csv",
  "host_log_path": "/home/madejuele/projects/2K0300/new/verification/auto-wheel-pid/20260423T004635Z/baseline/attempt-01/host.log",
  "board_log_path": "/home/madejuele/projects/2K0300/new/verification/auto-wheel-pid/20260423T004635Z/baseline/attempt-01/board.log",
  "params_path": "/home/madejuele/projects/2K0300/new/verification/auto-wheel-pid/20260423T004635Z/baseline/attempt-01/params.json",
  "tuning_exit_code": 0,
  "receiver_error": null,
  "ack_complete": true,
  "snapshot_cleared_seen": true,
  "board_markers_ok": true,
  "unexpected_failsafe": false,
  "runtime_error": null,
  "accepted": true,
  "accepted_reason": "baseline"
}
