{
  "name": "round-012-i-screen",
  "candidate_label": "left-i=6.000000; right-i=6.000000",
  "wheel_scores": {
    "left": {
      "wheel": "left",
      "sample_count": 29,
      "mean_abs_error": 11.448275862068966,
      "p95_abs_error": 23.799999999999994,
      "overshoot_peak": 26.0,
      "settle_delay_s": 1.1673333333333333,
      "pwm_settle_delay_s": 1.5588095238095239,
      "saturation_ratio": 0.20689655172413793,
      "steady_abs_error_ratio": 0.1164021164021164,
      "p95_error_ratio": 0.20380952380952377,
      "settle_time_ratio": 0.7138587652634276,
      "pwm_settle_time_ratio": 1.0,
      "overshoot_ratio": 0.20317460317460317,
      "oscillation_ratio": 0.11794099178578257,
      "attainment_ratio": 0.9534391534391534,
      "rail_hit_ratio": 0.1492063492063492,
      "pwm_chatter_ratio": 0.30357142857142855,
      "tail_mean_abs_error": 12.126984126984127,
      "tail_pwm_jump_abs": 2915.4285714285716,
      "terminal_requirements_ok": false,
      "pwm_limit_reasonable": false,
      "pwm_limit_note": "terminal steady-state gate failed (tail error or PWM jump exceeded limits)",
      "weighted_score": Infinity
    },
    "right": {
      "wheel": "right",
      "sample_count": 29,
      "mean_abs_error": 6.689655172413793,
      "p95_abs_error": 20.39999999999998,
      "overshoot_peak": 30.0,
      "settle_delay_s": 0.5663333333333334,
      "pwm_settle_delay_s": 1.0674761904761905,
      "saturation_ratio": 0.0,
      "steady_abs_error_ratio": 0.04656084656084657,
      "p95_error_ratio": 0.17047619047619045,
      "settle_time_ratio": 0.40078565401766986,
      "pwm_settle_time_ratio": 0.6666666666666666,
      "overshoot_ratio": 0.14603174603174604,
      "oscillation_ratio": 0.051897933674119295,
      "attainment_ratio": 0.9851851851851853,
      "rail_hit_ratio": 0.0,
      "pwm_chatter_ratio": 0.0,
      "tail_mean_abs_error": 4.920634920634921,
      "tail_pwm_jump_abs": 1021.8571428571429,
      "terminal_requirements_ok": false,
      "pwm_limit_reasonable": false,
      "pwm_limit_note": "terminal steady-state gate failed (tail error or PWM jump exceeded limits)",
      "weighted_score": Infinity
    }
  },
  "csv_path": "/home/madejuele/projects/2K0300/new/verification/auto-wheel-pid/20260423T021240Z/round-012-i-screen/attempt-01/telemetry.csv",
  "host_log_path": "/home/madejuele/projects/2K0300/new/verification/auto-wheel-pid/20260423T021240Z/round-012-i-screen/attempt-01/host.log",
  "board_log_path": "/home/madejuele/projects/2K0300/new/verification/auto-wheel-pid/20260423T021240Z/round-012-i-screen/attempt-01/board.log",
  "params_path": "/home/madejuele/projects/2K0300/new/verification/auto-wheel-pid/20260423T021240Z/round-012-i-screen/attempt-01/params.json",
  "tuning_exit_code": 0,
  "receiver_error": null,
  "ack_complete": true,
  "snapshot_cleared_seen": true,
  "board_markers_ok": true,
  "unexpected_failsafe": false,
  "runtime_error": null,
  "accepted": false,
  "accepted_reason": "screen left terminal gate failed: tail PWM jump 2915.429 > 800.000; screen right terminal gate failed: tail PWM jump 1021.857 > 800.000"
}
