{
  "name": "baseline",
  "candidate_label": "current-working-params",
  "wheel_scores": {
    "left": {
      "wheel": "left",
      "sample_count": 51,
      "mean_abs_error": 15.529411764705882,
      "p95_abs_error": 22.0,
      "overshoot_peak": 11.0,
      "settle_delay_s": 1.5198333333333334,
      "pwm_settle_delay_s": 0.7356428571428572,
      "saturation_ratio": 0.0,
      "steady_abs_error_ratio": 0.14338624338624337,
      "p95_error_ratio": 0.1942063492063492,
      "settle_time_ratio": 1.0,
      "pwm_settle_time_ratio": 0.4862836854986834,
      "overshoot_ratio": 0.03333333333333333,
      "oscillation_ratio": 0.030157447822759482,
      "attainment_ratio": 0.8566137566137566,
      "rail_hit_ratio": 0.0,
      "pwm_chatter_ratio": 0.0,
      "tail_mean_abs_error": 15.15079365079365,
      "tail_pwm_jump_abs": 416.07142857142856,
      "terminal_requirements_ok": true,
      "pwm_limit_reasonable": true,
      "pwm_limit_note": "within current wheel-PID test envelope",
      "weighted_score": 0.8132986846925154
    },
    "right": {
      "wheel": "right",
      "sample_count": 51,
      "mean_abs_error": 13.627450980392156,
      "p95_abs_error": 22.5,
      "overshoot_peak": 4.0,
      "settle_delay_s": 1.5198333333333334,
      "pwm_settle_delay_s": 1.2888333333333333,
      "saturation_ratio": 0.0196078431372549,
      "steady_abs_error_ratio": 0.12380952380952381,
      "p95_error_ratio": 0.19571428571428567,
      "settle_time_ratio": 1.0,
      "pwm_settle_time_ratio": 0.8333333333333334,
      "overshoot_ratio": 0.006349206349206349,
      "oscillation_ratio": 0.04552858230758759,
      "attainment_ratio": 0.8761904761904762,
      "rail_hit_ratio": 0.023809523809523808,
      "pwm_chatter_ratio": 0.0,
      "tail_mean_abs_error": 13.603174603174603,
      "tail_pwm_jump_abs": 488.3809523809524,
      "terminal_requirements_ok": true,
      "pwm_limit_reasonable": true,
      "pwm_limit_note": "within current wheel-PID test envelope",
      "weighted_score": 1.5101211121990128
    }
  },
  "csv_path": "/home/madejuele/projects/2K0300/new/verification/auto-wheel-pid/20260423T113118Z/baseline/attempt-01/telemetry.csv",
  "host_log_path": "/home/madejuele/projects/2K0300/new/verification/auto-wheel-pid/20260423T113118Z/baseline/attempt-01/host.log",
  "board_log_path": "/home/madejuele/projects/2K0300/new/verification/auto-wheel-pid/20260423T113118Z/baseline/attempt-01/board.log",
  "params_path": "/home/madejuele/projects/2K0300/new/verification/auto-wheel-pid/20260423T113118Z/baseline/attempt-01/params.json",
  "tuning_exit_code": 0,
  "receiver_error": null,
  "ack_complete": true,
  "snapshot_cleared_seen": true,
  "board_markers_ok": true,
  "unexpected_failsafe": false,
  "runtime_error": null,
  "accepted": true,
  "accepted_reason": "baseline"
}
