{
  "name": "round-002-i-screen",
  "candidate_label": "left-i=1.000000; right-i=1.000000",
  "wheel_scores": {
    "left": {
      "wheel": "left",
      "sample_count": 29,
      "mean_abs_error": 15.10344827586207,
      "p95_abs_error": 33.39999999999999,
      "overshoot_peak": 41.0,
      "settle_delay_s": 0.609,
      "pwm_settle_delay_s": 0.8811428571428571,
      "saturation_ratio": 0.3103448275862069,
      "steady_abs_error_ratio": 0.14497354497354498,
      "p95_error_ratio": 0.2866666666666666,
      "settle_time_ratio": 0.4295694325634445,
      "pwm_settle_time_ratio": 0.5714285714285714,
      "overshoot_ratio": 0.2761904761904762,
      "oscillation_ratio": 0.08357068638423715,
      "attainment_ratio": 0.982010582010582,
      "rail_hit_ratio": 0.3682539682539683,
      "pwm_chatter_ratio": 0.13095238095238096,
      "tail_mean_abs_error": 16.523809523809526,
      "tail_pwm_jump_abs": 774.3333333333334,
      "terminal_requirements_ok": false,
      "pwm_limit_reasonable": false,
      "pwm_limit_note": "terminal steady-state gate failed (tail error or PWM jump exceeded limits)",
      "weighted_score": Infinity
    },
    "right": {
      "wheel": "right",
      "sample_count": 29,
      "mean_abs_error": 8.758620689655173,
      "p95_abs_error": 21.39999999999998,
      "overshoot_peak": 56.0,
      "settle_delay_s": 0.42333333333333334,
      "pwm_settle_delay_s": 0.8988571428571428,
      "saturation_ratio": 0.0,
      "steady_abs_error_ratio": 0.06349206349206349,
      "p95_error_ratio": 0.2277777777777776,
      "settle_time_ratio": 0.19456784041479924,
      "pwm_settle_time_ratio": 0.5429177319301584,
      "overshoot_ratio": 0.2761904761904762,
      "oscillation_ratio": 0.06533184584610396,
      "attainment_ratio": 0.9873015873015873,
      "rail_hit_ratio": 0.0,
      "pwm_chatter_ratio": 0.0,
      "tail_mean_abs_error": 6.888888888888889,
      "tail_pwm_jump_abs": 1420.5238095238096,
      "terminal_requirements_ok": false,
      "pwm_limit_reasonable": false,
      "pwm_limit_note": "terminal steady-state gate failed (tail error or PWM jump exceeded limits)",
      "weighted_score": Infinity
    }
  },
  "csv_path": "/home/madejuele/projects/2K0300/new/verification/auto-wheel-pid/20260423T021240Z/round-002-i-screen/attempt-01/telemetry.csv",
  "host_log_path": "/home/madejuele/projects/2K0300/new/verification/auto-wheel-pid/20260423T021240Z/round-002-i-screen/attempt-01/host.log",
  "board_log_path": "/home/madejuele/projects/2K0300/new/verification/auto-wheel-pid/20260423T021240Z/round-002-i-screen/attempt-01/board.log",
  "params_path": "/home/madejuele/projects/2K0300/new/verification/auto-wheel-pid/20260423T021240Z/round-002-i-screen/attempt-01/params.json",
  "tuning_exit_code": 0,
  "receiver_error": null,
  "ack_complete": true,
  "snapshot_cleared_seen": true,
  "board_markers_ok": true,
  "unexpected_failsafe": false,
  "runtime_error": null,
  "accepted": false,
  "accepted_reason": "screen left terminal gate failed: terminal gate failed; screen right terminal gate failed: tail PWM jump 1420.524 > 800.000"
}
