{
  "name": "round-002-i-screen",
  "candidate_label": "right-i=2.150000",
  "wheel_scores": {
    "left": {
      "wheel": "left",
      "sample_count": 19,
      "mean_abs_error": 4.2105263157894735,
      "p95_abs_error": 11.699999999999985,
      "overshoot_peak": 8.0,
      "settle_delay_s": 0.071,
      "pwm_settle_delay_s": 0.9192857142857143,
      "saturation_ratio": 0.10526315789473684,
      "steady_abs_error_ratio": 0.04338624338624338,
      "p95_error_ratio": 0.1006349206349206,
      "settle_time_ratio": 0.04938099874808736,
      "pwm_settle_time_ratio": 0.832208293153327,
      "overshoot_ratio": 0.06031746031746032,
      "oscillation_ratio": 0.050466607423309134,
      "attainment_ratio": 0.9925925925925925,
      "rail_hit_ratio": 0.10526315789473684,
      "pwm_chatter_ratio": 0.0,
      "tail_mean_abs_error": 4.523809523809524,
      "tail_pwm_jump_abs": 663.5714285714286,
      "terminal_requirements_ok": false,
      "pwm_limit_reasonable": false,
      "pwm_limit_note": "terminal steady-state gate failed (tail error or PWM jump exceeded limits)",
      "weighted_score": Infinity
    },
    "right": {
      "wheel": "right",
      "sample_count": 19,
      "mean_abs_error": 4.0,
      "p95_abs_error": 9.099999999999998,
      "overshoot_peak": 10.0,
      "settle_delay_s": 0.0,
      "pwm_settle_delay_s": 1.0932857142857142,
      "saturation_ratio": 0.0,
      "steady_abs_error_ratio": 0.03492063492063492,
      "p95_error_ratio": 0.08047619047619047,
      "settle_time_ratio": 0.0,
      "pwm_settle_time_ratio": 1.0,
      "overshoot_ratio": 0.07301587301587302,
      "oscillation_ratio": 0.039132399039552214,
      "attainment_ratio": 1.0095238095238095,
      "rail_hit_ratio": 0.0,
      "pwm_chatter_ratio": 0.0,
      "tail_mean_abs_error": 3.6031746031746033,
      "tail_pwm_jump_abs": 603.3333333333334,
      "terminal_requirements_ok": true,
      "pwm_limit_reasonable": true,
      "pwm_limit_note": "PWM limit is not a visible constraint in this round",
      "weighted_score": 1.3520592716499868
    }
  },
  "csv_path": "/home/madejuele/projects/2K0300/new/verification/auto-wheel-pid/20260423T124335Z/round-002-i-screen/attempt-01/telemetry.csv",
  "host_log_path": "/home/madejuele/projects/2K0300/new/verification/auto-wheel-pid/20260423T124335Z/round-002-i-screen/attempt-01/host.log",
  "board_log_path": "/home/madejuele/projects/2K0300/new/verification/auto-wheel-pid/20260423T124335Z/round-002-i-screen/attempt-01/board.log",
  "params_path": "/home/madejuele/projects/2K0300/new/verification/auto-wheel-pid/20260423T124335Z/round-002-i-screen/attempt-01/params.json",
  "tuning_exit_code": 0,
  "receiver_error": null,
  "ack_complete": true,
  "snapshot_cleared_seen": true,
  "board_markers_ok": true,
  "unexpected_failsafe": false,
  "runtime_error": null,
  "accepted": false,
  "accepted_reason": "screen right score improved from inf to 1.352059; pending confirmation"
}
