{
  "name": "right-d0.75",
  "candidate_label": "left-p=139.000000; right-p=85.000000; right-d=0.750000; right-alpha=0.400000",
  "wheel_scores": {
    "left": {
      "wheel": "left",
      "sample_count": 56,
      "mean_abs_error": 14.910714285714286,
      "p95_abs_error": 33.5,
      "overshoot_peak": 33.0,
      "settle_delay_s": 1.2311666666666667,
      "pwm_settle_delay_s": 1.5418809523809525,
      "saturation_ratio": 0.03571428571428571,
      "steady_abs_error_ratio": 0.1613756613756614,
      "p95_error_ratio": 0.28341269841269834,
      "settle_time_ratio": 0.7313131313131314,
      "pwm_settle_time_ratio": 1.0,
      "overshoot_ratio": 0.15079365079365079,
      "oscillation_ratio": 0.10833115039122027,
      "attainment_ratio": 0.8851851851851851,
      "rail_hit_ratio": 0.017857142857142856,
      "pwm_chatter_ratio": 0.026785714285714284,
      "tail_mean_abs_error": 16.325396825396826,
      "tail_pwm_jump_abs": 880.1428571428571,
      "terminal_requirements_ok": false,
      "pwm_limit_reasonable": false,
      "pwm_limit_note": "terminal steady-state gate failed (tail error or PWM jump exceeded limits)",
      "weighted_score": Infinity
    },
    "right": {
      "wheel": "right",
      "sample_count": 56,
      "mean_abs_error": 18.303571428571427,
      "p95_abs_error": 27.5,
      "overshoot_peak": 5.0,
      "settle_delay_s": 1.5415,
      "pwm_settle_delay_s": 1.2762380952380952,
      "saturation_ratio": 0.017857142857142856,
      "steady_abs_error_ratio": 0.16507936507936508,
      "p95_error_ratio": 0.26968253968253963,
      "settle_time_ratio": 1.0,
      "pwm_settle_time_ratio": 0.8211461859510312,
      "overshoot_ratio": 0.007936507936507936,
      "oscillation_ratio": 0.0445184580216061,
      "attainment_ratio": 0.834920634920635,
      "rail_hit_ratio": 0.017857142857142856,
      "pwm_chatter_ratio": 0.0,
      "tail_mean_abs_error": 17.285714285714285,
      "tail_pwm_jump_abs": 573.8809523809524,
      "terminal_requirements_ok": false,
      "pwm_limit_reasonable": false,
      "pwm_limit_note": "terminal steady-state gate failed (tail error or PWM jump exceeded limits)",
      "weighted_score": Infinity
    }
  },
  "csv_path": "/home/madejuele/projects/2K0300/new/verification/manual-probes/20260423T043827Z-right-d-window-scan/right-d0.75/attempt-01/telemetry.csv",
  "host_log_path": "/home/madejuele/projects/2K0300/new/verification/manual-probes/20260423T043827Z-right-d-window-scan/right-d0.75/attempt-01/host.log",
  "board_log_path": "/home/madejuele/projects/2K0300/new/verification/manual-probes/20260423T043827Z-right-d-window-scan/right-d0.75/attempt-01/board.log",
  "params_path": "/home/madejuele/projects/2K0300/new/verification/manual-probes/20260423T043827Z-right-d-window-scan/right-d0.75/attempt-01/params.json",
  "tuning_exit_code": 0,
  "receiver_error": null,
  "ack_complete": true,
  "snapshot_cleared_seen": true,
  "board_markers_ok": true,
  "unexpected_failsafe": false,
  "runtime_error": null,
  "accepted": false,
  "accepted_reason": ""
}
