{
  "name": "round-011-left-i",
  "candidate_label": "left-i=0.125000",
  "wheel_scores": {
    "left": {
      "wheel": "left",
      "sample_count": 61,
      "mean_abs_error": 14.098360655737705,
      "p95_abs_error": 35.0,
      "overshoot_peak": 44.0,
      "settle_delay_s": 1.5751666666666666,
      "pwm_settle_delay_s": 1.1749444444444446,
      "saturation_ratio": 0.14754098360655737,
      "steady_abs_error_ratio": 0.17777777777777778,
      "p95_error_ratio": 0.33675925925925915,
      "settle_time_ratio": 0.8645885704709234,
      "pwm_settle_time_ratio": 0.6311217517204687,
      "overshoot_ratio": 0.37592592592592594,
      "oscillation_ratio": 0.1566582450747679,
      "attainment_ratio": 1.0160493827160493,
      "rail_hit_ratio": 0.06557377049180328,
      "pwm_chatter_ratio": 0.09876543209876543,
      "tail_mean_abs_error": 14.444444444444445,
      "tail_pwm_jump_abs": 1353.3333333333333,
      "terminal_requirements_ok": false,
      "pwm_limit_reasonable": false,
      "pwm_limit_note": "terminal steady-state gate failed (tail error or PWM jump exceeded limits)",
      "weighted_score": Infinity
    },
    "right": {
      "wheel": "right",
      "sample_count": 61,
      "mean_abs_error": 13.540983606557377,
      "p95_abs_error": 27.0,
      "overshoot_peak": 47.0,
      "settle_delay_s": 1.1731666666666667,
      "pwm_settle_delay_s": 1.8438333333333334,
      "saturation_ratio": 0.06557377049180328,
      "steady_abs_error_ratio": 0.14938271604938272,
      "p95_error_ratio": 0.3103703703703703,
      "settle_time_ratio": 0.6384767530797819,
      "pwm_settle_time_ratio": 1.0,
      "overshoot_ratio": 0.2740740740740741,
      "oscillation_ratio": 0.15304983695430321,
      "attainment_ratio": 0.9506172839506174,
      "rail_hit_ratio": 0.022222222222222223,
      "pwm_chatter_ratio": 0.18518518518518517,
      "tail_mean_abs_error": 13.25925925925926,
      "tail_pwm_jump_abs": 1955.6666666666667,
      "terminal_requirements_ok": false,
      "pwm_limit_reasonable": false,
      "pwm_limit_note": "terminal steady-state gate failed (tail error or PWM jump exceeded limits)",
      "weighted_score": Infinity
    }
  },
  "csv_path": "/home/madejuele/projects/2K0300/new/verification/auto-wheel-pid/20260422T132845Z/round-011-left-i/attempt-01/telemetry.csv",
  "host_log_path": "/home/madejuele/projects/2K0300/new/verification/auto-wheel-pid/20260422T132845Z/round-011-left-i/attempt-01/host.log",
  "board_log_path": "/home/madejuele/projects/2K0300/new/verification/auto-wheel-pid/20260422T132845Z/round-011-left-i/attempt-01/board.log",
  "params_path": "/home/madejuele/projects/2K0300/new/verification/auto-wheel-pid/20260422T132845Z/round-011-left-i/attempt-01/params.json",
  "tuning_exit_code": 0,
  "receiver_error": null,
  "ack_complete": true,
  "snapshot_cleared_seen": true,
  "board_markers_ok": true,
  "unexpected_failsafe": false,
  "runtime_error": null,
  "accepted": false,
  "accepted_reason": "left score 0.528929 did not beat 0.227230 by 5%"
}
