{
  "name": "right-p89-repeat-01",
  "candidate_label": "left-p=139.000000; right-p=89.000000",
  "wheel_scores": {
    "left": {
      "wheel": "left",
      "sample_count": 57,
      "mean_abs_error": 11.789473684210526,
      "p95_abs_error": 32.0,
      "overshoot_peak": 49.0,
      "settle_delay_s": 0.7668333333333334,
      "pwm_settle_delay_s": 1.5593809523809523,
      "saturation_ratio": 0.0,
      "steady_abs_error_ratio": 0.0873015873015873,
      "p95_error_ratio": 0.23079365079365072,
      "settle_time_ratio": 0.41114629375770667,
      "pwm_settle_time_ratio": 0.978713768115942,
      "overshoot_ratio": 0.19365079365079366,
      "oscillation_ratio": 0.035253727669402345,
      "attainment_ratio": 0.9222222222222223,
      "rail_hit_ratio": 0.0,
      "pwm_chatter_ratio": 0.0,
      "tail_mean_abs_error": 9.563492063492063,
      "tail_pwm_jump_abs": 771.547619047619,
      "terminal_requirements_ok": false,
      "pwm_limit_reasonable": false,
      "pwm_limit_note": "terminal steady-state gate failed (tail error or PWM jump exceeded limits)",
      "weighted_score": Infinity
    },
    "right": {
      "wheel": "right",
      "sample_count": 57,
      "mean_abs_error": 14.508771929824562,
      "p95_abs_error": 25.599999999999966,
      "overshoot_peak": 12.0,
      "settle_delay_s": 1.2171666666666667,
      "pwm_settle_delay_s": 1.2362857142857142,
      "saturation_ratio": 0.0,
      "steady_abs_error_ratio": 0.12645502645502646,
      "p95_error_ratio": 0.235,
      "settle_time_ratio": 0.7291273539145957,
      "pwm_settle_time_ratio": 0.7857142857142857,
      "overshoot_ratio": 0.01904761904761905,
      "oscillation_ratio": 0.04011628991392749,
      "attainment_ratio": 0.8735449735449736,
      "rail_hit_ratio": 0.0,
      "pwm_chatter_ratio": 0.0,
      "tail_mean_abs_error": 13.198412698412698,
      "tail_pwm_jump_abs": 581.4285714285714,
      "terminal_requirements_ok": false,
      "pwm_limit_reasonable": false,
      "pwm_limit_note": "terminal steady-state gate failed (tail error or PWM jump exceeded limits)",
      "weighted_score": Infinity
    }
  },
  "csv_path": "/home/madejuele/projects/2K0300/new/verification/manual-probes/20260423T041054Z-right-p-repeat-verify-battery-retest/right-p89/repeat-01/attempt-01/telemetry.csv",
  "host_log_path": "/home/madejuele/projects/2K0300/new/verification/manual-probes/20260423T041054Z-right-p-repeat-verify-battery-retest/right-p89/repeat-01/attempt-01/host.log",
  "board_log_path": "/home/madejuele/projects/2K0300/new/verification/manual-probes/20260423T041054Z-right-p-repeat-verify-battery-retest/right-p89/repeat-01/attempt-01/board.log",
  "params_path": "/home/madejuele/projects/2K0300/new/verification/manual-probes/20260423T041054Z-right-p-repeat-verify-battery-retest/right-p89/repeat-01/attempt-01/params.json",
  "tuning_exit_code": 0,
  "receiver_error": null,
  "ack_complete": true,
  "snapshot_cleared_seen": true,
  "board_markers_ok": true,
  "unexpected_failsafe": false,
  "runtime_error": null,
  "accepted": false,
  "accepted_reason": ""
}
