{
  "name": "baseline",
  "candidate_label": "current-working-params",
  "wheel_scores": {
    "left": {
      "wheel": "left",
      "sample_count": 52,
      "mean_abs_error": 13.596153846153847,
      "p95_abs_error": 22.449999999999996,
      "overshoot_peak": 8.0,
      "settle_delay_s": 1.0773333333333333,
      "pwm_settle_delay_s": 1.496357142857143,
      "saturation_ratio": 0.038461538461538464,
      "steady_abs_error_ratio": 0.13333333333333333,
      "p95_error_ratio": 0.22134920634920632,
      "settle_time_ratio": 0.627854487519915,
      "pwm_settle_time_ratio": 0.9697477216488622,
      "overshoot_ratio": 0.012698412698412698,
      "oscillation_ratio": 0.0363859985694682,
      "attainment_ratio": 0.8666666666666667,
      "rail_hit_ratio": 0.038461538461538464,
      "pwm_chatter_ratio": 0.0,
      "tail_mean_abs_error": 14.73015873015873,
      "tail_pwm_jump_abs": 630.6904761904761,
      "terminal_requirements_ok": false,
      "pwm_limit_reasonable": false,
      "pwm_limit_note": "terminal steady-state gate failed (tail error or PWM jump exceeded limits)",
      "weighted_score": Infinity
    },
    "right": {
      "wheel": "right",
      "sample_count": 52,
      "mean_abs_error": 17.98076923076923,
      "p95_abs_error": 26.799999999999983,
      "overshoot_peak": 0.0,
      "settle_delay_s": 1.5356666666666667,
      "pwm_settle_delay_s": 1.3592142857142857,
      "saturation_ratio": 0.038461538461538464,
      "steady_abs_error_ratio": 0.17777777777777778,
      "p95_error_ratio": 0.26111111111111107,
      "settle_time_ratio": 1.0,
      "pwm_settle_time_ratio": 0.8772389604043094,
      "overshoot_ratio": 0.0,
      "oscillation_ratio": 0.04165888090340179,
      "attainment_ratio": 0.8222222222222222,
      "rail_hit_ratio": 0.038461538461538464,
      "pwm_chatter_ratio": 0.0,
      "tail_mean_abs_error": 18.793650793650794,
      "tail_pwm_jump_abs": 557.0714285714286,
      "terminal_requirements_ok": false,
      "pwm_limit_reasonable": false,
      "pwm_limit_note": "terminal steady-state gate failed (tail error or PWM jump exceeded limits)",
      "weighted_score": Infinity
    }
  },
  "csv_path": "/home/madejuele/projects/2K0300/new/verification/auto-wheel-pid/20260423T100431Z/baseline/attempt-01/telemetry.csv",
  "host_log_path": "/home/madejuele/projects/2K0300/new/verification/auto-wheel-pid/20260423T100431Z/baseline/attempt-01/host.log",
  "board_log_path": "/home/madejuele/projects/2K0300/new/verification/auto-wheel-pid/20260423T100431Z/baseline/attempt-01/board.log",
  "params_path": "/home/madejuele/projects/2K0300/new/verification/auto-wheel-pid/20260423T100431Z/baseline/attempt-01/params.json",
  "tuning_exit_code": 0,
  "receiver_error": null,
  "ack_complete": true,
  "snapshot_cleared_seen": true,
  "board_markers_ok": true,
  "unexpected_failsafe": false,
  "runtime_error": null,
  "accepted": true,
  "accepted_reason": "baseline"
}
