{
  "name": "left-p138-repeat-02",
  "candidate_label": "left-p=138.000000; right-p=85.000000; right-alpha=0.400000",
  "wheel_scores": {
    "left": {
      "wheel": "left",
      "sample_count": 57,
      "mean_abs_error": 11.052631578947368,
      "p95_abs_error": 31.39999999999997,
      "overshoot_peak": 30.0,
      "settle_delay_s": 0.86,
      "pwm_settle_delay_s": 1.5326190476190478,
      "saturation_ratio": 0.03508771929824561,
      "steady_abs_error_ratio": 0.11534391534391535,
      "p95_error_ratio": 0.2266666666666666,
      "settle_time_ratio": 0.49794459523671425,
      "pwm_settle_time_ratio": 0.9696323576920591,
      "overshoot_ratio": 0.08412698412698413,
      "oscillation_ratio": 0.09147715315123765,
      "attainment_ratio": 0.9428571428571428,
      "rail_hit_ratio": 0.017543859649122806,
      "pwm_chatter_ratio": 0.0,
      "tail_mean_abs_error": 12.365079365079366,
      "tail_pwm_jump_abs": 928.0,
      "terminal_requirements_ok": false,
      "pwm_limit_reasonable": false,
      "pwm_limit_note": "terminal steady-state gate failed (tail error or PWM jump exceeded limits)",
      "weighted_score": Infinity
    },
    "right": {
      "wheel": "right",
      "sample_count": 57,
      "mean_abs_error": 15.263157894736842,
      "p95_abs_error": 24.0,
      "overshoot_peak": 2.0,
      "settle_delay_s": 1.568,
      "pwm_settle_delay_s": 0.9321428571428572,
      "saturation_ratio": 0.0,
      "steady_abs_error_ratio": 0.14497354497354498,
      "p95_error_ratio": 0.2168253968253968,
      "settle_time_ratio": 1.0,
      "pwm_settle_time_ratio": 0.5853398805964949,
      "overshoot_ratio": 0.0031746031746031746,
      "oscillation_ratio": 0.045922073994288416,
      "attainment_ratio": 0.8550264550264549,
      "rail_hit_ratio": 0.0,
      "pwm_chatter_ratio": 0.0,
      "tail_mean_abs_error": 14.936507936507937,
      "tail_pwm_jump_abs": 460.1666666666667,
      "terminal_requirements_ok": true,
      "pwm_limit_reasonable": true,
      "pwm_limit_note": "within current wheel-PID test envelope",
      "weighted_score": 1.2992812668449434
    }
  },
  "csv_path": "/home/madejuele/projects/2K0300/new/verification/manual-probes/20260423T043419Z-left-p-repeat-validate/left-p138/repeat-02/attempt-01/telemetry.csv",
  "host_log_path": "/home/madejuele/projects/2K0300/new/verification/manual-probes/20260423T043419Z-left-p-repeat-validate/left-p138/repeat-02/attempt-01/host.log",
  "board_log_path": "/home/madejuele/projects/2K0300/new/verification/manual-probes/20260423T043419Z-left-p-repeat-validate/left-p138/repeat-02/attempt-01/board.log",
  "params_path": "/home/madejuele/projects/2K0300/new/verification/manual-probes/20260423T043419Z-left-p-repeat-validate/left-p138/repeat-02/attempt-01/params.json",
  "tuning_exit_code": 0,
  "receiver_error": null,
  "ack_complete": true,
  "snapshot_cleared_seen": true,
  "board_markers_ok": true,
  "unexpected_failsafe": false,
  "runtime_error": null,
  "accepted": false,
  "accepted_reason": ""
}
