{
  "name": "round-001-p-screen",
  "candidate_label": "left-p=100.500000",
  "wheel_scores": {
    "left": {
      "wheel": "left",
      "sample_count": 19,
      "mean_abs_error": 14.789473684210526,
      "p95_abs_error": 20.39999999999997,
      "overshoot_peak": 0.0,
      "settle_delay_s": 1.1139999999999999,
      "pwm_settle_delay_s": 1.1354285714285712,
      "saturation_ratio": 0.05263157894736842,
      "steady_abs_error_ratio": 0.13968253968253969,
      "p95_error_ratio": 0.20920634920634923,
      "settle_time_ratio": 1.0,
      "pwm_settle_time_ratio": 1.0,
      "overshoot_ratio": 0.0,
      "oscillation_ratio": 0.025440878899833454,
      "attainment_ratio": 0.8603174603174604,
      "rail_hit_ratio": 0.05263157894736842,
      "pwm_chatter_ratio": 0.0,
      "tail_mean_abs_error": 14.380952380952381,
      "tail_pwm_jump_abs": 520.3333333333334,
      "terminal_requirements_ok": true,
      "pwm_limit_reasonable": true,
      "pwm_limit_note": "PWM limit is reachable in this round, but not the dominant issue by itself",
      "weighted_score": 1.8971969979428935
    },
    "right": {
      "wheel": "right",
      "sample_count": 19,
      "mean_abs_error": 16.263157894736842,
      "p95_abs_error": 22.599999999999987,
      "overshoot_peak": 19.0,
      "settle_delay_s": 1.1139999999999999,
      "pwm_settle_delay_s": 0.5975714285714286,
      "saturation_ratio": 0.0,
      "steady_abs_error_ratio": 0.1566137566137566,
      "p95_error_ratio": 0.19746031746031742,
      "settle_time_ratio": 1.0,
      "pwm_settle_time_ratio": 0.5714285714285714,
      "overshoot_ratio": 0.06031746031746032,
      "oscillation_ratio": 0.034468658433055445,
      "attainment_ratio": 0.8433862433862435,
      "rail_hit_ratio": 0.0,
      "pwm_chatter_ratio": 0.0,
      "tail_mean_abs_error": 17.238095238095237,
      "tail_pwm_jump_abs": 724.5238095238095,
      "terminal_requirements_ok": false,
      "pwm_limit_reasonable": false,
      "pwm_limit_note": "terminal steady-state gate failed (tail error or PWM jump exceeded limits)",
      "weighted_score": Infinity
    }
  },
  "csv_path": "/home/madejuele/projects/2K0300/new/verification/auto-wheel-pid/20260423T114910Z/round-001-p-screen/attempt-01/telemetry.csv",
  "host_log_path": "/home/madejuele/projects/2K0300/new/verification/auto-wheel-pid/20260423T114910Z/round-001-p-screen/attempt-01/host.log",
  "board_log_path": "/home/madejuele/projects/2K0300/new/verification/auto-wheel-pid/20260423T114910Z/round-001-p-screen/attempt-01/board.log",
  "params_path": "/home/madejuele/projects/2K0300/new/verification/auto-wheel-pid/20260423T114910Z/round-001-p-screen/attempt-01/params.json",
  "tuning_exit_code": 0,
  "receiver_error": null,
  "ack_complete": true,
  "snapshot_cleared_seen": true,
  "board_markers_ok": true,
  "unexpected_failsafe": false,
  "runtime_error": null,
  "accepted": false,
  "accepted_reason": "screen left score 1.897197 did not beat 1.344052 by 5%"
}
