{
  "name": "round-006-d-screen",
  "candidate_label": "left-d=1.750000; right-d=1.750000",
  "wheel_scores": {
    "left": {
      "wheel": "left",
      "sample_count": 28,
      "mean_abs_error": 10.428571428571429,
      "p95_abs_error": 20.599999999999994,
      "overshoot_peak": 37.0,
      "settle_delay_s": 1.004,
      "pwm_settle_delay_s": 1.5798095238095238,
      "saturation_ratio": 0.03571428571428571,
      "steady_abs_error_ratio": 0.11534391534391535,
      "p95_error_ratio": 0.2006349206349206,
      "settle_time_ratio": 0.5714285714285714,
      "pwm_settle_time_ratio": 1.0,
      "overshoot_ratio": 0.17777777777777778,
      "oscillation_ratio": 0.06291362858489909,
      "attainment_ratio": 0.9079365079365079,
      "rail_hit_ratio": 0.037037037037037035,
      "pwm_chatter_ratio": 0.125,
      "tail_mean_abs_error": 11.698412698412698,
      "tail_pwm_jump_abs": 1186.904761904762,
      "terminal_requirements_ok": false,
      "pwm_limit_reasonable": false,
      "pwm_limit_note": "terminal steady-state gate failed (tail error or PWM jump exceeded limits)",
      "weighted_score": Infinity
    },
    "right": {
      "wheel": "right",
      "sample_count": 28,
      "mean_abs_error": 17.392857142857142,
      "p95_abs_error": 26.299999999999997,
      "overshoot_peak": 0.0,
      "settle_delay_s": 1.5626666666666666,
      "pwm_settle_delay_s": 1.5798095238095238,
      "saturation_ratio": 0.03571428571428571,
      "steady_abs_error_ratio": 0.1566137566137566,
      "p95_error_ratio": 0.2525396825396825,
      "settle_time_ratio": 1.0,
      "pwm_settle_time_ratio": 1.0,
      "overshoot_ratio": 0.0,
      "oscillation_ratio": 0.035250293272630906,
      "attainment_ratio": 0.8433862433862435,
      "rail_hit_ratio": 0.0,
      "pwm_chatter_ratio": 0.041666666666666664,
      "tail_mean_abs_error": 16.38095238095238,
      "tail_pwm_jump_abs": 536.0,
      "terminal_requirements_ok": false,
      "pwm_limit_reasonable": false,
      "pwm_limit_note": "terminal steady-state gate failed (tail error or PWM jump exceeded limits)",
      "weighted_score": Infinity
    }
  },
  "csv_path": "/home/madejuele/projects/2K0300/new/verification/auto-wheel-pid/20260423T013250Z/round-006-d-screen/attempt-01/telemetry.csv",
  "host_log_path": "/home/madejuele/projects/2K0300/new/verification/auto-wheel-pid/20260423T013250Z/round-006-d-screen/attempt-01/host.log",
  "board_log_path": "/home/madejuele/projects/2K0300/new/verification/auto-wheel-pid/20260423T013250Z/round-006-d-screen/attempt-01/board.log",
  "params_path": "/home/madejuele/projects/2K0300/new/verification/auto-wheel-pid/20260423T013250Z/round-006-d-screen/attempt-01/params.json",
  "tuning_exit_code": 0,
  "receiver_error": null,
  "ack_complete": true,
  "snapshot_cleared_seen": true,
  "board_markers_ok": true,
  "unexpected_failsafe": false,
  "runtime_error": null,
  "accepted": false,
  "accepted_reason": "screen left terminal gate failed: tail PWM jump 1186.905 > 800.000; screen right terminal gate failed: terminal gate failed"
}
