{
  "name": "round-036-right-p",
  "candidate_label": "right-p=105.468750",
  "wheel_scores": {
    "left": {
      "wheel": "left",
      "sample_count": 56,
      "mean_abs_error": 14.946428571428571,
      "p95_abs_error": 23.25,
      "overshoot_peak": 5.0,
      "settle_delay_s": 1.5511666666666666,
      "pwm_settle_delay_s": 1.4486428571428571,
      "saturation_ratio": 0.017857142857142856,
      "steady_abs_error_ratio": 0.1513227513227513,
      "p95_error_ratio": 0.218015873015873,
      "settle_time_ratio": 1.0,
      "pwm_settle_time_ratio": 0.9251473164516644,
      "overshoot_ratio": 0.01746031746031746,
      "oscillation_ratio": 0.04574249674905875,
      "attainment_ratio": 0.8486772486772486,
      "rail_hit_ratio": 0.023809523809523808,
      "pwm_chatter_ratio": 0.026785714285714284,
      "tail_mean_abs_error": 16.142857142857142,
      "tail_pwm_jump_abs": 955.5238095238095,
      "terminal_requirements_ok": false,
      "pwm_limit_reasonable": false,
      "pwm_limit_note": "terminal steady-state gate failed (tail error or PWM jump exceeded limits)",
      "weighted_score": Infinity
    },
    "right": {
      "wheel": "right",
      "sample_count": 56,
      "mean_abs_error": 14.339285714285714,
      "p95_abs_error": 31.0,
      "overshoot_peak": 33.0,
      "settle_delay_s": 1.3961666666666668,
      "pwm_settle_delay_s": 1.560547619047619,
      "saturation_ratio": 0.07142857142857142,
      "steady_abs_error_ratio": 0.16719576719576718,
      "p95_error_ratio": 0.2571428571428571,
      "settle_time_ratio": 0.9065702230259192,
      "pwm_settle_time_ratio": 1.0,
      "overshoot_ratio": 0.21428571428571427,
      "oscillation_ratio": 0.13918793112787461,
      "attainment_ratio": 0.9121693121693121,
      "rail_hit_ratio": 0.03571428571428571,
      "pwm_chatter_ratio": 0.11607142857142858,
      "tail_mean_abs_error": 18.174603174603174,
      "tail_pwm_jump_abs": 2027.047619047619,
      "terminal_requirements_ok": false,
      "pwm_limit_reasonable": false,
      "pwm_limit_note": "terminal steady-state gate failed (tail error or PWM jump exceeded limits)",
      "weighted_score": Infinity
    }
  },
  "csv_path": "/home/madejuele/projects/2K0300/new/verification/auto-wheel-pid/20260422T143235Z/round-036-right-p/attempt-01/telemetry.csv",
  "host_log_path": "/home/madejuele/projects/2K0300/new/verification/auto-wheel-pid/20260422T143235Z/round-036-right-p/attempt-01/host.log",
  "board_log_path": "/home/madejuele/projects/2K0300/new/verification/auto-wheel-pid/20260422T143235Z/round-036-right-p/attempt-01/board.log",
  "params_path": "/home/madejuele/projects/2K0300/new/verification/auto-wheel-pid/20260422T143235Z/round-036-right-p/attempt-01/params.json",
  "tuning_exit_code": 0,
  "receiver_error": null,
  "ack_complete": true,
  "snapshot_cleared_seen": true,
  "board_markers_ok": true,
  "unexpected_failsafe": false,
  "runtime_error": null,
  "accepted": false,
  "accepted_reason": "right score 205.045180 did not beat 43.720994 by 5%"
}
