{
  "name": "round-004-i-screen",
  "candidate_label": "right-i=2.250000",
  "wheel_scores": {
    "left": {
      "wheel": "left",
      "sample_count": 19,
      "mean_abs_error": 5.842105263157895,
      "p95_abs_error": 15.49999999999999,
      "overshoot_peak": 12.0,
      "settle_delay_s": 0.13566666666666666,
      "pwm_settle_delay_s": 1.0327142857142857,
      "saturation_ratio": 0.10526315789473684,
      "steady_abs_error_ratio": 0.05714285714285714,
      "p95_error_ratio": 0.12873015873015872,
      "settle_time_ratio": 0.09491161792826827,
      "pwm_settle_time_ratio": 0.9048551839932839,
      "overshoot_ratio": 0.06666666666666667,
      "oscillation_ratio": 0.06808413066043704,
      "attainment_ratio": 0.9788359788359787,
      "rail_hit_ratio": 0.10526315789473684,
      "pwm_chatter_ratio": 0.0,
      "tail_mean_abs_error": 6.444444444444445,
      "tail_pwm_jump_abs": 809.6190476190476,
      "terminal_requirements_ok": false,
      "pwm_limit_reasonable": false,
      "pwm_limit_note": "terminal steady-state gate failed (tail error or PWM jump exceeded limits)",
      "weighted_score": Infinity
    },
    "right": {
      "wheel": "right",
      "sample_count": 19,
      "mean_abs_error": 5.052631578947368,
      "p95_abs_error": 10.099999999999998,
      "overshoot_peak": 8.0,
      "settle_delay_s": 0.0,
      "pwm_settle_delay_s": 0.7728571428571428,
      "saturation_ratio": 0.0,
      "steady_abs_error_ratio": 0.061375661375661375,
      "p95_error_ratio": 0.08317460317460318,
      "settle_time_ratio": 0.0,
      "pwm_settle_time_ratio": 0.715311004784689,
      "overshoot_ratio": 0.06666666666666667,
      "oscillation_ratio": 0.03603510167650038,
      "attainment_ratio": 0.9809523809523809,
      "rail_hit_ratio": 0.0,
      "pwm_chatter_ratio": 0.0,
      "tail_mean_abs_error": 6.095238095238095,
      "tail_pwm_jump_abs": 703.0,
      "terminal_requirements_ok": false,
      "pwm_limit_reasonable": false,
      "pwm_limit_note": "terminal steady-state gate failed (tail error or PWM jump exceeded limits)",
      "weighted_score": Infinity
    }
  },
  "csv_path": "/home/madejuele/projects/2K0300/new/verification/auto-wheel-pid/20260423T124335Z/round-004-i-screen/attempt-01/telemetry.csv",
  "host_log_path": "/home/madejuele/projects/2K0300/new/verification/auto-wheel-pid/20260423T124335Z/round-004-i-screen/attempt-01/host.log",
  "board_log_path": "/home/madejuele/projects/2K0300/new/verification/auto-wheel-pid/20260423T124335Z/round-004-i-screen/attempt-01/board.log",
  "params_path": "/home/madejuele/projects/2K0300/new/verification/auto-wheel-pid/20260423T124335Z/round-004-i-screen/attempt-01/params.json",
  "tuning_exit_code": 0,
  "receiver_error": null,
  "ack_complete": true,
  "snapshot_cleared_seen": true,
  "board_markers_ok": true,
  "unexpected_failsafe": false,
  "runtime_error": null,
  "accepted": false,
  "accepted_reason": "screen right terminal gate failed: terminal gate failed"
}
