{
  "name": "round-010-i-screen",
  "candidate_label": "left-i=5.000000; right-i=5.000000",
  "wheel_scores": {
    "left": {
      "wheel": "left",
      "sample_count": 28,
      "mean_abs_error": 13.142857142857142,
      "p95_abs_error": 26.249999999999993,
      "overshoot_peak": 35.0,
      "settle_delay_s": 1.2463333333333333,
      "pwm_settle_delay_s": 1.2719047619047619,
      "saturation_ratio": 0.17857142857142858,
      "steady_abs_error_ratio": 0.11746031746031746,
      "p95_error_ratio": 0.24428571428571424,
      "settle_time_ratio": 0.7376271186440677,
      "pwm_settle_time_ratio": 0.8243235085508266,
      "overshoot_ratio": 0.273015873015873,
      "oscillation_ratio": 0.052396408709090236,
      "attainment_ratio": 1.0687830687830686,
      "rail_hit_ratio": 0.18835978835978834,
      "pwm_chatter_ratio": 0.24801587301587302,
      "tail_mean_abs_error": 12.206349206349206,
      "tail_pwm_jump_abs": 148.76190476190476,
      "terminal_requirements_ok": true,
      "pwm_limit_reasonable": true,
      "pwm_limit_note": "PWM rail is reachable, but chatter and overshoot point to overly aggressive gains",
      "weighted_score": 5.063082710465024
    },
    "right": {
      "wheel": "right",
      "sample_count": 28,
      "mean_abs_error": 8.642857142857142,
      "p95_abs_error": 19.849999999999987,
      "overshoot_peak": 43.0,
      "settle_delay_s": 0.754,
      "pwm_settle_delay_s": 1.1594761904761905,
      "saturation_ratio": 0.03571428571428571,
      "steady_abs_error_ratio": 0.08042328042328042,
      "p95_error_ratio": 0.18476190476190468,
      "settle_time_ratio": 0.3921851568910392,
      "pwm_settle_time_ratio": 0.7376271186440677,
      "overshoot_ratio": 0.18095238095238095,
      "oscillation_ratio": 0.037986274953083606,
      "attainment_ratio": 1.0084656084656085,
      "rail_hit_ratio": 0.03571428571428571,
      "pwm_chatter_ratio": 0.0,
      "tail_mean_abs_error": 7.746031746031746,
      "tail_pwm_jump_abs": 960.4761904761905,
      "terminal_requirements_ok": false,
      "pwm_limit_reasonable": false,
      "pwm_limit_note": "terminal steady-state gate failed (tail error or PWM jump exceeded limits)",
      "weighted_score": Infinity
    }
  },
  "csv_path": "/home/madejuele/projects/2K0300/new/verification/auto-wheel-pid/20260423T021240Z/round-010-i-screen/attempt-01/telemetry.csv",
  "host_log_path": "/home/madejuele/projects/2K0300/new/verification/auto-wheel-pid/20260423T021240Z/round-010-i-screen/attempt-01/host.log",
  "board_log_path": "/home/madejuele/projects/2K0300/new/verification/auto-wheel-pid/20260423T021240Z/round-010-i-screen/attempt-01/board.log",
  "params_path": "/home/madejuele/projects/2K0300/new/verification/auto-wheel-pid/20260423T021240Z/round-010-i-screen/attempt-01/params.json",
  "tuning_exit_code": 0,
  "receiver_error": null,
  "ack_complete": true,
  "snapshot_cleared_seen": true,
  "board_markers_ok": true,
  "unexpected_failsafe": false,
  "runtime_error": null,
  "accepted": false,
  "accepted_reason": "screen left score improved from inf to 5.063083; pending confirmation; screen right terminal gate failed: tail PWM jump 960.476 > 800.000"
}
