{
  "name": "round-003-d-screen",
  "candidate_label": "left-d=1.375000; right-d=1.375000",
  "wheel_scores": {
    "left": {
      "wheel": "left",
      "sample_count": 28,
      "mean_abs_error": 13.571428571428571,
      "p95_abs_error": 28.89999999999999,
      "overshoot_peak": 40.0,
      "settle_delay_s": 1.5566666666666666,
      "pwm_settle_delay_s": 1.5575238095238095,
      "saturation_ratio": 0.14285714285714285,
      "steady_abs_error_ratio": 0.13968253968253969,
      "p95_error_ratio": 0.2517460317460317,
      "settle_time_ratio": 1.0,
      "pwm_settle_time_ratio": 1.0,
      "overshoot_ratio": 0.2761904761904762,
      "oscillation_ratio": 0.1082096502131565,
      "attainment_ratio": 0.9513227513227513,
      "rail_hit_ratio": 0.07142857142857142,
      "pwm_chatter_ratio": 0.17989417989417988,
      "tail_mean_abs_error": 14.920634920634921,
      "tail_pwm_jump_abs": 2176.2380952380954,
      "terminal_requirements_ok": false,
      "pwm_limit_reasonable": false,
      "pwm_limit_note": "terminal steady-state gate failed (tail error or PWM jump exceeded limits)",
      "weighted_score": Infinity
    },
    "right": {
      "wheel": "right",
      "sample_count": 28,
      "mean_abs_error": 17.392857142857142,
      "p95_abs_error": 26.65,
      "overshoot_peak": 0.0,
      "settle_delay_s": 1.5566666666666666,
      "pwm_settle_delay_s": 1.5575238095238095,
      "saturation_ratio": 0.0,
      "steady_abs_error_ratio": 0.16931216931216933,
      "p95_error_ratio": 0.24428571428571424,
      "settle_time_ratio": 1.0,
      "pwm_settle_time_ratio": 1.0,
      "overshoot_ratio": 0.0,
      "oscillation_ratio": 0.04430675711949533,
      "attainment_ratio": 0.8306878306878307,
      "rail_hit_ratio": 0.0,
      "pwm_chatter_ratio": 0.0,
      "tail_mean_abs_error": 18.095238095238095,
      "tail_pwm_jump_abs": 833.2380952380952,
      "terminal_requirements_ok": false,
      "pwm_limit_reasonable": false,
      "pwm_limit_note": "terminal steady-state gate failed (tail error or PWM jump exceeded limits)",
      "weighted_score": Infinity
    }
  },
  "csv_path": "/home/madejuele/projects/2K0300/new/verification/auto-wheel-pid/20260423T013250Z/round-003-d-screen/attempt-01/telemetry.csv",
  "host_log_path": "/home/madejuele/projects/2K0300/new/verification/auto-wheel-pid/20260423T013250Z/round-003-d-screen/attempt-01/host.log",
  "board_log_path": "/home/madejuele/projects/2K0300/new/verification/auto-wheel-pid/20260423T013250Z/round-003-d-screen/attempt-01/board.log",
  "params_path": "/home/madejuele/projects/2K0300/new/verification/auto-wheel-pid/20260423T013250Z/round-003-d-screen/attempt-01/params.json",
  "tuning_exit_code": 0,
  "receiver_error": null,
  "ack_complete": true,
  "snapshot_cleared_seen": true,
  "board_markers_ok": true,
  "unexpected_failsafe": false,
  "runtime_error": null,
  "accepted": false,
  "accepted_reason": "screen left terminal gate failed: tail PWM jump 2176.238 > 800.000; screen right terminal gate failed: tail PWM jump 833.238 > 800.000"
}
