{
  "name": "round-001-p-screen",
  "candidate_label": "left-p=141.000000",
  "wheel_scores": {
    "left": {
      "wheel": "left",
      "sample_count": 29,
      "mean_abs_error": 16.517241379310345,
      "p95_abs_error": 31.599999999999987,
      "overshoot_peak": 41.0,
      "settle_delay_s": 1.6053333333333333,
      "pwm_settle_delay_s": 1.6221904761904762,
      "saturation_ratio": 0.20689655172413793,
      "steady_abs_error_ratio": 0.13756613756613756,
      "p95_error_ratio": 0.26523809523809516,
      "settle_time_ratio": 1.0,
      "pwm_settle_time_ratio": 1.0,
      "overshoot_ratio": 0.29523809523809524,
      "oscillation_ratio": 0.09829230036387884,
      "attainment_ratio": 0.9153439153439152,
      "rail_hit_ratio": 0.1619047619047619,
      "pwm_chatter_ratio": 0.291005291005291,
      "tail_mean_abs_error": 15.365079365079366,
      "tail_pwm_jump_abs": 2044.4285714285713,
      "terminal_requirements_ok": false,
      "pwm_limit_reasonable": false,
      "pwm_limit_note": "terminal steady-state gate failed (tail error or PWM jump exceeded limits)",
      "weighted_score": Infinity
    },
    "right": {
      "wheel": "right",
      "sample_count": 29,
      "mean_abs_error": 17.03448275862069,
      "p95_abs_error": 25.599999999999998,
      "overshoot_peak": 3.0,
      "settle_delay_s": 1.6053333333333333,
      "pwm_settle_delay_s": 1.6221904761904762,
      "saturation_ratio": 0.0,
      "steady_abs_error_ratio": 0.1544973544973545,
      "p95_error_ratio": 0.23507936507936503,
      "settle_time_ratio": 1.0,
      "pwm_settle_time_ratio": 1.0,
      "overshoot_ratio": 0.012698412698412698,
      "oscillation_ratio": 0.06153533228878649,
      "attainment_ratio": 0.8518518518518517,
      "rail_hit_ratio": 0.0,
      "pwm_chatter_ratio": 0.0,
      "tail_mean_abs_error": 16.53968253968254,
      "tail_pwm_jump_abs": 746.6666666666666,
      "terminal_requirements_ok": false,
      "pwm_limit_reasonable": false,
      "pwm_limit_note": "terminal steady-state gate failed (tail error or PWM jump exceeded limits)",
      "weighted_score": Infinity
    }
  },
  "csv_path": "/home/madejuele/projects/2K0300/new/verification/auto-wheel-pid/20260423T005656Z/round-001-p-screen/attempt-01/telemetry.csv",
  "host_log_path": "/home/madejuele/projects/2K0300/new/verification/auto-wheel-pid/20260423T005656Z/round-001-p-screen/attempt-01/host.log",
  "board_log_path": "/home/madejuele/projects/2K0300/new/verification/auto-wheel-pid/20260423T005656Z/round-001-p-screen/attempt-01/board.log",
  "params_path": "/home/madejuele/projects/2K0300/new/verification/auto-wheel-pid/20260423T005656Z/round-001-p-screen/attempt-01/params.json",
  "tuning_exit_code": 0,
  "receiver_error": null,
  "ack_complete": true,
  "snapshot_cleared_seen": true,
  "board_markers_ok": true,
  "unexpected_failsafe": false,
  "runtime_error": null,
  "accepted": false,
  "accepted_reason": "screen left terminal gate failed: tail PWM jump 2044.429 > 800.000"
}
