{
  "name": "round-008-p-screen",
  "candidate_label": "left-p=160.000000; right-p=160.000000",
  "wheel_scores": {
    "left": {
      "wheel": "left",
      "sample_count": 15,
      "mean_abs_error": 18.0,
      "p95_abs_error": 41.29999999999997,
      "overshoot_peak": 63.0,
      "settle_delay_s": 1.2455,
      "pwm_settle_delay_s": 1.2542499999999999,
      "saturation_ratio": 0.3333333333333333,
      "steady_abs_error_ratio": 0.13703703703703704,
      "p95_error_ratio": 0.4308333333333332,
      "settle_time_ratio": 1.0,
      "pwm_settle_time_ratio": 1.0,
      "overshoot_ratio": 0.5277777777777778,
      "oscillation_ratio": 0.11255103698546477,
      "attainment_ratio": 0.8925925925925925,
      "rail_hit_ratio": 0.26666666666666666,
      "pwm_chatter_ratio": 0.5277777777777778,
      "tail_mean_abs_error": 11.833333333333334,
      "tail_pwm_jump_abs": 2930.0,
      "terminal_requirements_ok": false,
      "pwm_limit_reasonable": false,
      "pwm_limit_note": "terminal steady-state gate failed (tail error or PWM jump exceeded limits)",
      "weighted_score": Infinity
    },
    "right": {
      "wheel": "right",
      "sample_count": 15,
      "mean_abs_error": 9.2,
      "p95_abs_error": 17.599999999999998,
      "overshoot_peak": 8.0,
      "settle_delay_s": 1.07,
      "pwm_settle_delay_s": 1.2542499999999999,
      "saturation_ratio": 0.13333333333333333,
      "steady_abs_error_ratio": 0.08518518518518518,
      "p95_error_ratio": 0.1725,
      "settle_time_ratio": 0.8422573189522342,
      "pwm_settle_time_ratio": 1.0,
      "overshoot_ratio": 0.044444444444444446,
      "oscillation_ratio": 0.0654073362879936,
      "attainment_ratio": 0.9296296296296295,
      "rail_hit_ratio": 0.06666666666666667,
      "pwm_chatter_ratio": 0.1388888888888889,
      "tail_mean_abs_error": 7.166666666666667,
      "tail_pwm_jump_abs": 1716.6666666666667,
      "terminal_requirements_ok": false,
      "pwm_limit_reasonable": false,
      "pwm_limit_note": "terminal steady-state gate failed (tail error or PWM jump exceeded limits)",
      "weighted_score": Infinity
    }
  },
  "csv_path": "/home/madejuele/projects/2K0300/new/verification/auto-wheel-pid/20260422T235808Z/round-008-p-screen/attempt-01/telemetry.csv",
  "host_log_path": "/home/madejuele/projects/2K0300/new/verification/auto-wheel-pid/20260422T235808Z/round-008-p-screen/attempt-01/host.log",
  "board_log_path": "/home/madejuele/projects/2K0300/new/verification/auto-wheel-pid/20260422T235808Z/round-008-p-screen/attempt-01/board.log",
  "params_path": "/home/madejuele/projects/2K0300/new/verification/auto-wheel-pid/20260422T235808Z/round-008-p-screen/attempt-01/params.json",
  "tuning_exit_code": 0,
  "receiver_error": null,
  "ack_complete": true,
  "snapshot_cleared_seen": true,
  "board_markers_ok": true,
  "unexpected_failsafe": false,
  "runtime_error": null,
  "accepted": false,
  "accepted_reason": "screen left terminal gate failed: tail PWM jump 2930.000 > 500.000; screen right terminal gate failed: tail PWM jump 1716.667 > 500.000"
}
