{
  "name": "baseline",
  "candidate_label": "current-working-params",
  "wheel_scores": {
    "left": {
      "wheel": "left",
      "sample_count": 29,
      "mean_abs_error": 15.655172413793103,
      "p95_abs_error": 34.39999999999999,
      "overshoot_peak": 41.0,
      "settle_delay_s": 1.6196666666666666,
      "pwm_settle_delay_s": 1.636809523809524,
      "saturation_ratio": 0.27586206896551724,
      "steady_abs_error_ratio": 0.14179894179894179,
      "p95_error_ratio": 0.3204761904761904,
      "settle_time_ratio": 1.0,
      "pwm_settle_time_ratio": 1.0,
      "overshoot_ratio": 0.18412698412698414,
      "oscillation_ratio": 0.11566138783168158,
      "attainment_ratio": 0.8857142857142857,
      "rail_hit_ratio": 0.255026455026455,
      "pwm_chatter_ratio": 0.1884920634920635,
      "tail_mean_abs_error": 14.571428571428571,
      "tail_pwm_jump_abs": 2185.8571428571427,
      "terminal_requirements_ok": false,
      "pwm_limit_reasonable": false,
      "pwm_limit_note": "terminal steady-state gate failed (tail error or PWM jump exceeded limits)",
      "weighted_score": Infinity
    },
    "right": {
      "wheel": "right",
      "sample_count": 29,
      "mean_abs_error": 10.689655172413794,
      "p95_abs_error": 29.39999999999998,
      "overshoot_peak": 37.0,
      "settle_delay_s": 0.6896666666666667,
      "pwm_settle_delay_s": 1.636809523809524,
      "saturation_ratio": 0.06896551724137931,
      "steady_abs_error_ratio": 0.1312169312169312,
      "p95_error_ratio": 0.23936507936507928,
      "settle_time_ratio": 0.3514403987496832,
      "pwm_settle_time_ratio": 1.0,
      "overshoot_ratio": 0.2253968253968254,
      "oscillation_ratio": 0.11575423190241163,
      "attainment_ratio": 1.0677248677248676,
      "rail_hit_ratio": 0.04285714285714286,
      "pwm_chatter_ratio": 0.0,
      "tail_mean_abs_error": 13.777777777777779,
      "tail_pwm_jump_abs": 1090.857142857143,
      "terminal_requirements_ok": false,
      "pwm_limit_reasonable": false,
      "pwm_limit_note": "terminal steady-state gate failed (tail error or PWM jump exceeded limits)",
      "weighted_score": Infinity
    }
  },
  "csv_path": "/home/madejuele/projects/2K0300/new/verification/auto-wheel-pid/20260423T022515Z/baseline/attempt-01/telemetry.csv",
  "host_log_path": "/home/madejuele/projects/2K0300/new/verification/auto-wheel-pid/20260423T022515Z/baseline/attempt-01/host.log",
  "board_log_path": "/home/madejuele/projects/2K0300/new/verification/auto-wheel-pid/20260423T022515Z/baseline/attempt-01/board.log",
  "params_path": "/home/madejuele/projects/2K0300/new/verification/auto-wheel-pid/20260423T022515Z/baseline/attempt-01/params.json",
  "tuning_exit_code": 0,
  "receiver_error": null,
  "ack_complete": true,
  "snapshot_cleared_seen": true,
  "board_markers_ok": true,
  "unexpected_failsafe": false,
  "runtime_error": null,
  "accepted": true,
  "accepted_reason": "baseline"
}
