{
  "name": "baseline",
  "candidate_label": "current-working-params",
  "wheel_scores": {
    "left": {
      "wheel": "left",
      "sample_count": 52,
      "mean_abs_error": 14.73076923076923,
      "p95_abs_error": 25.449999999999996,
      "overshoot_peak": 0.0,
      "settle_delay_s": 1.3633333333333333,
      "pwm_settle_delay_s": 0.9191666666666667,
      "saturation_ratio": 0.038461538461538464,
      "steady_abs_error_ratio": 0.13015873015873017,
      "p95_error_ratio": 0.23539682539682538,
      "settle_time_ratio": 0.8567090005521811,
      "pwm_settle_time_ratio": 0.5956850989981857,
      "overshoot_ratio": 0.0,
      "oscillation_ratio": 0.04063788587149597,
      "attainment_ratio": 0.8698412698412699,
      "rail_hit_ratio": 0.019230769230769232,
      "pwm_chatter_ratio": 0.0,
      "tail_mean_abs_error": 13.396825396825397,
      "tail_pwm_jump_abs": 522.7142857142857,
      "terminal_requirements_ok": false,
      "pwm_limit_reasonable": false,
      "pwm_limit_note": "terminal steady-state gate failed (tail error or PWM jump exceeded limits)",
      "weighted_score": Infinity
    },
    "right": {
      "wheel": "right",
      "sample_count": 52,
      "mean_abs_error": 18.865384615384617,
      "p95_abs_error": 28.89999999999999,
      "overshoot_peak": 15.0,
      "settle_delay_s": 1.5651666666666666,
      "pwm_settle_delay_s": 1.4426666666666668,
      "saturation_ratio": 0.019230769230769232,
      "steady_abs_error_ratio": 0.2015873015873016,
      "p95_error_ratio": 0.25087301587301586,
      "settle_time_ratio": 1.0,
      "pwm_settle_time_ratio": 0.9047109207708779,
      "overshoot_ratio": 0.023809523809523808,
      "oscillation_ratio": 0.037509926543867866,
      "attainment_ratio": 0.7984126984126985,
      "rail_hit_ratio": 0.02142857142857143,
      "pwm_chatter_ratio": 0.0,
      "tail_mean_abs_error": 21.46825396825397,
      "tail_pwm_jump_abs": 616.5952380952381,
      "terminal_requirements_ok": false,
      "pwm_limit_reasonable": false,
      "pwm_limit_note": "terminal steady-state gate failed (tail error or PWM jump exceeded limits)",
      "weighted_score": Infinity
    }
  },
  "csv_path": "/home/madejuele/projects/2K0300/new/verification/auto-wheel-pid/20260423T101543Z/baseline/attempt-01/telemetry.csv",
  "host_log_path": "/home/madejuele/projects/2K0300/new/verification/auto-wheel-pid/20260423T101543Z/baseline/attempt-01/host.log",
  "board_log_path": "/home/madejuele/projects/2K0300/new/verification/auto-wheel-pid/20260423T101543Z/baseline/attempt-01/board.log",
  "params_path": "/home/madejuele/projects/2K0300/new/verification/auto-wheel-pid/20260423T101543Z/baseline/attempt-01/params.json",
  "tuning_exit_code": 0,
  "receiver_error": null,
  "ack_complete": true,
  "snapshot_cleared_seen": true,
  "board_markers_ok": true,
  "unexpected_failsafe": false,
  "runtime_error": null,
  "accepted": true,
  "accepted_reason": "baseline"
}
