{
  "name": "round-019-left-d",
  "candidate_label": "left-d=0.000000",
  "wheel_scores": {
    "left": {
      "wheel": "left",
      "sample_count": 52,
      "mean_abs_error": 13.51923076923077,
      "p95_abs_error": 25.449999999999996,
      "overshoot_peak": 7.0,
      "settle_delay_s": 1.3425,
      "pwm_settle_delay_s": 1.2085000000000001,
      "saturation_ratio": 0.0,
      "steady_abs_error_ratio": 0.14012345679012347,
      "p95_error_ratio": 0.25305555555555553,
      "settle_time_ratio": 0.8474754039005219,
      "pwm_settle_time_ratio": 0.7777777777777778,
      "overshoot_ratio": 0.044444444444444446,
      "oscillation_ratio": 0.06848608718054577,
      "attainment_ratio": 0.8808641975308642,
      "rail_hit_ratio": 0.0,
      "pwm_chatter_ratio": 0.027777777777777776,
      "tail_mean_abs_error": 13.333333333333334,
      "tail_pwm_jump_abs": 940.0,
      "terminal_requirements_ok": false,
      "pwm_limit_reasonable": false,
      "pwm_limit_note": "terminal steady-state gate failed (tail error or PWM jump exceeded limits)",
      "weighted_score": Infinity
    },
    "right": {
      "wheel": "right",
      "sample_count": 52,
      "mean_abs_error": 16.23076923076923,
      "p95_abs_error": 24.449999999999996,
      "overshoot_peak": 32.0,
      "settle_delay_s": 1.5441666666666667,
      "pwm_settle_delay_s": 1.4762777777777778,
      "saturation_ratio": 0.0,
      "steady_abs_error_ratio": 0.16666666666666666,
      "p95_error_ratio": 0.26296296296296295,
      "settle_time_ratio": 1.0,
      "pwm_settle_time_ratio": 0.9439961376646665,
      "overshoot_ratio": 0.11666666666666667,
      "oscillation_ratio": 0.061665924546855315,
      "attainment_ratio": 0.8469135802469135,
      "rail_hit_ratio": 0.0,
      "pwm_chatter_ratio": 0.0,
      "tail_mean_abs_error": 14.777777777777779,
      "tail_pwm_jump_abs": 576.8888888888889,
      "terminal_requirements_ok": false,
      "pwm_limit_reasonable": false,
      "pwm_limit_note": "terminal steady-state gate failed (tail error or PWM jump exceeded limits)",
      "weighted_score": Infinity
    }
  },
  "csv_path": "/home/madejuele/projects/2K0300/new/verification/auto-wheel-pid/20260422T135601Z/round-019-left-d/attempt-01/telemetry.csv",
  "host_log_path": "/home/madejuele/projects/2K0300/new/verification/auto-wheel-pid/20260422T135601Z/round-019-left-d/attempt-01/host.log",
  "board_log_path": "/home/madejuele/projects/2K0300/new/verification/auto-wheel-pid/20260422T135601Z/round-019-left-d/attempt-01/board.log",
  "params_path": "/home/madejuele/projects/2K0300/new/verification/auto-wheel-pid/20260422T135601Z/round-019-left-d/attempt-01/params.json",
  "tuning_exit_code": 0,
  "receiver_error": null,
  "ack_complete": true,
  "snapshot_cleared_seen": true,
  "board_markers_ok": true,
  "unexpected_failsafe": false,
  "runtime_error": null,
  "accepted": false,
  "accepted_reason": "left score 84.303757 did not beat 45.760765 by 5%"
}
