{
  "name": "round-001-p-screen",
  "candidate_label": "right-p=109.000000",
  "wheel_scores": {
    "left": {
      "wheel": "left",
      "sample_count": 20,
      "mean_abs_error": 14.75,
      "p95_abs_error": 22.200000000000003,
      "overshoot_peak": 26.0,
      "settle_delay_s": 1.1363333333333334,
      "pwm_settle_delay_s": 1.1553809523809524,
      "saturation_ratio": 0.0,
      "steady_abs_error_ratio": 0.1291005291005291,
      "p95_error_ratio": 0.20349206349206347,
      "settle_time_ratio": 1.0,
      "pwm_settle_time_ratio": 1.0,
      "overshoot_ratio": 0.10158730158730159,
      "oscillation_ratio": 0.03586522187280032,
      "attainment_ratio": 0.8708994708994711,
      "rail_hit_ratio": 0.0,
      "pwm_chatter_ratio": 0.0,
      "tail_mean_abs_error": 14.095238095238095,
      "tail_pwm_jump_abs": 499.57142857142856,
      "terminal_requirements_ok": true,
      "pwm_limit_reasonable": true,
      "pwm_limit_note": "within current wheel-PID test envelope",
      "weighted_score": 1.5191293793301373
    },
    "right": {
      "wheel": "right",
      "sample_count": 20,
      "mean_abs_error": 15.05,
      "p95_abs_error": 24.200000000000003,
      "overshoot_peak": 24.0,
      "settle_delay_s": 0.8696666666666667,
      "pwm_settle_delay_s": 1.1553809523809524,
      "saturation_ratio": 0.0,
      "steady_abs_error_ratio": 0.15767195767195769,
      "p95_error_ratio": 0.21873015873015875,
      "settle_time_ratio": 0.715234931181775,
      "pwm_settle_time_ratio": 1.0,
      "overshoot_ratio": 0.09523809523809523,
      "oscillation_ratio": 0.02820786053508492,
      "attainment_ratio": 0.8423280423280423,
      "rail_hit_ratio": 0.0,
      "pwm_chatter_ratio": 0.0,
      "tail_mean_abs_error": 16.49206349206349,
      "tail_pwm_jump_abs": 404.2857142857143,
      "terminal_requirements_ok": true,
      "pwm_limit_reasonable": true,
      "pwm_limit_note": "within current wheel-PID test envelope",
      "weighted_score": 2.097010882557226
    }
  },
  "csv_path": "/home/madejuele/projects/2K0300/new/verification/auto-wheel-pid/20260423T065952Z/round-001-p-screen/attempt-01/telemetry.csv",
  "host_log_path": "/home/madejuele/projects/2K0300/new/verification/auto-wheel-pid/20260423T065952Z/round-001-p-screen/attempt-01/host.log",
  "board_log_path": "/home/madejuele/projects/2K0300/new/verification/auto-wheel-pid/20260423T065952Z/round-001-p-screen/attempt-01/board.log",
  "params_path": "/home/madejuele/projects/2K0300/new/verification/auto-wheel-pid/20260423T065952Z/round-001-p-screen/attempt-01/params.json",
  "tuning_exit_code": 0,
  "receiver_error": null,
  "ack_complete": true,
  "snapshot_cleared_seen": true,
  "board_markers_ok": true,
  "unexpected_failsafe": false,
  "runtime_error": null,
  "accepted": false,
  "accepted_reason": "screen right score improved from inf to 2.097011; pending confirmation"
}
