{
  "name": "round-011-i-screen",
  "candidate_label": "left-i=5.500000; right-i=5.500000",
  "wheel_scores": {
    "left": {
      "wheel": "left",
      "sample_count": 28,
      "mean_abs_error": 16.071428571428573,
      "p95_abs_error": 28.299999999999997,
      "overshoot_peak": 44.0,
      "settle_delay_s": 1.166,
      "pwm_settle_delay_s": 1.1995714285714285,
      "saturation_ratio": 0.21428571428571427,
      "steady_abs_error_ratio": 0.19576719576719578,
      "p95_error_ratio": 0.27857142857142847,
      "settle_time_ratio": 0.6742971124620061,
      "pwm_settle_time_ratio": 0.7619047619047619,
      "overshoot_ratio": 0.2634920634920635,
      "oscillation_ratio": 0.13011802147357973,
      "attainment_ratio": 1.0666666666666667,
      "rail_hit_ratio": 0.20952380952380953,
      "pwm_chatter_ratio": 0.12764550264550262,
      "tail_mean_abs_error": 19.92063492063492,
      "tail_pwm_jump_abs": 1787.2857142857142,
      "terminal_requirements_ok": false,
      "pwm_limit_reasonable": false,
      "pwm_limit_note": "terminal steady-state gate failed (tail error or PWM jump exceeded limits)",
      "weighted_score": Infinity
    },
    "right": {
      "wheel": "right",
      "sample_count": 28,
      "mean_abs_error": 8.785714285714286,
      "p95_abs_error": 26.65,
      "overshoot_peak": 35.0,
      "settle_delay_s": 0.5636666666666666,
      "pwm_settle_delay_s": 1.550047619047619,
      "saturation_ratio": 0.03571428571428571,
      "steady_abs_error_ratio": 0.08571428571428572,
      "p95_error_ratio": 0.2203174603174602,
      "settle_time_ratio": 0.3546004359718513,
      "pwm_settle_time_ratio": 1.0,
      "overshoot_ratio": 0.27936507936507937,
      "oscillation_ratio": 0.08166335425534461,
      "attainment_ratio": 1.0412698412698413,
      "rail_hit_ratio": 0.0,
      "pwm_chatter_ratio": 0.08333333333333333,
      "tail_mean_abs_error": 9.88888888888889,
      "tail_pwm_jump_abs": 1576.6190476190477,
      "terminal_requirements_ok": false,
      "pwm_limit_reasonable": false,
      "pwm_limit_note": "terminal steady-state gate failed (tail error or PWM jump exceeded limits)",
      "weighted_score": Infinity
    }
  },
  "csv_path": "/home/madejuele/projects/2K0300/new/verification/auto-wheel-pid/20260423T021240Z/round-011-i-screen/attempt-01/telemetry.csv",
  "host_log_path": "/home/madejuele/projects/2K0300/new/verification/auto-wheel-pid/20260423T021240Z/round-011-i-screen/attempt-01/host.log",
  "board_log_path": "/home/madejuele/projects/2K0300/new/verification/auto-wheel-pid/20260423T021240Z/round-011-i-screen/attempt-01/board.log",
  "params_path": "/home/madejuele/projects/2K0300/new/verification/auto-wheel-pid/20260423T021240Z/round-011-i-screen/attempt-01/params.json",
  "tuning_exit_code": 0,
  "receiver_error": null,
  "ack_complete": true,
  "snapshot_cleared_seen": true,
  "board_markers_ok": true,
  "unexpected_failsafe": false,
  "runtime_error": null,
  "accepted": false,
  "accepted_reason": "screen left terminal gate failed: tail PWM jump 1787.286 > 800.000; screen right terminal gate failed: tail PWM jump 1576.619 > 800.000"
}
