{
  "name": "baseline",
  "candidate_label": "current-working-params",
  "wheel_scores": {
    "left": {
      "wheel": "left",
      "sample_count": 51,
      "mean_abs_error": 14.254901960784315,
      "p95_abs_error": 23.0,
      "overshoot_peak": 1.0,
      "settle_delay_s": 1.548,
      "pwm_settle_delay_s": 0.8689285714285715,
      "saturation_ratio": 0.0392156862745098,
      "steady_abs_error_ratio": 0.15873015873015872,
      "p95_error_ratio": 0.19087301587301586,
      "settle_time_ratio": 1.0,
      "pwm_settle_time_ratio": 0.553277102015169,
      "overshoot_ratio": 0.0031746031746031746,
      "oscillation_ratio": 0.02523185943739236,
      "attainment_ratio": 0.8412698412698413,
      "rail_hit_ratio": 0.0196078431372549,
      "pwm_chatter_ratio": 0.0,
      "tail_mean_abs_error": 16.825396825396826,
      "tail_pwm_jump_abs": 477.3333333333333,
      "terminal_requirements_ok": false,
      "pwm_limit_reasonable": false,
      "pwm_limit_note": "terminal steady-state gate failed (tail error or PWM jump exceeded limits)",
      "weighted_score": Infinity
    },
    "right": {
      "wheel": "right",
      "sample_count": 51,
      "mean_abs_error": 14.941176470588236,
      "p95_abs_error": 24.0,
      "overshoot_peak": 22.0,
      "settle_delay_s": 1.548,
      "pwm_settle_delay_s": 1.5574761904761905,
      "saturation_ratio": 0.0196078431372549,
      "steady_abs_error_ratio": 0.14179894179894179,
      "p95_error_ratio": 0.22412698412698412,
      "settle_time_ratio": 1.0,
      "pwm_settle_time_ratio": 1.0,
      "overshoot_ratio": 0.047619047619047616,
      "oscillation_ratio": 0.026100163258701785,
      "attainment_ratio": 0.8582010582010583,
      "rail_hit_ratio": 0.0196078431372549,
      "pwm_chatter_ratio": 0.0,
      "tail_mean_abs_error": 14.761904761904763,
      "tail_pwm_jump_abs": 459.0952380952381,
      "terminal_requirements_ok": true,
      "pwm_limit_reasonable": true,
      "pwm_limit_note": "within current wheel-PID test envelope",
      "weighted_score": 1.830668085108939
    }
  },
  "csv_path": "/home/madejuele/projects/2K0300/new/verification/auto-wheel-pid/20260423T110107Z/baseline/attempt-01/telemetry.csv",
  "host_log_path": "/home/madejuele/projects/2K0300/new/verification/auto-wheel-pid/20260423T110107Z/baseline/attempt-01/host.log",
  "board_log_path": "/home/madejuele/projects/2K0300/new/verification/auto-wheel-pid/20260423T110107Z/baseline/attempt-01/board.log",
  "params_path": "/home/madejuele/projects/2K0300/new/verification/auto-wheel-pid/20260423T110107Z/baseline/attempt-01/params.json",
  "tuning_exit_code": 0,
  "receiver_error": null,
  "ack_complete": true,
  "snapshot_cleared_seen": true,
  "board_markers_ok": true,
  "unexpected_failsafe": false,
  "runtime_error": null,
  "accepted": true,
  "accepted_reason": "baseline"
}
