{
  "name": "round-001-p-screen",
  "candidate_label": "left-p=133.000000",
  "wheel_scores": {
    "left": {
      "wheel": "left",
      "sample_count": 28,
      "mean_abs_error": 13.0,
      "p95_abs_error": 23.599999999999994,
      "overshoot_peak": 21.0,
      "settle_delay_s": 1.5393333333333332,
      "pwm_settle_delay_s": 1.5376190476190477,
      "saturation_ratio": 0.10714285714285714,
      "steady_abs_error_ratio": 0.11534391534391535,
      "p95_error_ratio": 0.2057142857142857,
      "settle_time_ratio": 1.0,
      "pwm_settle_time_ratio": 1.0,
      "overshoot_ratio": 0.18412698412698414,
      "oscillation_ratio": 0.11861892269432532,
      "attainment_ratio": 1.02010582010582,
      "rail_hit_ratio": 0.07142857142857142,
      "pwm_chatter_ratio": 0.05952380952380952,
      "tail_mean_abs_error": 12.11111111111111,
      "tail_pwm_jump_abs": 1577.0,
      "terminal_requirements_ok": false,
      "pwm_limit_reasonable": false,
      "pwm_limit_note": "terminal steady-state gate failed (tail error or PWM jump exceeded limits)",
      "weighted_score": Infinity
    },
    "right": {
      "wheel": "right",
      "sample_count": 28,
      "mean_abs_error": 19.75,
      "p95_abs_error": 31.19999999999999,
      "overshoot_peak": 2.0,
      "settle_delay_s": 1.5393333333333332,
      "pwm_settle_delay_s": 1.5376190476190477,
      "saturation_ratio": 0.07142857142857142,
      "steady_abs_error_ratio": 0.17142857142857143,
      "p95_error_ratio": 0.26920634920634917,
      "settle_time_ratio": 1.0,
      "pwm_settle_time_ratio": 1.0,
      "overshoot_ratio": 0.006349206349206349,
      "oscillation_ratio": 0.06390399228153112,
      "attainment_ratio": 0.8328042328042329,
      "rail_hit_ratio": 0.0,
      "pwm_chatter_ratio": 0.0,
      "tail_mean_abs_error": 17.746031746031747,
      "tail_pwm_jump_abs": 1154.2857142857142,
      "terminal_requirements_ok": false,
      "pwm_limit_reasonable": false,
      "pwm_limit_note": "terminal steady-state gate failed (tail error or PWM jump exceeded limits)",
      "weighted_score": Infinity
    }
  },
  "csv_path": "/home/madejuele/projects/2K0300/new/verification/auto-wheel-pid/20260423T010159Z/round-001-p-screen/attempt-01/telemetry.csv",
  "host_log_path": "/home/madejuele/projects/2K0300/new/verification/auto-wheel-pid/20260423T010159Z/round-001-p-screen/attempt-01/host.log",
  "board_log_path": "/home/madejuele/projects/2K0300/new/verification/auto-wheel-pid/20260423T010159Z/round-001-p-screen/attempt-01/board.log",
  "params_path": "/home/madejuele/projects/2K0300/new/verification/auto-wheel-pid/20260423T010159Z/round-001-p-screen/attempt-01/params.json",
  "tuning_exit_code": 0,
  "receiver_error": null,
  "ack_complete": true,
  "snapshot_cleared_seen": true,
  "board_markers_ok": true,
  "unexpected_failsafe": false,
  "runtime_error": null,
  "accepted": false,
  "accepted_reason": "screen left terminal gate failed: tail PWM jump 1577.000 > 800.000"
}
