{
  "name": "baseline-screen",
  "candidate_label": "current-working-params-screen",
  "wheel_scores": {
    "left": {
      "wheel": "left",
      "sample_count": 19,
      "mean_abs_error": 5.421052631578948,
      "p95_abs_error": 22.699999999999985,
      "overshoot_peak": 29.0,
      "settle_delay_s": 0.14133333333333334,
      "pwm_settle_delay_s": 0.6858571428571429,
      "saturation_ratio": 0.0,
      "steady_abs_error_ratio": 0.02857142857142857,
      "p95_error_ratio": 0.1338095238095238,
      "settle_time_ratio": 0.11965188004877156,
      "pwm_settle_time_ratio": 0.6415333256590308,
      "overshoot_ratio": 0.16825396825396827,
      "oscillation_ratio": 0.02730404615323279,
      "attainment_ratio": 1.0031746031746032,
      "rail_hit_ratio": 0.0,
      "pwm_chatter_ratio": 0.0,
      "tail_mean_abs_error": 2.9365079365079363,
      "tail_pwm_jump_abs": 382.2857142857143,
      "terminal_requirements_ok": true,
      "pwm_limit_reasonable": true,
      "pwm_limit_note": "PWM limit is not a visible constraint in this round",
      "weighted_score": 0.8293815174217183
    },
    "right": {
      "wheel": "right",
      "sample_count": 19,
      "mean_abs_error": 4.526315789473684,
      "p95_abs_error": 10.199999999999996,
      "overshoot_peak": 9.0,
      "settle_delay_s": 0.0,
      "pwm_settle_delay_s": 0.7207142857142858,
      "saturation_ratio": 0.05263157894736842,
      "steady_abs_error_ratio": 0.05185185185185186,
      "p95_error_ratio": 0.0892063492063492,
      "settle_time_ratio": 0.0,
      "pwm_settle_time_ratio": 0.6622483061795261,
      "overshoot_ratio": 0.06349206349206349,
      "oscillation_ratio": 0.04925420132777457,
      "attainment_ratio": 1.0031746031746032,
      "rail_hit_ratio": 0.05263157894736842,
      "pwm_chatter_ratio": 0.0,
      "tail_mean_abs_error": 5.317460317460317,
      "tail_pwm_jump_abs": 881.7619047619048,
      "terminal_requirements_ok": false,
      "pwm_limit_reasonable": false,
      "pwm_limit_note": "terminal steady-state gate failed (tail error or PWM jump exceeded limits)",
      "weighted_score": Infinity
    }
  },
  "csv_path": "/home/madejuele/projects/2K0300/new/verification/auto-wheel-pid/20260423T124827Z/baseline-screen/attempt-01/telemetry.csv",
  "host_log_path": "/home/madejuele/projects/2K0300/new/verification/auto-wheel-pid/20260423T124827Z/baseline-screen/attempt-01/host.log",
  "board_log_path": "/home/madejuele/projects/2K0300/new/verification/auto-wheel-pid/20260423T124827Z/baseline-screen/attempt-01/board.log",
  "params_path": "/home/madejuele/projects/2K0300/new/verification/auto-wheel-pid/20260423T124827Z/baseline-screen/attempt-01/params.json",
  "tuning_exit_code": 0,
  "receiver_error": null,
  "ack_complete": true,
  "snapshot_cleared_seen": true,
  "board_markers_ok": true,
  "unexpected_failsafe": false,
  "runtime_error": null,
  "accepted": true,
  "accepted_reason": "baseline-screen"
}
