{
  "name": "baseline",
  "candidate_label": "current-working-params",
  "wheel_scores": {
    "left": {
      "wheel": "left",
      "sample_count": 51,
      "mean_abs_error": 16.431372549019606,
      "p95_abs_error": 24.0,
      "overshoot_peak": 0.0,
      "settle_delay_s": 1.5466666666666666,
      "pwm_settle_delay_s": 0.9492619047619048,
      "saturation_ratio": 0.0,
      "steady_abs_error_ratio": 0.1439153439153439,
      "p95_error_ratio": 0.20515873015873015,
      "settle_time_ratio": 1.0,
      "pwm_settle_time_ratio": 0.5948267022029821,
      "overshoot_ratio": 0.0,
      "oscillation_ratio": 0.03463464371842108,
      "attainment_ratio": 0.8560846560846561,
      "rail_hit_ratio": 0.0,
      "pwm_chatter_ratio": 0.0,
      "tail_mean_abs_error": 14.793650793650794,
      "tail_pwm_jump_abs": 568.7619047619048,
      "terminal_requirements_ok": true,
      "pwm_limit_reasonable": true,
      "pwm_limit_note": "within current wheel-PID test envelope",
      "weighted_score": 1.1695263970575565
    },
    "right": {
      "wheel": "right",
      "sample_count": 51,
      "mean_abs_error": 13.431372549019608,
      "p95_abs_error": 24.0,
      "overshoot_peak": 24.0,
      "settle_delay_s": 1.2711666666666668,
      "pwm_settle_delay_s": 1.5268333333333333,
      "saturation_ratio": 0.0,
      "steady_abs_error_ratio": 0.1291005291005291,
      "p95_error_ratio": 0.2023015873015873,
      "settle_time_ratio": 0.7857142857142857,
      "pwm_settle_time_ratio": 0.9737914489467285,
      "overshoot_ratio": 0.0380952380952381,
      "oscillation_ratio": 0.02998628292080313,
      "attainment_ratio": 0.8708994708994708,
      "rail_hit_ratio": 0.0,
      "pwm_chatter_ratio": 0.0,
      "tail_mean_abs_error": 13.80952380952381,
      "tail_pwm_jump_abs": 450.57142857142856,
      "terminal_requirements_ok": true,
      "pwm_limit_reasonable": true,
      "pwm_limit_note": "within current wheel-PID test envelope",
      "weighted_score": 1.6887749469354796
    }
  },
  "csv_path": "/home/madejuele/projects/2K0300/new/verification/auto-wheel-pid/20260423T120317Z/baseline/attempt-01/telemetry.csv",
  "host_log_path": "/home/madejuele/projects/2K0300/new/verification/auto-wheel-pid/20260423T120317Z/baseline/attempt-01/host.log",
  "board_log_path": "/home/madejuele/projects/2K0300/new/verification/auto-wheel-pid/20260423T120317Z/baseline/attempt-01/board.log",
  "params_path": "/home/madejuele/projects/2K0300/new/verification/auto-wheel-pid/20260423T120317Z/baseline/attempt-01/params.json",
  "tuning_exit_code": 0,
  "receiver_error": null,
  "ack_complete": true,
  "snapshot_cleared_seen": true,
  "board_markers_ok": true,
  "unexpected_failsafe": false,
  "runtime_error": null,
  "accepted": true,
  "accepted_reason": "baseline"
}
