{
  "name": "round-007-right-p",
  "candidate_label": "right-p=87.890625",
  "wheel_scores": {
    "left": {
      "wheel": "left",
      "sample_count": 51,
      "mean_abs_error": 15.823529411764707,
      "p95_abs_error": 25.5,
      "overshoot_peak": 40.0,
      "settle_delay_s": 1.5228333333333333,
      "pwm_settle_delay_s": 1.2144761904761905,
      "saturation_ratio": 0.0,
      "steady_abs_error_ratio": 0.14603174603174604,
      "p95_error_ratio": 0.22896825396825393,
      "settle_time_ratio": 1.0,
      "pwm_settle_time_ratio": 0.8033340393236612,
      "overshoot_ratio": 0.1111111111111111,
      "oscillation_ratio": 0.04163678344571889,
      "attainment_ratio": 0.8539682539682539,
      "rail_hit_ratio": 0.0,
      "pwm_chatter_ratio": 0.0,
      "tail_mean_abs_error": 15.682539682539682,
      "tail_pwm_jump_abs": 913.2619047619048,
      "terminal_requirements_ok": false,
      "pwm_limit_reasonable": false,
      "pwm_limit_note": "terminal steady-state gate failed (tail error or PWM jump exceeded limits)",
      "weighted_score": Infinity
    },
    "right": {
      "wheel": "right",
      "sample_count": 51,
      "mean_abs_error": 15.137254901960784,
      "p95_abs_error": 25.5,
      "overshoot_peak": 43.0,
      "settle_delay_s": 1.5228333333333333,
      "pwm_settle_delay_s": 1.5140238095238097,
      "saturation_ratio": 0.0196078431372549,
      "steady_abs_error_ratio": 0.13386243386243388,
      "p95_error_ratio": 0.2524603174603174,
      "settle_time_ratio": 1.0,
      "pwm_settle_time_ratio": 1.0,
      "overshoot_ratio": 0.1984126984126984,
      "oscillation_ratio": 0.114794540560921,
      "attainment_ratio": 0.9264550264550264,
      "rail_hit_ratio": 0.0196078431372549,
      "pwm_chatter_ratio": 0.020833333333333332,
      "tail_mean_abs_error": 14.261904761904763,
      "tail_pwm_jump_abs": 1632.047619047619,
      "terminal_requirements_ok": false,
      "pwm_limit_reasonable": false,
      "pwm_limit_note": "terminal steady-state gate failed (tail error or PWM jump exceeded limits)",
      "weighted_score": Infinity
    }
  },
  "csv_path": "/home/madejuele/projects/2K0300/new/verification/auto-wheel-pid/20260422T143235Z/round-007-right-p/attempt-01/telemetry.csv",
  "host_log_path": "/home/madejuele/projects/2K0300/new/verification/auto-wheel-pid/20260422T143235Z/round-007-right-p/attempt-01/host.log",
  "board_log_path": "/home/madejuele/projects/2K0300/new/verification/auto-wheel-pid/20260422T143235Z/round-007-right-p/attempt-01/board.log",
  "params_path": "/home/madejuele/projects/2K0300/new/verification/auto-wheel-pid/20260422T143235Z/round-007-right-p/attempt-01/params.json",
  "tuning_exit_code": 0,
  "receiver_error": null,
  "ack_complete": true,
  "snapshot_cleared_seen": true,
  "board_markers_ok": true,
  "unexpected_failsafe": false,
  "runtime_error": null,
  "accepted": false,
  "accepted_reason": "right score 155.796480 did not beat 103.530353 by 5%"
}
