{
  "name": "round-009-p-confirm",
  "candidate_label": "left-p=139.000000; right-p=89.000000",
  "wheel_scores": {
    "left": {
      "wheel": "left",
      "sample_count": 57,
      "mean_abs_error": 11.614035087719298,
      "p95_abs_error": 27.199999999999974,
      "overshoot_peak": 14.0,
      "settle_delay_s": 0.6393333333333333,
      "pwm_settle_delay_s": 1.2113809523809522,
      "saturation_ratio": 0.07017543859649122,
      "steady_abs_error_ratio": 0.10158730158730159,
      "p95_error_ratio": 0.18952380952380948,
      "settle_time_ratio": 0.3191446641903424,
      "pwm_settle_time_ratio": 0.7632976263803082,
      "overshoot_ratio": 0.023809523809523808,
      "oscillation_ratio": 0.04036293812479019,
      "attainment_ratio": 0.9132275132275133,
      "rail_hit_ratio": 0.07017543859649122,
      "pwm_chatter_ratio": 0.0,
      "tail_mean_abs_error": 11.095238095238095,
      "tail_pwm_jump_abs": 376.76190476190476,
      "terminal_requirements_ok": true,
      "pwm_limit_reasonable": true,
      "pwm_limit_note": "PWM limit is reachable in this round, but not the dominant issue by itself",
      "weighted_score": 1.3496145514692672
    },
    "right": {
      "wheel": "right",
      "sample_count": 57,
      "mean_abs_error": 16.57894736842105,
      "p95_abs_error": 26.199999999999996,
      "overshoot_peak": 4.0,
      "settle_delay_s": 1.5618333333333334,
      "pwm_settle_delay_s": 1.3810714285714287,
      "saturation_ratio": 0.017543859649122806,
      "steady_abs_error_ratio": 0.16666666666666666,
      "p95_error_ratio": 0.22190476190476188,
      "settle_time_ratio": 1.0,
      "pwm_settle_time_ratio": 0.8859607518571566,
      "overshoot_ratio": 0.006349206349206349,
      "oscillation_ratio": 0.03858539508441955,
      "attainment_ratio": 0.8333333333333334,
      "rail_hit_ratio": 0.0,
      "pwm_chatter_ratio": 0.0,
      "tail_mean_abs_error": 17.944444444444443,
      "tail_pwm_jump_abs": 460.5,
      "terminal_requirements_ok": false,
      "pwm_limit_reasonable": false,
      "pwm_limit_note": "terminal steady-state gate failed (tail error or PWM jump exceeded limits)",
      "weighted_score": Infinity
    }
  },
  "csv_path": "/home/madejuele/projects/2K0300/new/verification/auto-wheel-pid/20260423T035347Z/round-009-p-confirm/attempt-01/telemetry.csv",
  "host_log_path": "/home/madejuele/projects/2K0300/new/verification/auto-wheel-pid/20260423T035347Z/round-009-p-confirm/attempt-01/host.log",
  "board_log_path": "/home/madejuele/projects/2K0300/new/verification/auto-wheel-pid/20260423T035347Z/round-009-p-confirm/attempt-01/board.log",
  "params_path": "/home/madejuele/projects/2K0300/new/verification/auto-wheel-pid/20260423T035347Z/round-009-p-confirm/attempt-01/params.json",
  "tuning_exit_code": 0,
  "receiver_error": null,
  "ack_complete": true,
  "snapshot_cleared_seen": true,
  "board_markers_ok": true,
  "unexpected_failsafe": false,
  "runtime_error": null,
  "accepted": true,
  "accepted_reason": "left score improved from inf to 1.349615; selected best candidate after paired screen+confirm at left-p=139.000000"
}
