{
  "name": "round-008-right-p",
  "candidate_label": "right-p=105.468750",
  "wheel_scores": {
    "left": {
      "wheel": "left",
      "sample_count": 52,
      "mean_abs_error": 13.711538461538462,
      "p95_abs_error": 26.449999999999996,
      "overshoot_peak": 27.0,
      "settle_delay_s": 1.4156666666666666,
      "pwm_settle_delay_s": 1.5731111111111111,
      "saturation_ratio": 0.038461538461538464,
      "steady_abs_error_ratio": 0.14753086419753086,
      "p95_error_ratio": 0.24490740740740735,
      "settle_time_ratio": 0.8884072927416581,
      "pwm_settle_time_ratio": 1.0,
      "overshoot_ratio": 0.16111111111111112,
      "oscillation_ratio": 0.09513627939293007,
      "attainment_ratio": 0.8919753086419754,
      "rail_hit_ratio": 0.0,
      "pwm_chatter_ratio": 0.0,
      "tail_mean_abs_error": 14.037037037037036,
      "tail_pwm_jump_abs": 1047.9444444444443,
      "terminal_requirements_ok": false,
      "pwm_limit_reasonable": false,
      "pwm_limit_note": "terminal steady-state gate failed (tail error or PWM jump exceeded limits)",
      "weighted_score": Infinity
    },
    "right": {
      "wheel": "right",
      "sample_count": 52,
      "mean_abs_error": 13.096153846153847,
      "p95_abs_error": 30.0,
      "overshoot_peak": 30.0,
      "settle_delay_s": 1.2198333333333333,
      "pwm_settle_delay_s": 1.5731111111111111,
      "saturation_ratio": 0.11538461538461539,
      "steady_abs_error_ratio": 0.1432098765432099,
      "p95_error_ratio": 0.28425925925925927,
      "settle_time_ratio": 0.7666203939025205,
      "pwm_settle_time_ratio": 1.0,
      "overshoot_ratio": 0.1037037037037037,
      "oscillation_ratio": 0.09276411385309818,
      "attainment_ratio": 0.8864197530864197,
      "rail_hit_ratio": 0.1111111111111111,
      "pwm_chatter_ratio": 0.10416666666666667,
      "tail_mean_abs_error": 13.055555555555555,
      "tail_pwm_jump_abs": 1507.6666666666667,
      "terminal_requirements_ok": false,
      "pwm_limit_reasonable": false,
      "pwm_limit_note": "terminal steady-state gate failed (tail error or PWM jump exceeded limits)",
      "weighted_score": Infinity
    }
  },
  "csv_path": "/home/madejuele/projects/2K0300/new/verification/auto-wheel-pid/20260422T135601Z/round-008-right-p/attempt-01/telemetry.csv",
  "host_log_path": "/home/madejuele/projects/2K0300/new/verification/auto-wheel-pid/20260422T135601Z/round-008-right-p/attempt-01/host.log",
  "board_log_path": "/home/madejuele/projects/2K0300/new/verification/auto-wheel-pid/20260422T135601Z/round-008-right-p/attempt-01/board.log",
  "params_path": "/home/madejuele/projects/2K0300/new/verification/auto-wheel-pid/20260422T135601Z/round-008-right-p/attempt-01/params.json",
  "tuning_exit_code": 0,
  "receiver_error": null,
  "ack_complete": true,
  "snapshot_cleared_seen": true,
  "board_markers_ok": true,
  "unexpected_failsafe": false,
  "runtime_error": null,
  "accepted": false,
  "accepted_reason": "right score 143.882960 did not beat 61.108075 by 5%"
}
