{
  "name": "round-012-left-i",
  "candidate_label": "left-i=0.250000",
  "wheel_scores": {
    "left": {
      "wheel": "left",
      "sample_count": 60,
      "mean_abs_error": 16.05,
      "p95_abs_error": 37.14999999999999,
      "overshoot_peak": 52.0,
      "settle_delay_s": 1.5451666666666666,
      "pwm_settle_delay_s": 1.501,
      "saturation_ratio": 0.16666666666666666,
      "steady_abs_error_ratio": 0.1962962962962963,
      "p95_error_ratio": 0.3584259259259258,
      "settle_time_ratio": 0.8519021739130436,
      "pwm_settle_time_ratio": 0.8261983168679108,
      "overshoot_ratio": 0.39814814814814814,
      "oscillation_ratio": 0.14908062592092822,
      "attainment_ratio": 1.002469135802469,
      "rail_hit_ratio": 0.15555555555555556,
      "pwm_chatter_ratio": 0.13580246913580246,
      "tail_mean_abs_error": 17.703703703703702,
      "tail_pwm_jump_abs": 1800.0,
      "terminal_requirements_ok": false,
      "pwm_limit_reasonable": false,
      "pwm_limit_note": "terminal steady-state gate failed (tail error or PWM jump exceeded limits)",
      "weighted_score": Infinity
    },
    "right": {
      "wheel": "right",
      "sample_count": 60,
      "mean_abs_error": 14.35,
      "p95_abs_error": 29.099999999999994,
      "overshoot_peak": 26.0,
      "settle_delay_s": 1.8176666666666668,
      "pwm_settle_delay_s": 1.8176666666666665,
      "saturation_ratio": 0.1,
      "steady_abs_error_ratio": 0.15987654320987654,
      "p95_error_ratio": 0.28777777777777774,
      "settle_time_ratio": 1.0,
      "pwm_settle_time_ratio": 1.0,
      "overshoot_ratio": 0.13333333333333333,
      "oscillation_ratio": 0.09655362739403703,
      "attainment_ratio": 0.8895061728395062,
      "rail_hit_ratio": 0.1,
      "pwm_chatter_ratio": 0.06790123456790123,
      "tail_mean_abs_error": 15.037037037037036,
      "tail_pwm_jump_abs": 1488.9444444444443,
      "terminal_requirements_ok": false,
      "pwm_limit_reasonable": false,
      "pwm_limit_note": "terminal steady-state gate failed (tail error or PWM jump exceeded limits)",
      "weighted_score": Infinity
    }
  },
  "csv_path": "/home/madejuele/projects/2K0300/new/verification/auto-wheel-pid/20260422T132845Z/round-012-left-i/attempt-01/telemetry.csv",
  "host_log_path": "/home/madejuele/projects/2K0300/new/verification/auto-wheel-pid/20260422T132845Z/round-012-left-i/attempt-01/host.log",
  "board_log_path": "/home/madejuele/projects/2K0300/new/verification/auto-wheel-pid/20260422T132845Z/round-012-left-i/attempt-01/board.log",
  "params_path": "/home/madejuele/projects/2K0300/new/verification/auto-wheel-pid/20260422T132845Z/round-012-left-i/attempt-01/params.json",
  "tuning_exit_code": 0,
  "receiver_error": null,
  "ack_complete": true,
  "snapshot_cleared_seen": true,
  "board_markers_ok": true,
  "unexpected_failsafe": false,
  "runtime_error": null,
  "accepted": false,
  "accepted_reason": "left score 0.553826 did not beat 0.227230 by 5%"
}
