{
  "name": "round-001-d-screen",
  "candidate_label": "left-d=0.750000; right-d=0.150000",
  "wheel_scores": {
    "left": {
      "wheel": "left",
      "sample_count": 19,
      "mean_abs_error": 16.526315789473685,
      "p95_abs_error": 24.0,
      "overshoot_peak": 0.0,
      "settle_delay_s": 1.1333333333333333,
      "pwm_settle_delay_s": 0.3647619047619048,
      "saturation_ratio": 0.0,
      "steady_abs_error_ratio": 0.15767195767195769,
      "p95_error_ratio": 0.20555555555555555,
      "settle_time_ratio": 1.0,
      "pwm_settle_time_ratio": 0.3307735647303286,
      "overshoot_ratio": 0.0,
      "oscillation_ratio": 0.021292546653891745,
      "attainment_ratio": 0.8423280423280423,
      "rail_hit_ratio": 0.0,
      "pwm_chatter_ratio": 0.0,
      "tail_mean_abs_error": 17.22222222222222,
      "tail_pwm_jump_abs": 244.04761904761904,
      "terminal_requirements_ok": true,
      "pwm_limit_reasonable": true,
      "pwm_limit_note": "within current wheel-PID test envelope",
      "weighted_score": 0.9481375341441567
    },
    "right": {
      "wheel": "right",
      "sample_count": 19,
      "mean_abs_error": 15.052631578947368,
      "p95_abs_error": 25.39999999999999,
      "overshoot_peak": 29.0,
      "settle_delay_s": 0.775,
      "pwm_settle_delay_s": 0.9926190476190476,
      "saturation_ratio": 0.0,
      "steady_abs_error_ratio": 0.14814814814814817,
      "p95_error_ratio": 0.2222222222222222,
      "settle_time_ratio": 0.5714285714285714,
      "pwm_settle_time_ratio": 0.8875661375661376,
      "overshoot_ratio": 0.09206349206349207,
      "oscillation_ratio": 0.0224134873499711,
      "attainment_ratio": 0.8518518518518517,
      "rail_hit_ratio": 0.0,
      "pwm_chatter_ratio": 0.0,
      "tail_mean_abs_error": 16.6984126984127,
      "tail_pwm_jump_abs": 353.0,
      "terminal_requirements_ok": true,
      "pwm_limit_reasonable": true,
      "pwm_limit_note": "within current wheel-PID test envelope",
      "weighted_score": 2.0475429360365847
    }
  },
  "csv_path": "/home/madejuele/projects/2K0300/new/verification/auto-wheel-pid/20260423T121437Z/round-001-d-screen/attempt-01/telemetry.csv",
  "host_log_path": "/home/madejuele/projects/2K0300/new/verification/auto-wheel-pid/20260423T121437Z/round-001-d-screen/attempt-01/host.log",
  "board_log_path": "/home/madejuele/projects/2K0300/new/verification/auto-wheel-pid/20260423T121437Z/round-001-d-screen/attempt-01/board.log",
  "params_path": "/home/madejuele/projects/2K0300/new/verification/auto-wheel-pid/20260423T121437Z/round-001-d-screen/attempt-01/params.json",
  "tuning_exit_code": 0,
  "receiver_error": null,
  "ack_complete": true,
  "snapshot_cleared_seen": true,
  "board_markers_ok": true,
  "unexpected_failsafe": false,
  "runtime_error": null,
  "accepted": false,
  "accepted_reason": "screen left score improved from inf to 0.948138; pending confirmation; screen right score improved from inf to 2.047543; pending confirmation"
}
