{
  "name": "round-004-p-screen",
  "candidate_label": "left-p=96.000000; right-p=96.000000",
  "wheel_scores": {
    "left": {
      "wheel": "left",
      "sample_count": 19,
      "mean_abs_error": 6.368421052631579,
      "p95_abs_error": 21.299999999999972,
      "overshoot_peak": 33.0,
      "settle_delay_s": 0.5516666666666666,
      "pwm_settle_delay_s": 0.9637142857142857,
      "saturation_ratio": 0.05263157894736842,
      "steady_abs_error_ratio": 0.02857142857142857,
      "p95_error_ratio": 0.16507936507936508,
      "settle_time_ratio": 0.4971446992723589,
      "pwm_settle_time_ratio": 0.889608636977058,
      "overshoot_ratio": 0.1365079365079365,
      "oscillation_ratio": 0.031149285105941355,
      "attainment_ratio": 1.0116402116402117,
      "rail_hit_ratio": 0.0,
      "pwm_chatter_ratio": 0.0,
      "tail_mean_abs_error": 2.873015873015873,
      "tail_pwm_jump_abs": 474.3809523809524,
      "terminal_requirements_ok": true,
      "pwm_limit_reasonable": true,
      "pwm_limit_note": "PWM limit is not a visible constraint in this round",
      "weighted_score": 1.241518195642865
    },
    "right": {
      "wheel": "right",
      "sample_count": 19,
      "mean_abs_error": 3.8421052631578947,
      "p95_abs_error": 9.599999999999987,
      "overshoot_peak": 5.0,
      "settle_delay_s": 0.06833333333333333,
      "pwm_settle_delay_s": 1.100047619047619,
      "saturation_ratio": 0.05263157894736842,
      "steady_abs_error_ratio": 0.030687830687830688,
      "p95_error_ratio": 0.08222222222222222,
      "settle_time_ratio": 0.04738788719371244,
      "pwm_settle_time_ratio": 1.0,
      "overshoot_ratio": 0.03492063492063492,
      "oscillation_ratio": 0.0263610182995541,
      "attainment_ratio": 0.9989417989417988,
      "rail_hit_ratio": 0.05263157894736842,
      "pwm_chatter_ratio": 0.0,
      "tail_mean_abs_error": 3.126984126984127,
      "tail_pwm_jump_abs": 494.42857142857144,
      "terminal_requirements_ok": true,
      "pwm_limit_reasonable": true,
      "pwm_limit_note": "PWM limit is reachable in this round, but not the dominant issue by itself",
      "weighted_score": 1.480732172102725
    }
  },
  "csv_path": "/home/madejuele/projects/2K0300/new/verification/auto-wheel-pid/20260423T124827Z/round-004-p-screen/attempt-01/telemetry.csv",
  "host_log_path": "/home/madejuele/projects/2K0300/new/verification/auto-wheel-pid/20260423T124827Z/round-004-p-screen/attempt-01/host.log",
  "board_log_path": "/home/madejuele/projects/2K0300/new/verification/auto-wheel-pid/20260423T124827Z/round-004-p-screen/attempt-01/board.log",
  "params_path": "/home/madejuele/projects/2K0300/new/verification/auto-wheel-pid/20260423T124827Z/round-004-p-screen/attempt-01/params.json",
  "tuning_exit_code": 0,
  "receiver_error": null,
  "ack_complete": true,
  "snapshot_cleared_seen": true,
  "board_markers_ok": true,
  "unexpected_failsafe": false,
  "runtime_error": null,
  "accepted": false,
  "accepted_reason": "screen left score 1.241518 did not beat 0.829382 by 5%; screen right score improved from inf to 1.480732; pending confirmation"
}
