{
  "name": "round-005-p-screen",
  "candidate_label": "right-p=90.000000",
  "wheel_scores": {
    "left": {
      "wheel": "left",
      "sample_count": 22,
      "mean_abs_error": 11.590909090909092,
      "p95_abs_error": 16.9,
      "overshoot_peak": 0.0,
      "settle_delay_s": 1.2026666666666668,
      "pwm_settle_delay_s": 1.0314761904761904,
      "saturation_ratio": 0.045454545454545456,
      "steady_abs_error_ratio": 0.11005291005291004,
      "p95_error_ratio": 0.14396825396825394,
      "settle_time_ratio": 1.0,
      "pwm_settle_time_ratio": 0.8583103375079602,
      "overshoot_ratio": 0.0,
      "oscillation_ratio": 0.020958271244819665,
      "attainment_ratio": 0.8899470899470899,
      "rail_hit_ratio": 0.05357142857142857,
      "pwm_chatter_ratio": 0.0,
      "tail_mean_abs_error": 11.968253968253968,
      "tail_pwm_jump_abs": 557.5714285714286,
      "terminal_requirements_ok": false,
      "pwm_limit_reasonable": false,
      "pwm_limit_note": "terminal steady-state gate failed (tail error or PWM jump exceeded limits)",
      "weighted_score": Infinity
    },
    "right": {
      "wheel": "right",
      "sample_count": 22,
      "mean_abs_error": 17.045454545454547,
      "p95_abs_error": 25.9,
      "overshoot_peak": 0.0,
      "settle_delay_s": 1.2026666666666668,
      "pwm_settle_delay_s": 0.6353809523809523,
      "saturation_ratio": 0.045454545454545456,
      "steady_abs_error_ratio": 0.15026455026455024,
      "p95_error_ratio": 0.2517460317460317,
      "settle_time_ratio": 1.0,
      "pwm_settle_time_ratio": 0.5293065461742154,
      "overshoot_ratio": 0.0,
      "oscillation_ratio": 0.026493372681913787,
      "attainment_ratio": 0.8497354497354498,
      "rail_hit_ratio": 0.05357142857142857,
      "pwm_chatter_ratio": 0.0,
      "tail_mean_abs_error": 15.873015873015873,
      "tail_pwm_jump_abs": 310.7142857142857,
      "terminal_requirements_ok": true,
      "pwm_limit_reasonable": true,
      "pwm_limit_note": "PWM limit is reachable in this round, but not the dominant issue by itself",
      "weighted_score": 0.9702589509121365
    }
  },
  "csv_path": "/home/madejuele/projects/2K0300/new/verification/auto-wheel-pid/20260423T033735Z/round-005-p-screen/attempt-01/telemetry.csv",
  "host_log_path": "/home/madejuele/projects/2K0300/new/verification/auto-wheel-pid/20260423T033735Z/round-005-p-screen/attempt-01/host.log",
  "board_log_path": "/home/madejuele/projects/2K0300/new/verification/auto-wheel-pid/20260423T033735Z/round-005-p-screen/attempt-01/board.log",
  "params_path": "/home/madejuele/projects/2K0300/new/verification/auto-wheel-pid/20260423T033735Z/round-005-p-screen/attempt-01/params.json",
  "tuning_exit_code": 0,
  "receiver_error": null,
  "ack_complete": true,
  "snapshot_cleared_seen": true,
  "board_markers_ok": true,
  "unexpected_failsafe": false,
  "runtime_error": null,
  "accepted": false,
  "accepted_reason": "screen right score improved from inf to 0.970259; pending confirmation"
}
