{
  "name": "baseline",
  "candidate_label": "current-working-params",
  "wheel_scores": {
    "left": {
      "wheel": "left",
      "sample_count": 53,
      "mean_abs_error": 13.754716981132075,
      "p95_abs_error": 22.0,
      "overshoot_peak": 0.0,
      "settle_delay_s": 1.1328333333333334,
      "pwm_settle_delay_s": 1.1846190476190477,
      "saturation_ratio": 0.018867924528301886,
      "steady_abs_error_ratio": 0.13174603174603175,
      "p95_error_ratio": 0.19555555555555554,
      "settle_time_ratio": 0.6552076122130706,
      "pwm_settle_time_ratio": 0.7564852027767629,
      "overshoot_ratio": 0.0,
      "oscillation_ratio": 0.036267499362186255,
      "attainment_ratio": 0.8682539682539683,
      "rail_hit_ratio": 0.018867924528301886,
      "pwm_chatter_ratio": 0.0,
      "tail_mean_abs_error": 14.103174603174603,
      "tail_pwm_jump_abs": 539.2619047619048,
      "terminal_requirements_ok": false,
      "pwm_limit_reasonable": false,
      "pwm_limit_note": "terminal steady-state gate failed (tail error or PWM jump exceeded limits)",
      "weighted_score": Infinity
    },
    "right": {
      "wheel": "right",
      "sample_count": 53,
      "mean_abs_error": 17.50943396226415,
      "p95_abs_error": 27.799999999999997,
      "overshoot_peak": 0.0,
      "settle_delay_s": 1.5713333333333335,
      "pwm_settle_delay_s": 1.5766190476190478,
      "saturation_ratio": 0.03773584905660377,
      "steady_abs_error_ratio": 0.14603174603174604,
      "p95_error_ratio": 0.27119047619047615,
      "settle_time_ratio": 1.0,
      "pwm_settle_time_ratio": 1.0,
      "overshoot_ratio": 0.0,
      "oscillation_ratio": 0.04532007287267822,
      "attainment_ratio": 0.8539682539682539,
      "rail_hit_ratio": 0.018867924528301886,
      "pwm_chatter_ratio": 0.0,
      "tail_mean_abs_error": 15.301587301587302,
      "tail_pwm_jump_abs": 602.1904761904761,
      "terminal_requirements_ok": false,
      "pwm_limit_reasonable": false,
      "pwm_limit_note": "terminal steady-state gate failed (tail error or PWM jump exceeded limits)",
      "weighted_score": Infinity
    }
  },
  "csv_path": "/home/madejuele/projects/2K0300/new/verification/auto-wheel-pid/20260423T094058Z/baseline/attempt-01/telemetry.csv",
  "host_log_path": "/home/madejuele/projects/2K0300/new/verification/auto-wheel-pid/20260423T094058Z/baseline/attempt-01/host.log",
  "board_log_path": "/home/madejuele/projects/2K0300/new/verification/auto-wheel-pid/20260423T094058Z/baseline/attempt-01/board.log",
  "params_path": "/home/madejuele/projects/2K0300/new/verification/auto-wheel-pid/20260423T094058Z/baseline/attempt-01/params.json",
  "tuning_exit_code": 0,
  "receiver_error": null,
  "ack_complete": true,
  "snapshot_cleared_seen": true,
  "board_markers_ok": true,
  "unexpected_failsafe": false,
  "runtime_error": null,
  "accepted": true,
  "accepted_reason": "baseline"
}
