{
  "name": "baseline",
  "candidate_label": "current-working-params",
  "wheel_scores": {
    "left": {
      "wheel": "left",
      "sample_count": 52,
      "mean_abs_error": 16.942307692307693,
      "p95_abs_error": 24.449999999999996,
      "overshoot_peak": 4.0,
      "settle_delay_s": 1.5668333333333333,
      "pwm_settle_delay_s": 1.409309523809524,
      "saturation_ratio": 0.019230769230769232,
      "steady_abs_error_ratio": 0.16984126984126985,
      "p95_error_ratio": 0.22698412698412698,
      "settle_time_ratio": 1.0,
      "pwm_settle_time_ratio": 0.8910062781331438,
      "overshoot_ratio": 0.006349206349206349,
      "oscillation_ratio": 0.03336156552493086,
      "attainment_ratio": 0.8301587301587302,
      "rail_hit_ratio": 0.0,
      "pwm_chatter_ratio": 0.0,
      "tail_mean_abs_error": 18.150793650793652,
      "tail_pwm_jump_abs": 526.6190476190476,
      "terminal_requirements_ok": false,
      "pwm_limit_reasonable": false,
      "pwm_limit_note": "terminal steady-state gate failed (tail error or PWM jump exceeded limits)",
      "weighted_score": Infinity
    },
    "right": {
      "wheel": "right",
      "sample_count": 52,
      "mean_abs_error": 16.942307692307693,
      "p95_abs_error": 25.699999999999974,
      "overshoot_peak": 3.0,
      "settle_delay_s": 1.5668333333333333,
      "pwm_settle_delay_s": 1.1042380952380952,
      "saturation_ratio": 0.0,
      "steady_abs_error_ratio": 0.14973544973544975,
      "p95_error_ratio": 0.22952380952380952,
      "settle_time_ratio": 1.0,
      "pwm_settle_time_ratio": 0.7158304075371208,
      "overshoot_ratio": 0.004761904761904762,
      "oscillation_ratio": 0.02462388596884913,
      "attainment_ratio": 0.8502645502645502,
      "rail_hit_ratio": 0.0,
      "pwm_chatter_ratio": 0.0,
      "tail_mean_abs_error": 15.515873015873016,
      "tail_pwm_jump_abs": 532.8571428571429,
      "terminal_requirements_ok": false,
      "pwm_limit_reasonable": false,
      "pwm_limit_note": "terminal steady-state gate failed (tail error or PWM jump exceeded limits)",
      "weighted_score": Infinity
    }
  },
  "csv_path": "/home/madejuele/projects/2K0300/new/verification/auto-wheel-pid/20260423T112322Z/baseline/attempt-01/telemetry.csv",
  "host_log_path": "/home/madejuele/projects/2K0300/new/verification/auto-wheel-pid/20260423T112322Z/baseline/attempt-01/host.log",
  "board_log_path": "/home/madejuele/projects/2K0300/new/verification/auto-wheel-pid/20260423T112322Z/baseline/attempt-01/board.log",
  "params_path": "/home/madejuele/projects/2K0300/new/verification/auto-wheel-pid/20260423T112322Z/baseline/attempt-01/params.json",
  "tuning_exit_code": 0,
  "receiver_error": null,
  "ack_complete": true,
  "snapshot_cleared_seen": true,
  "board_markers_ok": true,
  "unexpected_failsafe": false,
  "runtime_error": null,
  "accepted": true,
  "accepted_reason": "baseline"
}
