{
  "name": "left-p136-repeat-02",
  "candidate_label": "left-p=136.000000; right-p=85.000000; right-alpha=0.400000",
  "wheel_scores": {
    "left": {
      "wheel": "left",
      "sample_count": 57,
      "mean_abs_error": 10.43859649122807,
      "p95_abs_error": 22.199999999999996,
      "overshoot_peak": 22.0,
      "settle_delay_s": 0.767,
      "pwm_settle_delay_s": 1.1693571428571428,
      "saturation_ratio": 0.03508771929824561,
      "steady_abs_error_ratio": 0.09523809523809523,
      "p95_error_ratio": 0.18380952380952378,
      "settle_time_ratio": 0.40476190476190477,
      "pwm_settle_time_ratio": 0.7601100656239038,
      "overshoot_ratio": 0.044444444444444446,
      "oscillation_ratio": 0.04064604592184779,
      "attainment_ratio": 0.928042328042328,
      "rail_hit_ratio": 0.017543859649122806,
      "pwm_chatter_ratio": 0.0,
      "tail_mean_abs_error": 9.634920634920634,
      "tail_pwm_jump_abs": 578.1666666666666,
      "terminal_requirements_ok": false,
      "pwm_limit_reasonable": false,
      "pwm_limit_note": "terminal steady-state gate failed (tail error or PWM jump exceeded limits)",
      "weighted_score": Infinity
    },
    "right": {
      "wheel": "right",
      "sample_count": 57,
      "mean_abs_error": 15.596491228070175,
      "p95_abs_error": 24.199999999999996,
      "overshoot_peak": 8.0,
      "settle_delay_s": 1.5591666666666666,
      "pwm_settle_delay_s": 1.0410238095238096,
      "saturation_ratio": 0.0,
      "steady_abs_error_ratio": 0.1661375661375661,
      "p95_error_ratio": 0.21738095238095237,
      "settle_time_ratio": 1.0,
      "pwm_settle_time_ratio": 0.6660809786697318,
      "overshoot_ratio": 0.012698412698412698,
      "oscillation_ratio": 0.047230820231785806,
      "attainment_ratio": 0.833862433862434,
      "rail_hit_ratio": 0.0,
      "pwm_chatter_ratio": 0.0,
      "tail_mean_abs_error": 17.793650793650794,
      "tail_pwm_jump_abs": 470.1666666666667,
      "terminal_requirements_ok": false,
      "pwm_limit_reasonable": false,
      "pwm_limit_note": "terminal steady-state gate failed (tail error or PWM jump exceeded limits)",
      "weighted_score": Infinity
    }
  },
  "csv_path": "/home/madejuele/projects/2K0300/new/verification/manual-probes/20260423T043419Z-left-p-repeat-validate/left-p136/repeat-02/attempt-01/telemetry.csv",
  "host_log_path": "/home/madejuele/projects/2K0300/new/verification/manual-probes/20260423T043419Z-left-p-repeat-validate/left-p136/repeat-02/attempt-01/host.log",
  "board_log_path": "/home/madejuele/projects/2K0300/new/verification/manual-probes/20260423T043419Z-left-p-repeat-validate/left-p136/repeat-02/attempt-01/board.log",
  "params_path": "/home/madejuele/projects/2K0300/new/verification/manual-probes/20260423T043419Z-left-p-repeat-validate/left-p136/repeat-02/attempt-01/params.json",
  "tuning_exit_code": 0,
  "receiver_error": null,
  "ack_complete": true,
  "snapshot_cleared_seen": true,
  "board_markers_ok": true,
  "unexpected_failsafe": false,
  "runtime_error": null,
  "accepted": false,
  "accepted_reason": ""
}
