{
  "name": "baseline-screen",
  "candidate_label": "current-working-params-screen",
  "wheel_scores": {
    "left": {
      "wheel": "left",
      "sample_count": 28,
      "mean_abs_error": 14.535714285714286,
      "p95_abs_error": 33.19999999999999,
      "overshoot_peak": 43.0,
      "settle_delay_s": 1.5496666666666667,
      "pwm_settle_delay_s": 1.5689047619047618,
      "saturation_ratio": 0.17857142857142858,
      "steady_abs_error_ratio": 0.09523809523809523,
      "p95_error_ratio": 0.27571428571428563,
      "settle_time_ratio": 1.0,
      "pwm_settle_time_ratio": 1.0,
      "overshoot_ratio": 0.2507936507936508,
      "oscillation_ratio": 0.09209547247330746,
      "attainment_ratio": 1.0084656084656083,
      "rail_hit_ratio": 0.1492063492063492,
      "pwm_chatter_ratio": 0.20833333333333334,
      "tail_mean_abs_error": 9.65079365079365,
      "tail_pwm_jump_abs": 1800.0,
      "terminal_requirements_ok": false,
      "pwm_limit_reasonable": false,
      "pwm_limit_note": "terminal steady-state gate failed (tail error or PWM jump exceeded limits)",
      "weighted_score": Infinity
    },
    "right": {
      "wheel": "right",
      "sample_count": 28,
      "mean_abs_error": 15.285714285714286,
      "p95_abs_error": 28.249999999999993,
      "overshoot_peak": 30.0,
      "settle_delay_s": 1.5496666666666667,
      "pwm_settle_delay_s": 1.3280476190476191,
      "saturation_ratio": 0.03571428571428571,
      "steady_abs_error_ratio": 0.12380952380952381,
      "p95_error_ratio": 0.24333333333333326,
      "settle_time_ratio": 1.0,
      "pwm_settle_time_ratio": 0.8566326530612245,
      "overshoot_ratio": 0.15873015873015872,
      "oscillation_ratio": 0.0542602631456085,
      "attainment_ratio": 0.8867724867724868,
      "rail_hit_ratio": 0.04285714285714286,
      "pwm_chatter_ratio": 0.0,
      "tail_mean_abs_error": 12.968253968253968,
      "tail_pwm_jump_abs": 674.2857142857143,
      "terminal_requirements_ok": false,
      "pwm_limit_reasonable": false,
      "pwm_limit_note": "terminal steady-state gate failed (tail error or PWM jump exceeded limits)",
      "weighted_score": Infinity
    }
  },
  "csv_path": "/home/madejuele/projects/2K0300/new/verification/auto-wheel-pid/20260423T010159Z/baseline-screen/attempt-01/telemetry.csv",
  "host_log_path": "/home/madejuele/projects/2K0300/new/verification/auto-wheel-pid/20260423T010159Z/baseline-screen/attempt-01/host.log",
  "board_log_path": "/home/madejuele/projects/2K0300/new/verification/auto-wheel-pid/20260423T010159Z/baseline-screen/attempt-01/board.log",
  "params_path": "/home/madejuele/projects/2K0300/new/verification/auto-wheel-pid/20260423T010159Z/baseline-screen/attempt-01/params.json",
  "tuning_exit_code": 0,
  "receiver_error": null,
  "ack_complete": true,
  "snapshot_cleared_seen": true,
  "board_markers_ok": true,
  "unexpected_failsafe": false,
  "runtime_error": null,
  "accepted": true,
  "accepted_reason": "baseline-screen"
}
