{
  "name": "round-002-d-confirm",
  "candidate_label": "left-d=0.700000",
  "wheel_scores": {
    "left": {
      "wheel": "left",
      "sample_count": 55,
      "mean_abs_error": 18.527272727272727,
      "p95_abs_error": 27.299999999999997,
      "overshoot_peak": 0.0,
      "settle_delay_s": 1.6891666666666667,
      "pwm_settle_delay_s": 1.5488571428571427,
      "saturation_ratio": 0.01818181818181818,
      "steady_abs_error_ratio": 0.1746031746031746,
      "p95_error_ratio": 0.282063492063492,
      "settle_time_ratio": 1.0,
      "pwm_settle_time_ratio": 0.9028326745718049,
      "overshoot_ratio": 0.0,
      "oscillation_ratio": 0.042011534724062195,
      "attainment_ratio": 0.8253968253968254,
      "rail_hit_ratio": 0.01818181818181818,
      "pwm_chatter_ratio": 0.0,
      "tail_mean_abs_error": 18.317460317460316,
      "tail_pwm_jump_abs": 663.7857142857143,
      "terminal_requirements_ok": false,
      "pwm_limit_reasonable": false,
      "pwm_limit_note": "terminal steady-state gate failed (tail error or PWM jump exceeded limits)",
      "weighted_score": Infinity
    },
    "right": {
      "wheel": "right",
      "sample_count": 55,
      "mean_abs_error": 14.654545454545454,
      "p95_abs_error": 23.299999999999997,
      "overshoot_peak": 0.0,
      "settle_delay_s": 1.6891666666666667,
      "pwm_settle_delay_s": 1.6963571428571427,
      "saturation_ratio": 0.01818181818181818,
      "steady_abs_error_ratio": 0.13968253968253969,
      "p95_error_ratio": 0.22214285714285711,
      "settle_time_ratio": 1.0,
      "pwm_settle_time_ratio": 1.0,
      "overshoot_ratio": 0.0,
      "oscillation_ratio": 0.031901669658262896,
      "attainment_ratio": 0.8603174603174604,
      "rail_hit_ratio": 0.01818181818181818,
      "pwm_chatter_ratio": 0.0,
      "tail_mean_abs_error": 15.412698412698413,
      "tail_pwm_jump_abs": 729.3333333333334,
      "terminal_requirements_ok": false,
      "pwm_limit_reasonable": false,
      "pwm_limit_note": "terminal steady-state gate failed (tail error or PWM jump exceeded limits)",
      "weighted_score": Infinity
    }
  },
  "csv_path": "/home/madejuele/projects/2K0300/new/verification/auto-wheel-pid/20260423T121302Z/round-002-d-confirm/attempt-01/telemetry.csv",
  "host_log_path": "/home/madejuele/projects/2K0300/new/verification/auto-wheel-pid/20260423T121302Z/round-002-d-confirm/attempt-01/host.log",
  "board_log_path": "/home/madejuele/projects/2K0300/new/verification/auto-wheel-pid/20260423T121302Z/round-002-d-confirm/attempt-01/board.log",
  "params_path": "/home/madejuele/projects/2K0300/new/verification/auto-wheel-pid/20260423T121302Z/round-002-d-confirm/attempt-01/params.json",
  "tuning_exit_code": 0,
  "receiver_error": null,
  "ack_complete": true,
  "snapshot_cleared_seen": true,
  "board_markers_ok": true,
  "unexpected_failsafe": false,
  "runtime_error": null,
  "accepted": false,
  "accepted_reason": "confirm left terminal gate failed: terminal gate failed"
}
