{
  "name": "right-p90",
  "candidate_label": "left-p=139.000000; right-p=90.000000; right-alpha=0.400000",
  "wheel_scores": {
    "left": {
      "wheel": "left",
      "sample_count": 57,
      "mean_abs_error": 11.912280701754385,
      "p95_abs_error": 28.0,
      "overshoot_peak": 28.0,
      "settle_delay_s": 0.8893333333333333,
      "pwm_settle_delay_s": 1.4732619047619047,
      "saturation_ratio": 0.03508771929824561,
      "steady_abs_error_ratio": 0.10264550264550265,
      "p95_error_ratio": 0.22611111111111104,
      "settle_time_ratio": 0.5170107712900728,
      "pwm_settle_time_ratio": 0.9443104141535986,
      "overshoot_ratio": 0.10793650793650794,
      "oscillation_ratio": 0.04592877562287045,
      "attainment_ratio": 0.9396825396825397,
      "rail_hit_ratio": 0.04523809523809524,
      "pwm_chatter_ratio": 0.0,
      "tail_mean_abs_error": 10.46031746031746,
      "tail_pwm_jump_abs": 652.5952380952381,
      "terminal_requirements_ok": false,
      "pwm_limit_reasonable": false,
      "pwm_limit_note": "terminal steady-state gate failed (tail error or PWM jump exceeded limits)",
      "weighted_score": Infinity
    },
    "right": {
      "wheel": "right",
      "sample_count": 57,
      "mean_abs_error": 14.280701754385966,
      "p95_abs_error": 25.199999999999996,
      "overshoot_peak": 0.0,
      "settle_delay_s": 1.4118333333333333,
      "pwm_settle_delay_s": 1.2066428571428571,
      "saturation_ratio": 0.017543859649122806,
      "steady_abs_error_ratio": 0.12486772486772488,
      "p95_error_ratio": 0.24333333333333326,
      "settle_time_ratio": 0.9075190993164456,
      "pwm_settle_time_ratio": 0.7833752247366083,
      "overshoot_ratio": 0.0,
      "oscillation_ratio": 0.041426272197642375,
      "attainment_ratio": 0.8751322751322752,
      "rail_hit_ratio": 0.017543859649122806,
      "pwm_chatter_ratio": 0.0,
      "tail_mean_abs_error": 13.65079365079365,
      "tail_pwm_jump_abs": 703.7380952380952,
      "terminal_requirements_ok": false,
      "pwm_limit_reasonable": false,
      "pwm_limit_note": "terminal steady-state gate failed (tail error or PWM jump exceeded limits)",
      "weighted_score": Infinity
    }
  },
  "csv_path": "/home/madejuele/projects/2K0300/new/verification/manual-probes/20260423T041956Z-right-alpha04-p-window-scan/right-p90/attempt-01/telemetry.csv",
  "host_log_path": "/home/madejuele/projects/2K0300/new/verification/manual-probes/20260423T041956Z-right-alpha04-p-window-scan/right-p90/attempt-01/host.log",
  "board_log_path": "/home/madejuele/projects/2K0300/new/verification/manual-probes/20260423T041956Z-right-alpha04-p-window-scan/right-p90/attempt-01/board.log",
  "params_path": "/home/madejuele/projects/2K0300/new/verification/manual-probes/20260423T041956Z-right-alpha04-p-window-scan/right-p90/attempt-01/params.json",
  "tuning_exit_code": 0,
  "receiver_error": null,
  "ack_complete": true,
  "snapshot_cleared_seen": true,
  "board_markers_ok": true,
  "unexpected_failsafe": false,
  "runtime_error": null,
  "accepted": false,
  "accepted_reason": ""
}
