{
  "name": "baseline",
  "candidate_label": "current-working-params",
  "wheel_scores": {
    "left": {
      "wheel": "left",
      "sample_count": 29,
      "mean_abs_error": 14.379310344827585,
      "p95_abs_error": 28.199999999999996,
      "overshoot_peak": 41.0,
      "settle_delay_s": 0.9356666666666666,
      "pwm_settle_delay_s": 1.5377142857142856,
      "saturation_ratio": 0.27586206896551724,
      "steady_abs_error_ratio": 0.08994708994708994,
      "p95_error_ratio": 0.26698412698412693,
      "settle_time_ratio": 0.5190156599552572,
      "pwm_settle_time_ratio": 0.9475870885266859,
      "overshoot_ratio": 0.21904761904761905,
      "oscillation_ratio": 0.06654916934985347,
      "attainment_ratio": 0.9333333333333333,
      "rail_hit_ratio": 0.20689655172413793,
      "pwm_chatter_ratio": 0.32076719576719576,
      "tail_mean_abs_error": 10.206349206349206,
      "tail_pwm_jump_abs": 2120.285714285714,
      "terminal_requirements_ok": false,
      "pwm_limit_reasonable": false,
      "pwm_limit_note": "terminal steady-state gate failed (tail error or PWM jump exceeded limits)",
      "weighted_score": Infinity
    },
    "right": {
      "wheel": "right",
      "sample_count": 29,
      "mean_abs_error": 18.482758620689655,
      "p95_abs_error": 24.599999999999998,
      "overshoot_peak": 0.0,
      "settle_delay_s": 1.5993333333333333,
      "pwm_settle_delay_s": 1.1097619047619047,
      "saturation_ratio": 0.0,
      "steady_abs_error_ratio": 0.19576719576719578,
      "p95_error_ratio": 0.22476190476190475,
      "settle_time_ratio": 1.0,
      "pwm_settle_time_ratio": 0.676201355881493,
      "overshoot_ratio": 0.0,
      "oscillation_ratio": 0.031629789811380496,
      "attainment_ratio": 0.8042328042328043,
      "rail_hit_ratio": 0.0,
      "pwm_chatter_ratio": 0.0,
      "tail_mean_abs_error": 20.365079365079364,
      "tail_pwm_jump_abs": 629.6666666666666,
      "terminal_requirements_ok": false,
      "pwm_limit_reasonable": false,
      "pwm_limit_note": "terminal steady-state gate failed (tail error or PWM jump exceeded limits)",
      "weighted_score": Infinity
    }
  },
  "csv_path": "/home/madejuele/projects/2K0300/new/verification/auto-wheel-pid/20260423T021240Z/baseline/attempt-01/telemetry.csv",
  "host_log_path": "/home/madejuele/projects/2K0300/new/verification/auto-wheel-pid/20260423T021240Z/baseline/attempt-01/host.log",
  "board_log_path": "/home/madejuele/projects/2K0300/new/verification/auto-wheel-pid/20260423T021240Z/baseline/attempt-01/board.log",
  "params_path": "/home/madejuele/projects/2K0300/new/verification/auto-wheel-pid/20260423T021240Z/baseline/attempt-01/params.json",
  "tuning_exit_code": 0,
  "receiver_error": null,
  "ack_complete": true,
  "snapshot_cleared_seen": true,
  "board_markers_ok": true,
  "unexpected_failsafe": false,
  "runtime_error": null,
  "accepted": true,
  "accepted_reason": "baseline"
}
