{
  "name": "round-001-d-screen",
  "candidate_label": "left-d=1.125000; right-d=1.125000",
  "wheel_scores": {
    "left": {
      "wheel": "left",
      "sample_count": 29,
      "mean_abs_error": 17.448275862068964,
      "p95_abs_error": 32.599999999999994,
      "overshoot_peak": 34.0,
      "settle_delay_s": 1.376,
      "pwm_settle_delay_s": 1.4838571428571428,
      "saturation_ratio": 0.20689655172413793,
      "steady_abs_error_ratio": 0.15873015873015872,
      "p95_error_ratio": 0.2895238095238095,
      "settle_time_ratio": 0.8418534846637277,
      "pwm_settle_time_ratio": 0.9430185633575464,
      "overshoot_ratio": 0.28253968253968254,
      "oscillation_ratio": 0.1504213445202747,
      "attainment_ratio": 1.0486772486772487,
      "rail_hit_ratio": 0.1996151996151996,
      "pwm_chatter_ratio": 0.2630952380952381,
      "tail_mean_abs_error": 16.571428571428573,
      "tail_pwm_jump_abs": 1278.3809523809523,
      "terminal_requirements_ok": false,
      "pwm_limit_reasonable": false,
      "pwm_limit_note": "terminal steady-state gate failed (tail error or PWM jump exceeded limits)",
      "weighted_score": Infinity
    },
    "right": {
      "wheel": "right",
      "sample_count": 29,
      "mean_abs_error": 16.20689655172414,
      "p95_abs_error": 25.599999999999998,
      "overshoot_peak": 7.0,
      "settle_delay_s": 1.5633333333333332,
      "pwm_settle_delay_s": 1.4432380952380952,
      "saturation_ratio": 0.0,
      "steady_abs_error_ratio": 0.164021164021164,
      "p95_error_ratio": 0.23841269841269844,
      "settle_time_ratio": 1.0,
      "pwm_settle_time_ratio": 0.9263199369582349,
      "overshoot_ratio": 0.022222222222222223,
      "oscillation_ratio": 0.043658793827865784,
      "attainment_ratio": 0.8359788359788362,
      "rail_hit_ratio": 0.0,
      "pwm_chatter_ratio": 0.0,
      "tail_mean_abs_error": 17.063492063492063,
      "tail_pwm_jump_abs": 800.5714285714286,
      "terminal_requirements_ok": false,
      "pwm_limit_reasonable": false,
      "pwm_limit_note": "terminal steady-state gate failed (tail error or PWM jump exceeded limits)",
      "weighted_score": Infinity
    }
  },
  "csv_path": "/home/madejuele/projects/2K0300/new/verification/auto-wheel-pid/20260423T013250Z/round-001-d-screen/attempt-01/telemetry.csv",
  "host_log_path": "/home/madejuele/projects/2K0300/new/verification/auto-wheel-pid/20260423T013250Z/round-001-d-screen/attempt-01/host.log",
  "board_log_path": "/home/madejuele/projects/2K0300/new/verification/auto-wheel-pid/20260423T013250Z/round-001-d-screen/attempt-01/board.log",
  "params_path": "/home/madejuele/projects/2K0300/new/verification/auto-wheel-pid/20260423T013250Z/round-001-d-screen/attempt-01/params.json",
  "tuning_exit_code": 0,
  "receiver_error": null,
  "ack_complete": true,
  "snapshot_cleared_seen": true,
  "board_markers_ok": true,
  "unexpected_failsafe": false,
  "runtime_error": null,
  "accepted": false,
  "accepted_reason": "screen left terminal gate failed: tail PWM jump 1278.381 > 800.000; screen right terminal gate failed: tail PWM jump 800.571 > 800.000"
}
