{
  "name": "baseline",
  "candidate_label": "current-working-params",
  "wheel_scores": {
    "left": {
      "wheel": "left",
      "sample_count": 29,
      "mean_abs_error": 14.586206896551724,
      "p95_abs_error": 31.39999999999999,
      "overshoot_peak": 14.0,
      "settle_delay_s": 1.5939999999999999,
      "pwm_settle_delay_s": 1.6084761904761906,
      "saturation_ratio": 0.06896551724137931,
      "steady_abs_error_ratio": 0.16402116402116404,
      "p95_error_ratio": 0.24047619047619048,
      "settle_time_ratio": 1.0,
      "pwm_settle_time_ratio": 1.0,
      "overshoot_ratio": 0.06984126984126984,
      "oscillation_ratio": 0.09950244409678904,
      "attainment_ratio": 0.8656084656084655,
      "rail_hit_ratio": 0.08571428571428572,
      "pwm_chatter_ratio": 0.047619047619047616,
      "tail_mean_abs_error": 17.38095238095238,
      "tail_pwm_jump_abs": 1611.4285714285713,
      "terminal_requirements_ok": false,
      "pwm_limit_reasonable": false,
      "pwm_limit_note": "terminal steady-state gate failed (tail error or PWM jump exceeded limits)",
      "weighted_score": Infinity
    },
    "right": {
      "wheel": "right",
      "sample_count": 29,
      "mean_abs_error": 17.896551724137932,
      "p95_abs_error": 24.599999999999998,
      "overshoot_peak": 13.0,
      "settle_delay_s": 1.5939999999999999,
      "pwm_settle_delay_s": 1.6084761904761906,
      "saturation_ratio": 0.0,
      "steady_abs_error_ratio": 0.16507936507936508,
      "p95_error_ratio": 0.22317460317460316,
      "settle_time_ratio": 1.0,
      "pwm_settle_time_ratio": 1.0,
      "overshoot_ratio": 0.04126984126984127,
      "oscillation_ratio": 0.03843337738792552,
      "attainment_ratio": 0.834920634920635,
      "rail_hit_ratio": 0.0,
      "pwm_chatter_ratio": 0.0,
      "tail_mean_abs_error": 17.682539682539684,
      "tail_pwm_jump_abs": 545.9047619047619,
      "terminal_requirements_ok": false,
      "pwm_limit_reasonable": false,
      "pwm_limit_note": "terminal steady-state gate failed (tail error or PWM jump exceeded limits)",
      "weighted_score": Infinity
    }
  },
  "csv_path": "/home/madejuele/projects/2K0300/new/verification/auto-wheel-pid/20260422T235808Z/baseline/attempt-01/telemetry.csv",
  "host_log_path": "/home/madejuele/projects/2K0300/new/verification/auto-wheel-pid/20260422T235808Z/baseline/attempt-01/host.log",
  "board_log_path": "/home/madejuele/projects/2K0300/new/verification/auto-wheel-pid/20260422T235808Z/baseline/attempt-01/board.log",
  "params_path": "/home/madejuele/projects/2K0300/new/verification/auto-wheel-pid/20260422T235808Z/baseline/attempt-01/params.json",
  "tuning_exit_code": 0,
  "receiver_error": null,
  "ack_complete": true,
  "snapshot_cleared_seen": true,
  "board_markers_ok": true,
  "unexpected_failsafe": false,
  "runtime_error": null,
  "accepted": true,
  "accepted_reason": "baseline"
}
