{
  "name": "round-022-left-d",
  "candidate_label": "left-d=0.500000",
  "wheel_scores": {
    "left": {
      "wheel": "left",
      "sample_count": 55,
      "mean_abs_error": 15.0,
      "p95_abs_error": 24.89999999999999,
      "overshoot_peak": 11.0,
      "settle_delay_s": 1.5350000000000001,
      "pwm_settle_delay_s": 1.1749761904761904,
      "saturation_ratio": 0.03636363636363636,
      "steady_abs_error_ratio": 0.1402116402116402,
      "p95_error_ratio": 0.21198412698412697,
      "settle_time_ratio": 1.0,
      "pwm_settle_time_ratio": 0.7773535386488826,
      "overshoot_ratio": 0.031746031746031744,
      "oscillation_ratio": 0.050943813513889886,
      "attainment_ratio": 0.8714285714285714,
      "rail_hit_ratio": 0.0,
      "pwm_chatter_ratio": 0.0,
      "tail_mean_abs_error": 15.23015873015873,
      "tail_pwm_jump_abs": 737.5714285714286,
      "terminal_requirements_ok": false,
      "pwm_limit_reasonable": false,
      "pwm_limit_note": "terminal steady-state gate failed (tail error or PWM jump exceeded limits)",
      "weighted_score": Infinity
    },
    "right": {
      "wheel": "right",
      "sample_count": 55,
      "mean_abs_error": 19.90909090909091,
      "p95_abs_error": 31.0,
      "overshoot_peak": 1.0,
      "settle_delay_s": 1.5350000000000001,
      "pwm_settle_delay_s": 1.3530952380952381,
      "saturation_ratio": 0.01818181818181818,
      "steady_abs_error_ratio": 0.2074074074074074,
      "p95_error_ratio": 0.28539682539682537,
      "settle_time_ratio": 1.0,
      "pwm_settle_time_ratio": 0.8837512721926949,
      "overshoot_ratio": 0.0015873015873015873,
      "oscillation_ratio": 0.050078923538199815,
      "attainment_ratio": 0.7925925925925925,
      "rail_hit_ratio": 0.0,
      "pwm_chatter_ratio": 0.0,
      "tail_mean_abs_error": 22.0,
      "tail_pwm_jump_abs": 834.3095238095239,
      "terminal_requirements_ok": false,
      "pwm_limit_reasonable": false,
      "pwm_limit_note": "terminal steady-state gate failed (tail error or PWM jump exceeded limits)",
      "weighted_score": Infinity
    }
  },
  "csv_path": "/home/madejuele/projects/2K0300/new/verification/auto-wheel-pid/20260422T143235Z/round-022-left-d/attempt-01/telemetry.csv",
  "host_log_path": "/home/madejuele/projects/2K0300/new/verification/auto-wheel-pid/20260422T143235Z/round-022-left-d/attempt-01/host.log",
  "board_log_path": "/home/madejuele/projects/2K0300/new/verification/auto-wheel-pid/20260422T143235Z/round-022-left-d/attempt-01/board.log",
  "params_path": "/home/madejuele/projects/2K0300/new/verification/auto-wheel-pid/20260422T143235Z/round-022-left-d/attempt-01/params.json",
  "tuning_exit_code": 0,
  "receiver_error": null,
  "ack_complete": true,
  "snapshot_cleared_seen": true,
  "board_markers_ok": true,
  "unexpected_failsafe": false,
  "runtime_error": null,
  "accepted": false,
  "accepted_reason": "left score 70.561713 did not beat 51.744817 by 5%"
}
