{
  "name": "round-024-right-d",
  "candidate_label": "right-d=0.000000",
  "wheel_scores": {
    "left": {
      "wheel": "left",
      "sample_count": 51,
      "mean_abs_error": 13.549019607843137,
      "p95_abs_error": 33.0,
      "overshoot_peak": 26.0,
      "settle_delay_s": 1.3883333333333334,
      "pwm_settle_delay_s": 1.5204444444444445,
      "saturation_ratio": 0.0784313725490196,
      "steady_abs_error_ratio": 0.14135802469135805,
      "p95_error_ratio": 0.30231481481481476,
      "settle_time_ratio": 0.8906655733223999,
      "pwm_settle_time_ratio": 1.0,
      "overshoot_ratio": 0.12962962962962962,
      "oscillation_ratio": 0.10557348591765313,
      "attainment_ratio": 0.9216049382716048,
      "rail_hit_ratio": 0.06635802469135801,
      "pwm_chatter_ratio": 0.04761904761904762,
      "tail_mean_abs_error": 13.277777777777779,
      "tail_pwm_jump_abs": 1363.111111111111,
      "terminal_requirements_ok": false,
      "pwm_limit_reasonable": false,
      "pwm_limit_note": "terminal steady-state gate failed (tail error or PWM jump exceeded limits)",
      "weighted_score": Infinity
    },
    "right": {
      "wheel": "right",
      "sample_count": 51,
      "mean_abs_error": 16.705882352941178,
      "p95_abs_error": 25.5,
      "overshoot_peak": 4.0,
      "settle_delay_s": 1.5216666666666667,
      "pwm_settle_delay_s": 1.4537777777777776,
      "saturation_ratio": 0.0,
      "steady_abs_error_ratio": 0.2160493827160494,
      "p95_error_ratio": 0.2663888888888889,
      "settle_time_ratio": 1.0,
      "pwm_settle_time_ratio": 0.9586178357128077,
      "overshoot_ratio": 0.014814814814814815,
      "oscillation_ratio": 0.04546658466375929,
      "attainment_ratio": 0.7839506172839505,
      "rail_hit_ratio": 0.0,
      "pwm_chatter_ratio": 0.0,
      "tail_mean_abs_error": 20.38888888888889,
      "tail_pwm_jump_abs": 640.6111111111111,
      "terminal_requirements_ok": false,
      "pwm_limit_reasonable": false,
      "pwm_limit_note": "terminal steady-state gate failed (tail error or PWM jump exceeded limits)",
      "weighted_score": Infinity
    }
  },
  "csv_path": "/home/madejuele/projects/2K0300/new/verification/auto-wheel-pid/20260422T135601Z/round-024-right-d/attempt-01/telemetry.csv",
  "host_log_path": "/home/madejuele/projects/2K0300/new/verification/auto-wheel-pid/20260422T135601Z/round-024-right-d/attempt-01/host.log",
  "board_log_path": "/home/madejuele/projects/2K0300/new/verification/auto-wheel-pid/20260422T135601Z/round-024-right-d/attempt-01/board.log",
  "params_path": "/home/madejuele/projects/2K0300/new/verification/auto-wheel-pid/20260422T135601Z/round-024-right-d/attempt-01/params.json",
  "tuning_exit_code": 0,
  "receiver_error": null,
  "ack_complete": true,
  "snapshot_cleared_seen": true,
  "board_markers_ok": true,
  "unexpected_failsafe": false,
  "runtime_error": null,
  "accepted": false,
  "accepted_reason": "right score 73.186004 did not beat 61.108075 by 5%"
}
