{
  "name": "round-004-d-screen",
  "candidate_label": "left-d=0.500000; right-d=0.500000",
  "wheel_scores": {
    "left": {
      "wheel": "left",
      "sample_count": 28,
      "mean_abs_error": 12.464285714285714,
      "p95_abs_error": 22.0,
      "overshoot_peak": 22.0,
      "settle_delay_s": 1.2596666666666667,
      "pwm_settle_delay_s": 1.3752380952380954,
      "saturation_ratio": 0.03571428571428571,
      "steady_abs_error_ratio": 0.1365079365079365,
      "p95_error_ratio": 0.20809523809523808,
      "settle_time_ratio": 0.7422170497526912,
      "pwm_settle_time_ratio": 0.881588149278403,
      "overshoot_ratio": 0.20634920634920634,
      "oscillation_ratio": 0.10578965616659083,
      "attainment_ratio": 0.9925925925925925,
      "rail_hit_ratio": 0.047619047619047616,
      "pwm_chatter_ratio": 0.0,
      "tail_mean_abs_error": 14.904761904761905,
      "tail_pwm_jump_abs": 1272.857142857143,
      "terminal_requirements_ok": false,
      "pwm_limit_reasonable": false,
      "pwm_limit_note": "terminal steady-state gate failed (tail error or PWM jump exceeded limits)",
      "weighted_score": Infinity
    },
    "right": {
      "wheel": "right",
      "sample_count": 28,
      "mean_abs_error": 17.142857142857142,
      "p95_abs_error": 31.499999999999986,
      "overshoot_peak": 1.0,
      "settle_delay_s": 1.555,
      "pwm_settle_delay_s": 1.5526190476190478,
      "saturation_ratio": 0.07142857142857142,
      "steady_abs_error_ratio": 0.18518518518518517,
      "p95_error_ratio": 0.26428571428571423,
      "settle_time_ratio": 1.0,
      "pwm_settle_time_ratio": 1.0,
      "overshoot_ratio": 0.0031746031746031746,
      "oscillation_ratio": 0.0940136753689649,
      "attainment_ratio": 0.8169312169312168,
      "rail_hit_ratio": 0.0,
      "pwm_chatter_ratio": 0.0,
      "tail_mean_abs_error": 19.761904761904763,
      "tail_pwm_jump_abs": 1480.7142857142858,
      "terminal_requirements_ok": false,
      "pwm_limit_reasonable": false,
      "pwm_limit_note": "terminal steady-state gate failed (tail error or PWM jump exceeded limits)",
      "weighted_score": Infinity
    }
  },
  "csv_path": "/home/madejuele/projects/2K0300/new/verification/auto-wheel-pid/20260423T012139Z/round-004-d-screen/attempt-01/telemetry.csv",
  "host_log_path": "/home/madejuele/projects/2K0300/new/verification/auto-wheel-pid/20260423T012139Z/round-004-d-screen/attempt-01/host.log",
  "board_log_path": "/home/madejuele/projects/2K0300/new/verification/auto-wheel-pid/20260423T012139Z/round-004-d-screen/attempt-01/board.log",
  "params_path": "/home/madejuele/projects/2K0300/new/verification/auto-wheel-pid/20260423T012139Z/round-004-d-screen/attempt-01/params.json",
  "tuning_exit_code": 0,
  "receiver_error": null,
  "ack_complete": true,
  "snapshot_cleared_seen": true,
  "board_markers_ok": true,
  "unexpected_failsafe": false,
  "runtime_error": null,
  "accepted": false,
  "accepted_reason": "screen left terminal gate failed: tail PWM jump 1272.857 > 800.000; screen right terminal gate failed: tail PWM jump 1480.714 > 800.000"
}
