{
  "name": "round-007-d-screen",
  "candidate_label": "left-d=0.875000; right-d=0.875000",
  "wheel_scores": {
    "left": {
      "wheel": "left",
      "sample_count": 29,
      "mean_abs_error": 12.758620689655173,
      "p95_abs_error": 24.199999999999996,
      "overshoot_peak": 21.0,
      "settle_delay_s": 1.6046666666666667,
      "pwm_settle_delay_s": 1.6201904761904762,
      "saturation_ratio": 0.13793103448275862,
      "steady_abs_error_ratio": 0.12063492063492064,
      "p95_error_ratio": 0.23301587301587295,
      "settle_time_ratio": 1.0,
      "pwm_settle_time_ratio": 1.0,
      "overshoot_ratio": 0.1365079365079365,
      "oscillation_ratio": 0.1151205396766553,
      "attainment_ratio": 0.9195767195767196,
      "rail_hit_ratio": 0.10344827586206896,
      "pwm_chatter_ratio": 0.1917989417989418,
      "tail_mean_abs_error": 12.53968253968254,
      "tail_pwm_jump_abs": 2224.904761904762,
      "terminal_requirements_ok": false,
      "pwm_limit_reasonable": false,
      "pwm_limit_note": "terminal steady-state gate failed (tail error or PWM jump exceeded limits)",
      "weighted_score": Infinity
    },
    "right": {
      "wheel": "right",
      "sample_count": 29,
      "mean_abs_error": 15.517241379310345,
      "p95_abs_error": 22.599999999999998,
      "overshoot_peak": 8.0,
      "settle_delay_s": 1.6046666666666667,
      "pwm_settle_delay_s": 1.1292857142857144,
      "saturation_ratio": 0.0,
      "steady_abs_error_ratio": 0.15767195767195766,
      "p95_error_ratio": 0.20793650793650795,
      "settle_time_ratio": 1.0,
      "pwm_settle_time_ratio": 0.7041128705425432,
      "overshoot_ratio": 0.025396825396825397,
      "oscillation_ratio": 0.037688338150684945,
      "attainment_ratio": 0.8423280423280425,
      "rail_hit_ratio": 0.0,
      "pwm_chatter_ratio": 0.0,
      "tail_mean_abs_error": 17.444444444444443,
      "tail_pwm_jump_abs": 474.4761904761905,
      "terminal_requirements_ok": false,
      "pwm_limit_reasonable": false,
      "pwm_limit_note": "terminal steady-state gate failed (tail error or PWM jump exceeded limits)",
      "weighted_score": Infinity
    }
  },
  "csv_path": "/home/madejuele/projects/2K0300/new/verification/auto-wheel-pid/20260423T012139Z/round-007-d-screen/attempt-01/telemetry.csv",
  "host_log_path": "/home/madejuele/projects/2K0300/new/verification/auto-wheel-pid/20260423T012139Z/round-007-d-screen/attempt-01/host.log",
  "board_log_path": "/home/madejuele/projects/2K0300/new/verification/auto-wheel-pid/20260423T012139Z/round-007-d-screen/attempt-01/board.log",
  "params_path": "/home/madejuele/projects/2K0300/new/verification/auto-wheel-pid/20260423T012139Z/round-007-d-screen/attempt-01/params.json",
  "tuning_exit_code": 0,
  "receiver_error": null,
  "ack_complete": true,
  "snapshot_cleared_seen": true,
  "board_markers_ok": true,
  "unexpected_failsafe": false,
  "runtime_error": null,
  "accepted": false,
  "accepted_reason": "screen left terminal gate failed: tail PWM jump 2224.905 > 800.000; screen right terminal gate failed: terminal gate failed"
}
