{
  "name": "round-003-d-screen",
  "candidate_label": "left-d=0.375000; right-d=0.375000",
  "wheel_scores": {
    "left": {
      "wheel": "left",
      "sample_count": 28,
      "mean_abs_error": 13.678571428571429,
      "p95_abs_error": 29.65,
      "overshoot_peak": 32.0,
      "settle_delay_s": 1.3596666666666668,
      "pwm_settle_delay_s": 1.5644285714285715,
      "saturation_ratio": 0.10714285714285714,
      "steady_abs_error_ratio": 0.1365079365079365,
      "p95_error_ratio": 0.2596825396825396,
      "settle_time_ratio": 0.910140800506249,
      "pwm_settle_time_ratio": 1.0,
      "overshoot_ratio": 0.2222222222222222,
      "oscillation_ratio": 0.0899926121653004,
      "attainment_ratio": 0.9756613756613756,
      "rail_hit_ratio": 0.10714285714285714,
      "pwm_chatter_ratio": 0.125,
      "tail_mean_abs_error": 14.174603174603174,
      "tail_pwm_jump_abs": 1250.1904761904761,
      "terminal_requirements_ok": false,
      "pwm_limit_reasonable": false,
      "pwm_limit_note": "terminal steady-state gate failed (tail error or PWM jump exceeded limits)",
      "weighted_score": Infinity
    },
    "right": {
      "wheel": "right",
      "sample_count": 28,
      "mean_abs_error": 18.678571428571427,
      "p95_abs_error": 31.249999999999993,
      "overshoot_peak": 33.0,
      "settle_delay_s": 1.549,
      "pwm_settle_delay_s": 1.5644285714285715,
      "saturation_ratio": 0.03571428571428571,
      "steady_abs_error_ratio": 0.16296296296296295,
      "p95_error_ratio": 0.276984126984127,
      "settle_time_ratio": 1.0,
      "pwm_settle_time_ratio": 1.0,
      "overshoot_ratio": 0.12380952380952381,
      "oscillation_ratio": 0.06621806252642112,
      "attainment_ratio": 0.8370370370370371,
      "rail_hit_ratio": 0.0,
      "pwm_chatter_ratio": 0.0,
      "tail_mean_abs_error": 18.158730158730158,
      "tail_pwm_jump_abs": 1285.1904761904761,
      "terminal_requirements_ok": false,
      "pwm_limit_reasonable": false,
      "pwm_limit_note": "terminal steady-state gate failed (tail error or PWM jump exceeded limits)",
      "weighted_score": Infinity
    }
  },
  "csv_path": "/home/madejuele/projects/2K0300/new/verification/auto-wheel-pid/20260423T012139Z/round-003-d-screen/attempt-01/telemetry.csv",
  "host_log_path": "/home/madejuele/projects/2K0300/new/verification/auto-wheel-pid/20260423T012139Z/round-003-d-screen/attempt-01/host.log",
  "board_log_path": "/home/madejuele/projects/2K0300/new/verification/auto-wheel-pid/20260423T012139Z/round-003-d-screen/attempt-01/board.log",
  "params_path": "/home/madejuele/projects/2K0300/new/verification/auto-wheel-pid/20260423T012139Z/round-003-d-screen/attempt-01/params.json",
  "tuning_exit_code": 0,
  "receiver_error": null,
  "ack_complete": true,
  "snapshot_cleared_seen": true,
  "board_markers_ok": true,
  "unexpected_failsafe": false,
  "runtime_error": null,
  "accepted": false,
  "accepted_reason": "screen left terminal gate failed: tail PWM jump 1250.190 > 800.000; screen right terminal gate failed: tail PWM jump 1285.190 > 800.000"
}
