{
  "name": "right-p150",
  "candidate_label": "left-p=139.000000; right-p=150.000000; right-alpha=0.400000",
  "wheel_scores": {
    "left": {
      "wheel": "left",
      "sample_count": 56,
      "mean_abs_error": 10.482142857142858,
      "p95_abs_error": 21.5,
      "overshoot_peak": 25.0,
      "settle_delay_s": 0.7953333333333333,
      "pwm_settle_delay_s": 1.2200714285714285,
      "saturation_ratio": 0.0,
      "steady_abs_error_ratio": 0.0962962962962963,
      "p95_error_ratio": 0.18825396825396823,
      "settle_time_ratio": 0.4709582501401972,
      "pwm_settle_time_ratio": 0.8001889750782982,
      "overshoot_ratio": 0.0873015873015873,
      "oscillation_ratio": 0.0701603569460434,
      "attainment_ratio": 0.947089947089947,
      "rail_hit_ratio": 0.0,
      "pwm_chatter_ratio": 0.0,
      "tail_mean_abs_error": 10.333333333333334,
      "tail_pwm_jump_abs": 838.1904761904761,
      "terminal_requirements_ok": false,
      "pwm_limit_reasonable": false,
      "pwm_limit_note": "terminal steady-state gate failed (tail error or PWM jump exceeded limits)",
      "weighted_score": Infinity
    },
    "right": {
      "wheel": "right",
      "sample_count": 56,
      "mean_abs_error": 18.357142857142858,
      "p95_abs_error": 59.25,
      "overshoot_peak": 63.0,
      "settle_delay_s": 1.0716666666666668,
      "pwm_settle_delay_s": 1.2062380952380953,
      "saturation_ratio": 0.10714285714285714,
      "steady_abs_error_ratio": 0.15661375661375662,
      "p95_error_ratio": 0.43365079365079356,
      "settle_time_ratio": 0.686734944369177,
      "pwm_settle_time_ratio": 0.779138554805906,
      "overshoot_ratio": 0.2634920634920635,
      "oscillation_ratio": 0.145267414876152,
      "attainment_ratio": 0.9936507936507937,
      "rail_hit_ratio": 0.07142857142857142,
      "pwm_chatter_ratio": 0.018518518518518517,
      "tail_mean_abs_error": 17.03174603174603,
      "tail_pwm_jump_abs": 1362.642857142857,
      "terminal_requirements_ok": false,
      "pwm_limit_reasonable": false,
      "pwm_limit_note": "terminal steady-state gate failed (tail error or PWM jump exceeded limits)",
      "weighted_score": Infinity
    }
  },
  "csv_path": "/home/madejuele/projects/2K0300/new/verification/manual-probes/20260423T041956Z-right-alpha04-p-window-scan/right-p150/attempt-01/telemetry.csv",
  "host_log_path": "/home/madejuele/projects/2K0300/new/verification/manual-probes/20260423T041956Z-right-alpha04-p-window-scan/right-p150/attempt-01/host.log",
  "board_log_path": "/home/madejuele/projects/2K0300/new/verification/manual-probes/20260423T041956Z-right-alpha04-p-window-scan/right-p150/attempt-01/board.log",
  "params_path": "/home/madejuele/projects/2K0300/new/verification/manual-probes/20260423T041956Z-right-alpha04-p-window-scan/right-p150/attempt-01/params.json",
  "tuning_exit_code": 0,
  "receiver_error": null,
  "ack_complete": true,
  "snapshot_cleared_seen": true,
  "board_markers_ok": true,
  "unexpected_failsafe": false,
  "runtime_error": null,
  "accepted": false,
  "accepted_reason": ""
}
