{
  "name": "right-p88-repeat-03",
  "candidate_label": "left-p=139.000000; right-p=88.000000",
  "wheel_scores": {
    "left": {
      "wheel": "left",
      "sample_count": 57,
      "mean_abs_error": 18.24561403508772,
      "p95_abs_error": 75.0,
      "overshoot_peak": 42.0,
      "settle_delay_s": 1.0216666666666667,
      "pwm_settle_delay_s": 1.4810238095238095,
      "saturation_ratio": 0.10526315789473684,
      "steady_abs_error_ratio": 0.13174603174603175,
      "p95_error_ratio": 0.4507142857142855,
      "settle_time_ratio": 0.5821966185747613,
      "pwm_settle_time_ratio": 0.9447139680614514,
      "overshoot_ratio": 0.18571428571428572,
      "oscillation_ratio": 0.10902986679720257,
      "attainment_ratio": 0.9201058201058201,
      "rail_hit_ratio": 0.10526315789473684,
      "pwm_chatter_ratio": 0.0,
      "tail_mean_abs_error": 13.420634920634921,
      "tail_pwm_jump_abs": 1151.3095238095239,
      "terminal_requirements_ok": false,
      "pwm_limit_reasonable": false,
      "pwm_limit_note": "terminal steady-state gate failed (tail error or PWM jump exceeded limits)",
      "weighted_score": Infinity
    },
    "right": {
      "wheel": "right",
      "sample_count": 57,
      "mean_abs_error": 17.50877192982456,
      "p95_abs_error": 29.0,
      "overshoot_peak": 29.0,
      "settle_delay_s": 1.3798333333333335,
      "pwm_settle_delay_s": 1.2296904761904763,
      "saturation_ratio": 0.03508771929824561,
      "steady_abs_error_ratio": 0.16455026455026453,
      "p95_error_ratio": 0.316031746031746,
      "settle_time_ratio": 0.88885523924894,
      "pwm_settle_time_ratio": 0.7928217635281389,
      "overshoot_ratio": 0.046031746031746035,
      "oscillation_ratio": 0.05298764121840469,
      "attainment_ratio": 0.8354497354497356,
      "rail_hit_ratio": 0.03508771929824561,
      "pwm_chatter_ratio": 0.0,
      "tail_mean_abs_error": 17.57936507936508,
      "tail_pwm_jump_abs": 619.2142857142857,
      "terminal_requirements_ok": false,
      "pwm_limit_reasonable": false,
      "pwm_limit_note": "terminal steady-state gate failed (tail error or PWM jump exceeded limits)",
      "weighted_score": Infinity
    }
  },
  "csv_path": "/home/madejuele/projects/2K0300/new/verification/manual-probes/20260423T041054Z-right-p-repeat-verify-battery-retest/right-p88/repeat-03/attempt-01/telemetry.csv",
  "host_log_path": "/home/madejuele/projects/2K0300/new/verification/manual-probes/20260423T041054Z-right-p-repeat-verify-battery-retest/right-p88/repeat-03/attempt-01/host.log",
  "board_log_path": "/home/madejuele/projects/2K0300/new/verification/manual-probes/20260423T041054Z-right-p-repeat-verify-battery-retest/right-p88/repeat-03/attempt-01/board.log",
  "params_path": "/home/madejuele/projects/2K0300/new/verification/manual-probes/20260423T041054Z-right-p-repeat-verify-battery-retest/right-p88/repeat-03/attempt-01/params.json",
  "tuning_exit_code": 0,
  "receiver_error": null,
  "ack_complete": true,
  "snapshot_cleared_seen": true,
  "board_markers_ok": true,
  "unexpected_failsafe": false,
  "runtime_error": null,
  "accepted": false,
  "accepted_reason": ""
}
