{
  "name": "round-001-p-screen",
  "candidate_label": "left-p=136.000000; right-p=82.000000",
  "wheel_scores": {
    "left": {
      "wheel": "left",
      "sample_count": 22,
      "mean_abs_error": 10.727272727272727,
      "p95_abs_error": 26.9,
      "overshoot_peak": 2.0,
      "settle_delay_s": 0.9236666666666667,
      "pwm_settle_delay_s": 1.0350476190476192,
      "saturation_ratio": 0.0,
      "steady_abs_error_ratio": 0.0687830687830688,
      "p95_error_ratio": 0.21825396825396817,
      "settle_time_ratio": 0.7619777364479353,
      "pwm_settle_time_ratio": 0.8842326404245908,
      "overshoot_ratio": 0.009523809523809525,
      "oscillation_ratio": 0.021090797370889102,
      "attainment_ratio": 0.9354497354497353,
      "rail_hit_ratio": 0.0,
      "pwm_chatter_ratio": 0.0,
      "tail_mean_abs_error": 7.603174603174603,
      "tail_pwm_jump_abs": 252.66666666666666,
      "terminal_requirements_ok": true,
      "pwm_limit_reasonable": true,
      "pwm_limit_note": "within current wheel-PID test envelope",
      "weighted_score": 1.2686805178951057
    },
    "right": {
      "wheel": "right",
      "sample_count": 22,
      "mean_abs_error": 15.136363636363637,
      "p95_abs_error": 29.849999999999998,
      "overshoot_peak": 5.0,
      "settle_delay_s": 1.0513333333333335,
      "pwm_settle_delay_s": 1.1846190476190477,
      "saturation_ratio": 0.0,
      "steady_abs_error_ratio": 0.09629629629629631,
      "p95_error_ratio": 0.24857142857142853,
      "settle_time_ratio": 0.8842326404245908,
      "pwm_settle_time_ratio": 1.0,
      "overshoot_ratio": 0.015873015873015872,
      "oscillation_ratio": 0.025144988828665032,
      "attainment_ratio": 0.9037037037037038,
      "rail_hit_ratio": 0.0,
      "pwm_chatter_ratio": 0.0,
      "tail_mean_abs_error": 9.698412698412698,
      "tail_pwm_jump_abs": 269.2857142857143,
      "terminal_requirements_ok": true,
      "pwm_limit_reasonable": true,
      "pwm_limit_note": "within current wheel-PID test envelope",
      "weighted_score": 1.737198077109479
    }
  },
  "csv_path": "/home/madejuele/projects/2K0300/new/verification/auto-wheel-pid/20260423T042856Z/round-001-p-screen/attempt-01/telemetry.csv",
  "host_log_path": "/home/madejuele/projects/2K0300/new/verification/auto-wheel-pid/20260423T042856Z/round-001-p-screen/attempt-01/host.log",
  "board_log_path": "/home/madejuele/projects/2K0300/new/verification/auto-wheel-pid/20260423T042856Z/round-001-p-screen/attempt-01/board.log",
  "params_path": "/home/madejuele/projects/2K0300/new/verification/auto-wheel-pid/20260423T042856Z/round-001-p-screen/attempt-01/params.json",
  "tuning_exit_code": 0,
  "receiver_error": null,
  "ack_complete": true,
  "snapshot_cleared_seen": true,
  "board_markers_ok": true,
  "unexpected_failsafe": false,
  "runtime_error": null,
  "accepted": false,
  "accepted_reason": "screen left score improved from inf to 1.268681; pending confirmation; screen right score 1.737198 did not beat 1.215166 by 5%"
}
