{
  "name": "baseline-screen",
  "candidate_label": "current-working-params-screen",
  "wheel_scores": {
    "left": {
      "wheel": "left",
      "sample_count": 22,
      "mean_abs_error": 13.409090909090908,
      "p95_abs_error": 43.999999999999986,
      "overshoot_peak": 25.0,
      "settle_delay_s": 0.434,
      "pwm_settle_delay_s": 1.1955714285714287,
      "saturation_ratio": 0.09090909090909091,
      "steady_abs_error_ratio": 0.1439153439153439,
      "p95_error_ratio": 0.31920634920634905,
      "settle_time_ratio": 0.3025646735701295,
      "pwm_settle_time_ratio": 1.0,
      "overshoot_ratio": 0.10793650793650794,
      "oscillation_ratio": 0.1426912795662292,
      "attainment_ratio": 0.9449735449735448,
      "rail_hit_ratio": 0.05357142857142857,
      "pwm_chatter_ratio": 0.0,
      "tail_mean_abs_error": 14.19047619047619,
      "tail_pwm_jump_abs": 989.1904761904761,
      "terminal_requirements_ok": false,
      "pwm_limit_reasonable": false,
      "pwm_limit_note": "terminal steady-state gate failed (tail error or PWM jump exceeded limits)",
      "weighted_score": Infinity
    },
    "right": {
      "wheel": "right",
      "sample_count": 22,
      "mean_abs_error": 12.954545454545455,
      "p95_abs_error": 26.749999999999996,
      "overshoot_peak": 2.0,
      "settle_delay_s": 0.7353333333333334,
      "pwm_settle_delay_s": 0.9585714285714285,
      "saturation_ratio": 0.0,
      "steady_abs_error_ratio": 0.12380952380952381,
      "p95_error_ratio": 0.22444444444444442,
      "settle_time_ratio": 0.5809307600211153,
      "pwm_settle_time_ratio": 0.8152766952455183,
      "overshoot_ratio": 0.006349206349206349,
      "oscillation_ratio": 0.03917332578837787,
      "attainment_ratio": 0.8761904761904762,
      "rail_hit_ratio": 0.0,
      "pwm_chatter_ratio": 0.0,
      "tail_mean_abs_error": 12.428571428571429,
      "tail_pwm_jump_abs": 456.9047619047619,
      "terminal_requirements_ok": true,
      "pwm_limit_reasonable": true,
      "pwm_limit_note": "within current wheel-PID test envelope",
      "weighted_score": 1.215165558111047
    }
  },
  "csv_path": "/home/madejuele/projects/2K0300/new/verification/auto-wheel-pid/20260423T042856Z/baseline-screen/attempt-01/telemetry.csv",
  "host_log_path": "/home/madejuele/projects/2K0300/new/verification/auto-wheel-pid/20260423T042856Z/baseline-screen/attempt-01/host.log",
  "board_log_path": "/home/madejuele/projects/2K0300/new/verification/auto-wheel-pid/20260423T042856Z/baseline-screen/attempt-01/board.log",
  "params_path": "/home/madejuele/projects/2K0300/new/verification/auto-wheel-pid/20260423T042856Z/baseline-screen/attempt-01/params.json",
  "tuning_exit_code": 0,
  "receiver_error": null,
  "ack_complete": true,
  "snapshot_cleared_seen": true,
  "board_markers_ok": true,
  "unexpected_failsafe": false,
  "runtime_error": null,
  "accepted": true,
  "accepted_reason": "baseline-screen"
}
