{
  "name": "round-010-p-screen",
  "candidate_label": "left-p=141.000000; right-p=81.000000",
  "wheel_scores": {
    "left": {
      "wheel": "left",
      "sample_count": 15,
      "mean_abs_error": 14.066666666666666,
      "p95_abs_error": 27.0,
      "overshoot_peak": 27.0,
      "settle_delay_s": 1.2269999999999999,
      "pwm_settle_delay_s": 0.47291666666666665,
      "saturation_ratio": 0.13333333333333333,
      "steady_abs_error_ratio": 0.09074074074074073,
      "p95_error_ratio": 0.26944444444444443,
      "settle_time_ratio": 1.0,
      "pwm_settle_time_ratio": 0.4166666666666667,
      "overshoot_ratio": 0.18888888888888888,
      "oscillation_ratio": 0.09015291879095098,
      "attainment_ratio": 1.0537037037037036,
      "rail_hit_ratio": 0.13333333333333333,
      "pwm_chatter_ratio": 0.4027777777777778,
      "tail_mean_abs_error": 8.305555555555555,
      "tail_pwm_jump_abs": 587.5,
      "terminal_requirements_ok": false,
      "pwm_limit_reasonable": false,
      "pwm_limit_note": "terminal steady-state gate failed (tail error or PWM jump exceeded limits)",
      "weighted_score": Infinity
    },
    "right": {
      "wheel": "right",
      "sample_count": 15,
      "mean_abs_error": 18.333333333333332,
      "p95_abs_error": 28.79999999999999,
      "overshoot_peak": 14.0,
      "settle_delay_s": 1.2269999999999999,
      "pwm_settle_delay_s": 1.2423333333333333,
      "saturation_ratio": 0.0,
      "steady_abs_error_ratio": 0.18703703703703703,
      "p95_error_ratio": 0.3108333333333333,
      "settle_time_ratio": 1.0,
      "pwm_settle_time_ratio": 1.0,
      "overshoot_ratio": 0.07777777777777778,
      "oscillation_ratio": 0.12404883985724094,
      "attainment_ratio": 0.8648148148148148,
      "rail_hit_ratio": 0.0,
      "pwm_chatter_ratio": 0.06944444444444445,
      "tail_mean_abs_error": 17.02777777777778,
      "tail_pwm_jump_abs": 1512.0,
      "terminal_requirements_ok": false,
      "pwm_limit_reasonable": false,
      "pwm_limit_note": "terminal steady-state gate failed (tail error or PWM jump exceeded limits)",
      "weighted_score": Infinity
    }
  },
  "csv_path": "/home/madejuele/projects/2K0300/new/verification/auto-wheel-pid/20260423T004635Z/round-010-p-screen/attempt-01/telemetry.csv",
  "host_log_path": "/home/madejuele/projects/2K0300/new/verification/auto-wheel-pid/20260423T004635Z/round-010-p-screen/attempt-01/host.log",
  "board_log_path": "/home/madejuele/projects/2K0300/new/verification/auto-wheel-pid/20260423T004635Z/round-010-p-screen/attempt-01/board.log",
  "params_path": "/home/madejuele/projects/2K0300/new/verification/auto-wheel-pid/20260423T004635Z/round-010-p-screen/attempt-01/params.json",
  "tuning_exit_code": 0,
  "receiver_error": null,
  "ack_complete": true,
  "snapshot_cleared_seen": true,
  "board_markers_ok": true,
  "unexpected_failsafe": false,
  "runtime_error": null,
  "accepted": false,
  "accepted_reason": "screen left terminal gate failed: terminal gate failed; screen right terminal gate failed: tail PWM jump 1512.000 > 800.000"
}
