{
  "name": "round-035-right-p",
  "candidate_label": "right-p=87.890625",
  "wheel_scores": {
    "left": {
      "wheel": "left",
      "sample_count": 56,
      "mean_abs_error": 17.089285714285715,
      "p95_abs_error": 27.25,
      "overshoot_peak": 23.0,
      "settle_delay_s": 1.5438333333333334,
      "pwm_settle_delay_s": 1.5115714285714286,
      "saturation_ratio": 0.03571428571428571,
      "steady_abs_error_ratio": 0.17724867724867724,
      "p95_error_ratio": 0.23896825396825394,
      "settle_time_ratio": 1.0,
      "pwm_settle_time_ratio": 0.9866375121477162,
      "overshoot_ratio": 0.03650793650793651,
      "oscillation_ratio": 0.06693800274829328,
      "attainment_ratio": 0.847089947089947,
      "rail_hit_ratio": 0.0,
      "pwm_chatter_ratio": 0.020833333333333332,
      "tail_mean_abs_error": 18.976190476190474,
      "tail_pwm_jump_abs": 1150.6666666666667,
      "terminal_requirements_ok": false,
      "pwm_limit_reasonable": false,
      "pwm_limit_note": "terminal steady-state gate failed (tail error or PWM jump exceeded limits)",
      "weighted_score": Infinity
    },
    "right": {
      "wheel": "right",
      "sample_count": 56,
      "mean_abs_error": 13.446428571428571,
      "p95_abs_error": 24.25,
      "overshoot_peak": 16.0,
      "settle_delay_s": 1.4828333333333332,
      "pwm_settle_delay_s": 1.4706666666666666,
      "saturation_ratio": 0.0,
      "steady_abs_error_ratio": 0.1253968253968254,
      "p95_error_ratio": 0.20738095238095233,
      "settle_time_ratio": 0.9469718922051579,
      "pwm_settle_time_ratio": 0.9578044978846583,
      "overshoot_ratio": 0.025396825396825397,
      "oscillation_ratio": 0.034694047892624695,
      "attainment_ratio": 0.8746031746031746,
      "rail_hit_ratio": 0.0,
      "pwm_chatter_ratio": 0.018518518518518517,
      "tail_mean_abs_error": 12.468253968253968,
      "tail_pwm_jump_abs": 568.047619047619,
      "terminal_requirements_ok": false,
      "pwm_limit_reasonable": false,
      "pwm_limit_note": "terminal steady-state gate failed (tail error or PWM jump exceeded limits)",
      "weighted_score": Infinity
    }
  },
  "csv_path": "/home/madejuele/projects/2K0300/new/verification/auto-wheel-pid/20260422T143235Z/round-035-right-p/attempt-01/telemetry.csv",
  "host_log_path": "/home/madejuele/projects/2K0300/new/verification/auto-wheel-pid/20260422T143235Z/round-035-right-p/attempt-01/host.log",
  "board_log_path": "/home/madejuele/projects/2K0300/new/verification/auto-wheel-pid/20260422T143235Z/round-035-right-p/attempt-01/board.log",
  "params_path": "/home/madejuele/projects/2K0300/new/verification/auto-wheel-pid/20260422T143235Z/round-035-right-p/attempt-01/params.json",
  "tuning_exit_code": 0,
  "receiver_error": null,
  "ack_complete": true,
  "snapshot_cleared_seen": true,
  "board_markers_ok": true,
  "unexpected_failsafe": false,
  "runtime_error": null,
  "accepted": false,
  "accepted_reason": "right score 53.160372 did not beat 43.720994 by 5%"
}
