{
  "name": "round-013-left-i",
  "candidate_label": "left-i=4.000000",
  "wheel_scores": {
    "left": {
      "wheel": "left",
      "sample_count": 56,
      "mean_abs_error": 17.125,
      "p95_abs_error": 26.25,
      "overshoot_peak": 14.0,
      "settle_delay_s": 1.4828333333333334,
      "pwm_settle_delay_s": 1.4926428571428572,
      "saturation_ratio": 0.017857142857142856,
      "steady_abs_error_ratio": 0.14656084656084656,
      "p95_error_ratio": 0.24690476190476188,
      "settle_time_ratio": 1.0,
      "pwm_settle_time_ratio": 1.0,
      "overshoot_ratio": 0.022222222222222223,
      "oscillation_ratio": 0.048544090610840536,
      "attainment_ratio": 0.8534391534391533,
      "rail_hit_ratio": 0.02142857142857143,
      "pwm_chatter_ratio": 0.020833333333333332,
      "tail_mean_abs_error": 15.595238095238095,
      "tail_pwm_jump_abs": 965.8095238095239,
      "terminal_requirements_ok": false,
      "pwm_limit_reasonable": false,
      "pwm_limit_note": "terminal steady-state gate failed (tail error or PWM jump exceeded limits)",
      "weighted_score": Infinity
    },
    "right": {
      "wheel": "right",
      "sample_count": 56,
      "mean_abs_error": 18.321428571428573,
      "p95_abs_error": 29.0,
      "overshoot_peak": 7.0,
      "settle_delay_s": 1.4828333333333334,
      "pwm_settle_delay_s": 1.3696428571428572,
      "saturation_ratio": 0.017857142857142856,
      "steady_abs_error_ratio": 0.16455026455026453,
      "p95_error_ratio": 0.27015873015873015,
      "settle_time_ratio": 1.0,
      "pwm_settle_time_ratio": 0.903755868544601,
      "overshoot_ratio": 0.011111111111111112,
      "oscillation_ratio": 0.03723700493456751,
      "attainment_ratio": 0.8428571428571429,
      "rail_hit_ratio": 0.02142857142857143,
      "pwm_chatter_ratio": 0.0,
      "tail_mean_abs_error": 17.134920634920636,
      "tail_pwm_jump_abs": 412.5,
      "terminal_requirements_ok": false,
      "pwm_limit_reasonable": false,
      "pwm_limit_note": "terminal steady-state gate failed (tail error or PWM jump exceeded limits)",
      "weighted_score": Infinity
    }
  },
  "csv_path": "/home/madejuele/projects/2K0300/new/verification/auto-wheel-pid/20260422T143235Z/round-013-left-i/attempt-01/telemetry.csv",
  "host_log_path": "/home/madejuele/projects/2K0300/new/verification/auto-wheel-pid/20260422T143235Z/round-013-left-i/attempt-01/host.log",
  "board_log_path": "/home/madejuele/projects/2K0300/new/verification/auto-wheel-pid/20260422T143235Z/round-013-left-i/attempt-01/board.log",
  "params_path": "/home/madejuele/projects/2K0300/new/verification/auto-wheel-pid/20260422T143235Z/round-013-left-i/attempt-01/params.json",
  "tuning_exit_code": 0,
  "receiver_error": null,
  "ack_complete": true,
  "snapshot_cleared_seen": true,
  "board_markers_ok": true,
  "unexpected_failsafe": false,
  "runtime_error": null,
  "accepted": false,
  "accepted_reason": "left score 92.033956 did not beat 51.744817 by 5%"
}
