{
  "name": "round-012-left-i",
  "candidate_label": "left-i=2.000000",
  "wheel_scores": {
    "left": {
      "wheel": "left",
      "sample_count": 56,
      "mean_abs_error": 15.285714285714286,
      "p95_abs_error": 24.0,
      "overshoot_peak": 14.0,
      "settle_delay_s": 1.5413333333333332,
      "pwm_settle_delay_s": 1.378595238095238,
      "saturation_ratio": 0.017857142857142856,
      "steady_abs_error_ratio": 0.13703703703703704,
      "p95_error_ratio": 0.20468253968253966,
      "settle_time_ratio": 1.0,
      "pwm_settle_time_ratio": 0.8809523809523809,
      "overshoot_ratio": 0.03015873015873016,
      "oscillation_ratio": 0.05728385992926536,
      "attainment_ratio": 0.8682539682539683,
      "rail_hit_ratio": 0.0,
      "pwm_chatter_ratio": 0.0,
      "tail_mean_abs_error": 14.484126984126984,
      "tail_pwm_jump_abs": 1215.2380952380952,
      "terminal_requirements_ok": false,
      "pwm_limit_reasonable": false,
      "pwm_limit_note": "terminal steady-state gate failed (tail error or PWM jump exceeded limits)",
      "weighted_score": Infinity
    },
    "right": {
      "wheel": "right",
      "sample_count": 56,
      "mean_abs_error": 17.642857142857142,
      "p95_abs_error": 27.25,
      "overshoot_peak": 34.0,
      "settle_delay_s": 1.5413333333333332,
      "pwm_settle_delay_s": 1.2780714285714285,
      "saturation_ratio": 0.017857142857142856,
      "steady_abs_error_ratio": 0.17724867724867727,
      "p95_error_ratio": 0.25785714285714284,
      "settle_time_ratio": 1.0,
      "pwm_settle_time_ratio": 0.8322029532967034,
      "overshoot_ratio": 0.08888888888888889,
      "oscillation_ratio": 0.052141843008546504,
      "attainment_ratio": 0.8227513227513228,
      "rail_hit_ratio": 0.017857142857142856,
      "pwm_chatter_ratio": 0.0,
      "tail_mean_abs_error": 18.293650793650794,
      "tail_pwm_jump_abs": 646.047619047619,
      "terminal_requirements_ok": false,
      "pwm_limit_reasonable": false,
      "pwm_limit_note": "terminal steady-state gate failed (tail error or PWM jump exceeded limits)",
      "weighted_score": Infinity
    }
  },
  "csv_path": "/home/madejuele/projects/2K0300/new/verification/auto-wheel-pid/20260422T143235Z/round-012-left-i/attempt-01/telemetry.csv",
  "host_log_path": "/home/madejuele/projects/2K0300/new/verification/auto-wheel-pid/20260422T143235Z/round-012-left-i/attempt-01/host.log",
  "board_log_path": "/home/madejuele/projects/2K0300/new/verification/auto-wheel-pid/20260422T143235Z/round-012-left-i/attempt-01/board.log",
  "params_path": "/home/madejuele/projects/2K0300/new/verification/auto-wheel-pid/20260422T143235Z/round-012-left-i/attempt-01/params.json",
  "tuning_exit_code": 0,
  "receiver_error": null,
  "ack_complete": true,
  "snapshot_cleared_seen": true,
  "board_markers_ok": true,
  "unexpected_failsafe": false,
  "runtime_error": null,
  "accepted": false,
  "accepted_reason": "left score 114.321475 did not beat 51.744817 by 5%"
}
