{
  "name": "round-005-p-screen",
  "candidate_label": "left-p=145.000000",
  "wheel_scores": {
    "left": {
      "wheel": "left",
      "sample_count": 28,
      "mean_abs_error": 13.785714285714286,
      "p95_abs_error": 31.19999999999999,
      "overshoot_peak": 34.0,
      "settle_delay_s": 1.542,
      "pwm_settle_delay_s": 1.2711904761904762,
      "saturation_ratio": 0.10714285714285714,
      "steady_abs_error_ratio": 0.13862433862433862,
      "p95_error_ratio": 0.27079365079365075,
      "settle_time_ratio": 1.0,
      "pwm_settle_time_ratio": 0.8203144894321365,
      "overshoot_ratio": 0.25396825396825395,
      "oscillation_ratio": 0.14280154152929103,
      "attainment_ratio": 1.034920634920635,
      "rail_hit_ratio": 0.12857142857142856,
      "pwm_chatter_ratio": 0.3181216931216931,
      "tail_mean_abs_error": 15.063492063492063,
      "tail_pwm_jump_abs": 1430.7142857142858,
      "terminal_requirements_ok": false,
      "pwm_limit_reasonable": false,
      "pwm_limit_note": "terminal steady-state gate failed (tail error or PWM jump exceeded limits)",
      "weighted_score": Infinity
    },
    "right": {
      "wheel": "right",
      "sample_count": 28,
      "mean_abs_error": 14.571428571428571,
      "p95_abs_error": 26.599999999999994,
      "overshoot_peak": 23.0,
      "settle_delay_s": 1.542,
      "pwm_settle_delay_s": 1.54,
      "saturation_ratio": 0.0,
      "steady_abs_error_ratio": 0.09629629629629631,
      "p95_error_ratio": 0.2246031746031746,
      "settle_time_ratio": 1.0,
      "pwm_settle_time_ratio": 1.0,
      "overshoot_ratio": 0.07301587301587302,
      "oscillation_ratio": 0.0236734150521,
      "attainment_ratio": 0.9037037037037038,
      "rail_hit_ratio": 0.0,
      "pwm_chatter_ratio": 0.05357142857142857,
      "tail_mean_abs_error": 10.301587301587302,
      "tail_pwm_jump_abs": 449.5238095238095,
      "terminal_requirements_ok": true,
      "pwm_limit_reasonable": true,
      "pwm_limit_note": "within current wheel-PID test envelope",
      "weighted_score": 2.400502262140131
    }
  },
  "csv_path": "/home/madejuele/projects/2K0300/new/verification/auto-wheel-pid/20260423T005656Z/round-005-p-screen/attempt-01/telemetry.csv",
  "host_log_path": "/home/madejuele/projects/2K0300/new/verification/auto-wheel-pid/20260423T005656Z/round-005-p-screen/attempt-01/host.log",
  "board_log_path": "/home/madejuele/projects/2K0300/new/verification/auto-wheel-pid/20260423T005656Z/round-005-p-screen/attempt-01/board.log",
  "params_path": "/home/madejuele/projects/2K0300/new/verification/auto-wheel-pid/20260423T005656Z/round-005-p-screen/attempt-01/params.json",
  "tuning_exit_code": 0,
  "receiver_error": null,
  "ack_complete": true,
  "snapshot_cleared_seen": true,
  "board_markers_ok": true,
  "unexpected_failsafe": false,
  "runtime_error": null,
  "accepted": false,
  "accepted_reason": "screen left terminal gate failed: tail PWM jump 1430.714 > 800.000"
}
