{
  "name": "round-002-i-screen",
  "candidate_label": "left-i=1.000000; right-i=1.000000",
  "wheel_scores": {
    "left": {
      "wheel": "left",
      "sample_count": 28,
      "mean_abs_error": 13.571428571428571,
      "p95_abs_error": 31.949999999999996,
      "overshoot_peak": 30.0,
      "settle_delay_s": 1.5333333333333334,
      "pwm_settle_delay_s": 1.5329523809523808,
      "saturation_ratio": 0.14285714285714285,
      "steady_abs_error_ratio": 0.14285714285714285,
      "p95_error_ratio": 0.2674603174603174,
      "settle_time_ratio": 1.0,
      "pwm_settle_time_ratio": 1.0,
      "overshoot_ratio": 0.23492063492063492,
      "oscillation_ratio": 0.15983623786143425,
      "attainment_ratio": 0.9587301587301588,
      "rail_hit_ratio": 0.12857142857142856,
      "pwm_chatter_ratio": 0.3776455026455026,
      "tail_mean_abs_error": 16.746031746031747,
      "tail_pwm_jump_abs": 2858.5714285714284,
      "terminal_requirements_ok": false,
      "pwm_limit_reasonable": false,
      "pwm_limit_note": "terminal steady-state gate failed (tail error or PWM jump exceeded limits)",
      "weighted_score": Infinity
    },
    "right": {
      "wheel": "right",
      "sample_count": 28,
      "mean_abs_error": 16.607142857142858,
      "p95_abs_error": 26.65,
      "overshoot_peak": 23.0,
      "settle_delay_s": 1.5333333333333334,
      "pwm_settle_delay_s": 1.5329523809523808,
      "saturation_ratio": 0.0,
      "steady_abs_error_ratio": 0.1439153439153439,
      "p95_error_ratio": 0.23015873015873015,
      "settle_time_ratio": 1.0,
      "pwm_settle_time_ratio": 1.0,
      "overshoot_ratio": 0.10793650793650794,
      "oscillation_ratio": 0.039584641707973565,
      "attainment_ratio": 0.8560846560846561,
      "rail_hit_ratio": 0.0,
      "pwm_chatter_ratio": 0.0,
      "tail_mean_abs_error": 15.015873015873016,
      "tail_pwm_jump_abs": 802.6190476190476,
      "terminal_requirements_ok": false,
      "pwm_limit_reasonable": false,
      "pwm_limit_note": "terminal steady-state gate failed (tail error or PWM jump exceeded limits)",
      "weighted_score": Infinity
    }
  },
  "csv_path": "/home/madejuele/projects/2K0300/new/verification/auto-wheel-pid/20260423T014247Z/round-002-i-screen/attempt-01/telemetry.csv",
  "host_log_path": "/home/madejuele/projects/2K0300/new/verification/auto-wheel-pid/20260423T014247Z/round-002-i-screen/attempt-01/host.log",
  "board_log_path": "/home/madejuele/projects/2K0300/new/verification/auto-wheel-pid/20260423T014247Z/round-002-i-screen/attempt-01/board.log",
  "params_path": "/home/madejuele/projects/2K0300/new/verification/auto-wheel-pid/20260423T014247Z/round-002-i-screen/attempt-01/params.json",
  "tuning_exit_code": 0,
  "receiver_error": null,
  "ack_complete": true,
  "snapshot_cleared_seen": true,
  "board_markers_ok": true,
  "unexpected_failsafe": false,
  "runtime_error": null,
  "accepted": false,
  "accepted_reason": "screen left terminal gate failed: tail PWM jump 2858.571 > 800.000; screen right terminal gate failed: tail PWM jump 802.619 > 800.000"
}
