{
  "name": "round-013-i-confirm",
  "candidate_label": "right-i=0.500000",
  "wheel_scores": {
    "left": {
      "wheel": "left",
      "sample_count": 28,
      "mean_abs_error": 14.607142857142858,
      "p95_abs_error": 32.949999999999996,
      "overshoot_peak": 31.0,
      "settle_delay_s": 1.5546666666666666,
      "pwm_settle_delay_s": 1.5553333333333335,
      "saturation_ratio": 0.14285714285714285,
      "steady_abs_error_ratio": 0.1111111111111111,
      "p95_error_ratio": 0.2941269841269841,
      "settle_time_ratio": 1.0,
      "pwm_settle_time_ratio": 1.0,
      "overshoot_ratio": 0.23809523809523808,
      "oscillation_ratio": 0.10715372068918029,
      "attainment_ratio": 0.9481481481481481,
      "rail_hit_ratio": 0.1074074074074074,
      "pwm_chatter_ratio": 0.19444444444444445,
      "tail_mean_abs_error": 12.079365079365079,
      "tail_pwm_jump_abs": 1840.142857142857,
      "terminal_requirements_ok": false,
      "pwm_limit_reasonable": false,
      "pwm_limit_note": "terminal steady-state gate failed (tail error or PWM jump exceeded limits)",
      "weighted_score": Infinity
    },
    "right": {
      "wheel": "right",
      "sample_count": 28,
      "mean_abs_error": 14.464285714285714,
      "p95_abs_error": 25.65,
      "overshoot_peak": 25.0,
      "settle_delay_s": 1.5546666666666666,
      "pwm_settle_delay_s": 1.5553333333333335,
      "saturation_ratio": 0.0,
      "steady_abs_error_ratio": 0.18095238095238095,
      "p95_error_ratio": 0.2373015873015873,
      "settle_time_ratio": 1.0,
      "pwm_settle_time_ratio": 1.0,
      "overshoot_ratio": 0.08253968253968254,
      "oscillation_ratio": 0.11040188013151646,
      "attainment_ratio": 0.8719576719576718,
      "rail_hit_ratio": 0.0,
      "pwm_chatter_ratio": 0.0,
      "tail_mean_abs_error": 18.49206349206349,
      "tail_pwm_jump_abs": 1318.2380952380952,
      "terminal_requirements_ok": false,
      "pwm_limit_reasonable": false,
      "pwm_limit_note": "terminal steady-state gate failed (tail error or PWM jump exceeded limits)",
      "weighted_score": Infinity
    }
  },
  "csv_path": "/home/madejuele/projects/2K0300/new/verification/auto-wheel-pid/20260423T014247Z/round-013-i-confirm/attempt-01/telemetry.csv",
  "host_log_path": "/home/madejuele/projects/2K0300/new/verification/auto-wheel-pid/20260423T014247Z/round-013-i-confirm/attempt-01/host.log",
  "board_log_path": "/home/madejuele/projects/2K0300/new/verification/auto-wheel-pid/20260423T014247Z/round-013-i-confirm/attempt-01/board.log",
  "params_path": "/home/madejuele/projects/2K0300/new/verification/auto-wheel-pid/20260423T014247Z/round-013-i-confirm/attempt-01/params.json",
  "tuning_exit_code": 0,
  "receiver_error": null,
  "ack_complete": true,
  "snapshot_cleared_seen": true,
  "board_markers_ok": true,
  "unexpected_failsafe": false,
  "runtime_error": null,
  "accepted": false,
  "accepted_reason": "confirm right terminal gate failed: tail PWM jump 1318.238 > 800.000"
}
