{
  "name": "round-019-p-confirm",
  "candidate_label": "left-p=146.000000",
  "wheel_scores": {
    "left": {
      "wheel": "left",
      "sample_count": 29,
      "mean_abs_error": 14.655172413793103,
      "p95_abs_error": 33.39999999999997,
      "overshoot_peak": 41.0,
      "settle_delay_s": 1.245,
      "pwm_settle_delay_s": 1.6442380952380955,
      "saturation_ratio": 0.10344827586206896,
      "steady_abs_error_ratio": 0.11428571428571428,
      "p95_error_ratio": 0.27857142857142847,
      "settle_time_ratio": 0.7127686472819217,
      "pwm_settle_time_ratio": 1.0,
      "overshoot_ratio": 0.23174603174603176,
      "oscillation_ratio": 0.1148242103374771,
      "attainment_ratio": 0.9767195767195768,
      "rail_hit_ratio": 0.11216931216931215,
      "pwm_chatter_ratio": 0.16203703703703703,
      "tail_mean_abs_error": 10.603174603174603,
      "tail_pwm_jump_abs": 1571.2380952380952,
      "terminal_requirements_ok": false,
      "pwm_limit_reasonable": false,
      "pwm_limit_note": "terminal steady-state gate failed (tail error or PWM jump exceeded limits)",
      "weighted_score": Infinity
    },
    "right": {
      "wheel": "right",
      "sample_count": 29,
      "mean_abs_error": 14.517241379310345,
      "p95_abs_error": 26.599999999999998,
      "overshoot_peak": 6.0,
      "settle_delay_s": 1.3683333333333334,
      "pwm_settle_delay_s": 1.6442380952380955,
      "saturation_ratio": 0.0,
      "steady_abs_error_ratio": 0.1037037037037037,
      "p95_error_ratio": 0.22015873015873014,
      "settle_time_ratio": 0.8495384010999802,
      "pwm_settle_time_ratio": 1.0,
      "overshoot_ratio": 0.01904761904761905,
      "oscillation_ratio": 0.04229191769002271,
      "attainment_ratio": 0.9089947089947089,
      "rail_hit_ratio": 0.0,
      "pwm_chatter_ratio": 0.0,
      "tail_mean_abs_error": 11.428571428571429,
      "tail_pwm_jump_abs": 681.9047619047619,
      "terminal_requirements_ok": true,
      "pwm_limit_reasonable": true,
      "pwm_limit_note": "within current wheel-PID test envelope",
      "weighted_score": 1.4909230062502066
    }
  },
  "csv_path": "/home/madejuele/projects/2K0300/new/verification/auto-wheel-pid/20260423T004635Z/round-019-p-confirm/attempt-01/telemetry.csv",
  "host_log_path": "/home/madejuele/projects/2K0300/new/verification/auto-wheel-pid/20260423T004635Z/round-019-p-confirm/attempt-01/host.log",
  "board_log_path": "/home/madejuele/projects/2K0300/new/verification/auto-wheel-pid/20260423T004635Z/round-019-p-confirm/attempt-01/board.log",
  "params_path": "/home/madejuele/projects/2K0300/new/verification/auto-wheel-pid/20260423T004635Z/round-019-p-confirm/attempt-01/params.json",
  "tuning_exit_code": 0,
  "receiver_error": null,
  "ack_complete": true,
  "snapshot_cleared_seen": true,
  "board_markers_ok": true,
  "unexpected_failsafe": false,
  "runtime_error": null,
  "accepted": false,
  "accepted_reason": "confirm left terminal gate failed: tail PWM jump 1571.238 > 800.000"
}
