{
  "name": "round-003-i-screen",
  "candidate_label": "left-i=0.200000; right-i=0.200000",
  "wheel_scores": {
    "left": {
      "wheel": "left",
      "sample_count": 19,
      "mean_abs_error": 15.421052631578947,
      "p95_abs_error": 26.599999999999945,
      "overshoot_peak": 0.0,
      "settle_delay_s": 1.0946666666666667,
      "pwm_settle_delay_s": 0.9791428571428572,
      "saturation_ratio": 0.05263157894736842,
      "steady_abs_error_ratio": 0.12698412698412698,
      "p95_error_ratio": 0.24349206349206345,
      "settle_time_ratio": 1.0,
      "pwm_settle_time_ratio": 0.8665364583333334,
      "overshoot_ratio": 0.0,
      "oscillation_ratio": 0.0475679925496708,
      "attainment_ratio": 0.873015873015873,
      "rail_hit_ratio": 0.061224489795918366,
      "pwm_chatter_ratio": 0.0,
      "tail_mean_abs_error": 13.428571428571429,
      "tail_pwm_jump_abs": 472.3809523809524,
      "terminal_requirements_ok": true,
      "pwm_limit_reasonable": true,
      "pwm_limit_note": "PWM limit is reachable in this round, but not the dominant issue by itself",
      "weighted_score": 1.9104155305947252
    },
    "right": {
      "wheel": "right",
      "sample_count": 19,
      "mean_abs_error": 14.157894736842104,
      "p95_abs_error": 47.29999999999999,
      "overshoot_peak": 0.0,
      "settle_delay_s": 0.4773333333333333,
      "pwm_settle_delay_s": 1.026047619047619,
      "saturation_ratio": 0.10526315789473684,
      "steady_abs_error_ratio": 0.1111111111111111,
      "p95_error_ratio": 0.31539682539682534,
      "settle_time_ratio": 0.3766783040270903,
      "pwm_settle_time_ratio": 0.9119117715781111,
      "overshoot_ratio": 0.0,
      "oscillation_ratio": 0.05901247194697178,
      "attainment_ratio": 0.8888888888888888,
      "rail_hit_ratio": 0.10526315789473684,
      "pwm_chatter_ratio": 0.0,
      "tail_mean_abs_error": 12.206349206349206,
      "tail_pwm_jump_abs": 914.3333333333334,
      "terminal_requirements_ok": false,
      "pwm_limit_reasonable": false,
      "pwm_limit_note": "terminal steady-state gate failed (tail error or PWM jump exceeded limits)",
      "weighted_score": Infinity
    }
  },
  "csv_path": "/home/madejuele/projects/2K0300/new/verification/auto-wheel-pid/20260423T122234Z/round-003-i-screen/attempt-01/telemetry.csv",
  "host_log_path": "/home/madejuele/projects/2K0300/new/verification/auto-wheel-pid/20260423T122234Z/round-003-i-screen/attempt-01/host.log",
  "board_log_path": "/home/madejuele/projects/2K0300/new/verification/auto-wheel-pid/20260423T122234Z/round-003-i-screen/attempt-01/board.log",
  "params_path": "/home/madejuele/projects/2K0300/new/verification/auto-wheel-pid/20260423T122234Z/round-003-i-screen/attempt-01/params.json",
  "tuning_exit_code": 0,
  "receiver_error": null,
  "ack_complete": true,
  "snapshot_cleared_seen": true,
  "board_markers_ok": true,
  "unexpected_failsafe": false,
  "runtime_error": null,
  "accepted": false,
  "accepted_reason": "screen left score 1.910416 did not beat 1.974867 by 5%; screen right terminal gate failed: tail PWM jump 914.333 > 800.000"
}
