{
  "name": "round-003-p-screen",
  "candidate_label": "left-p=105.000000; right-p=100.000000",
  "wheel_scores": {
    "left": {
      "wheel": "left",
      "sample_count": 20,
      "mean_abs_error": 14.25,
      "p95_abs_error": 21.200000000000003,
      "overshoot_peak": 3.0,
      "settle_delay_s": 1.1346666666666667,
      "pwm_settle_delay_s": 0.846904761904762,
      "saturation_ratio": 0.05,
      "steady_abs_error_ratio": 0.15661375661375662,
      "p95_error_ratio": 0.19365079365079366,
      "settle_time_ratio": 1.0,
      "pwm_settle_time_ratio": 0.744514067308,
      "overshoot_ratio": 0.009523809523809525,
      "oscillation_ratio": 0.031756806144625824,
      "attainment_ratio": 0.8433862433862435,
      "rail_hit_ratio": 0.0,
      "pwm_chatter_ratio": 0.0,
      "tail_mean_abs_error": 17.047619047619047,
      "tail_pwm_jump_abs": 253.9047619047619,
      "terminal_requirements_ok": true,
      "pwm_limit_reasonable": true,
      "pwm_limit_note": "within current wheel-PID test envelope",
      "weighted_score": 1.7638827335270795
    },
    "right": {
      "wheel": "right",
      "sample_count": 20,
      "mean_abs_error": 15.95,
      "p95_abs_error": 24.1,
      "overshoot_peak": 15.0,
      "settle_delay_s": 1.1346666666666667,
      "pwm_settle_delay_s": 1.1054761904761905,
      "saturation_ratio": 0.0,
      "steady_abs_error_ratio": 0.1513227513227513,
      "p95_error_ratio": 0.20841269841269844,
      "settle_time_ratio": 1.0,
      "pwm_settle_time_ratio": 0.9517631403858948,
      "overshoot_ratio": 0.07936507936507936,
      "oscillation_ratio": 0.05592648693027957,
      "attainment_ratio": 0.8486772486772486,
      "rail_hit_ratio": 0.0,
      "pwm_chatter_ratio": 0.0,
      "tail_mean_abs_error": 15.317460317460318,
      "tail_pwm_jump_abs": 546.6666666666666,
      "terminal_requirements_ok": true,
      "pwm_limit_reasonable": true,
      "pwm_limit_note": "within current wheel-PID test envelope",
      "weighted_score": 2.0400030279345454
    }
  },
  "csv_path": "/home/madejuele/projects/2K0300/new/verification/auto-wheel-pid/20260423T063018Z/round-003-p-screen/attempt-01/telemetry.csv",
  "host_log_path": "/home/madejuele/projects/2K0300/new/verification/auto-wheel-pid/20260423T063018Z/round-003-p-screen/attempt-01/host.log",
  "board_log_path": "/home/madejuele/projects/2K0300/new/verification/auto-wheel-pid/20260423T063018Z/round-003-p-screen/attempt-01/board.log",
  "params_path": "/home/madejuele/projects/2K0300/new/verification/auto-wheel-pid/20260423T063018Z/round-003-p-screen/attempt-01/params.json",
  "tuning_exit_code": 0,
  "receiver_error": null,
  "ack_complete": true,
  "snapshot_cleared_seen": true,
  "board_markers_ok": true,
  "unexpected_failsafe": false,
  "runtime_error": null,
  "accepted": false,
  "accepted_reason": "screen left score improved from 2.254643 to 1.763883; pending confirmation; screen right score improved from inf to 2.040003; pending confirmation"
}
