{
  "name": "round-005-i-confirm",
  "candidate_label": "right-i=2.800000",
  "wheel_scores": {
    "left": {
      "wheel": "left",
      "sample_count": 50,
      "mean_abs_error": 16.94,
      "p95_abs_error": 30.749999999999986,
      "overshoot_peak": 0.0,
      "settle_delay_s": 1.5165,
      "pwm_settle_delay_s": 1.1636666666666666,
      "saturation_ratio": 0.06,
      "steady_abs_error_ratio": 0.164021164021164,
      "p95_error_ratio": 0.23507936507936503,
      "settle_time_ratio": 1.0,
      "pwm_settle_time_ratio": 0.7563559917206585,
      "overshoot_ratio": 0.0,
      "oscillation_ratio": 0.02616312430175611,
      "attainment_ratio": 0.8359788359788359,
      "rail_hit_ratio": 0.023809523809523808,
      "pwm_chatter_ratio": 0.0,
      "tail_mean_abs_error": 17.88888888888889,
      "tail_pwm_jump_abs": 527.547619047619,
      "terminal_requirements_ok": false,
      "pwm_limit_reasonable": false,
      "pwm_limit_note": "terminal steady-state gate failed (tail error or PWM jump exceeded limits)",
      "weighted_score": Infinity
    },
    "right": {
      "wheel": "right",
      "sample_count": 50,
      "mean_abs_error": 4.96,
      "p95_abs_error": 14.099999999999994,
      "overshoot_peak": 11.0,
      "settle_delay_s": 0.20533333333333334,
      "pwm_settle_delay_s": 1.2286666666666668,
      "saturation_ratio": 0.02,
      "steady_abs_error_ratio": 0.03597883597883598,
      "p95_error_ratio": 0.10960317460317458,
      "settle_time_ratio": 0.14182800246853888,
      "pwm_settle_time_ratio": 0.8135688374503368,
      "overshoot_ratio": 0.05873015873015873,
      "oscillation_ratio": 0.03887394118556885,
      "attainment_ratio": 0.9978835978835978,
      "rail_hit_ratio": 0.023809523809523808,
      "pwm_chatter_ratio": 0.0,
      "tail_mean_abs_error": 3.8095238095238093,
      "tail_pwm_jump_abs": 504.6904761904762,
      "terminal_requirements_ok": false,
      "pwm_limit_reasonable": false,
      "pwm_limit_note": "terminal steady-state gate failed (tail error or PWM jump exceeded limits)",
      "weighted_score": Infinity
    }
  },
  "csv_path": "/home/madejuele/projects/2K0300/new/verification/auto-wheel-pid/20260423T123015Z/round-005-i-confirm/attempt-01/telemetry.csv",
  "host_log_path": "/home/madejuele/projects/2K0300/new/verification/auto-wheel-pid/20260423T123015Z/round-005-i-confirm/attempt-01/host.log",
  "board_log_path": "/home/madejuele/projects/2K0300/new/verification/auto-wheel-pid/20260423T123015Z/round-005-i-confirm/attempt-01/board.log",
  "params_path": "/home/madejuele/projects/2K0300/new/verification/auto-wheel-pid/20260423T123015Z/round-005-i-confirm/attempt-01/params.json",
  "tuning_exit_code": 0,
  "receiver_error": null,
  "ack_complete": true,
  "snapshot_cleared_seen": true,
  "board_markers_ok": true,
  "unexpected_failsafe": false,
  "runtime_error": null,
  "accepted": false,
  "accepted_reason": "confirm right terminal gate failed: terminal gate failed"
}
