{
  "name": "round-003-i-screen",
  "candidate_label": "left-i=5.500000; right-i=0.625000",
  "wheel_scores": {
    "left": {
      "wheel": "left",
      "sample_count": 28,
      "mean_abs_error": 10.5,
      "p95_abs_error": 27.0,
      "overshoot_peak": 35.0,
      "settle_delay_s": 0.763,
      "pwm_settle_delay_s": 1.552095238095238,
      "saturation_ratio": 0.17857142857142858,
      "steady_abs_error_ratio": 0.11322751322751325,
      "p95_error_ratio": 0.24063492063492053,
      "settle_time_ratio": 0.431857675024283,
      "pwm_settle_time_ratio": 1.0,
      "overshoot_ratio": 0.28253968253968254,
      "oscillation_ratio": 0.07828169433974276,
      "attainment_ratio": 1.073015873015873,
      "rail_hit_ratio": 0.14761904761904762,
      "pwm_chatter_ratio": 0.21693121693121692,
      "tail_mean_abs_error": 11.412698412698413,
      "tail_pwm_jump_abs": 1149.142857142857,
      "terminal_requirements_ok": false,
      "pwm_limit_reasonable": false,
      "pwm_limit_note": "terminal steady-state gate failed (tail error or PWM jump exceeded limits)",
      "weighted_score": Infinity
    },
    "right": {
      "wheel": "right",
      "sample_count": 28,
      "mean_abs_error": 9.178571428571429,
      "p95_abs_error": 25.74999999999998,
      "overshoot_peak": 31.0,
      "settle_delay_s": 0.259,
      "pwm_settle_delay_s": 1.552095238095238,
      "saturation_ratio": 0.03571428571428571,
      "steady_abs_error_ratio": 0.07407407407407408,
      "p95_error_ratio": 0.19666666666666657,
      "settle_time_ratio": 0.1405996762235897,
      "pwm_settle_time_ratio": 1.0,
      "overshoot_ratio": 0.16825396825396827,
      "oscillation_ratio": 0.07695037594874002,
      "attainment_ratio": 1.0253968253968253,
      "rail_hit_ratio": 0.0,
      "pwm_chatter_ratio": 0.0,
      "tail_mean_abs_error": 7.587301587301587,
      "tail_pwm_jump_abs": 1401.857142857143,
      "terminal_requirements_ok": false,
      "pwm_limit_reasonable": false,
      "pwm_limit_note": "terminal steady-state gate failed (tail error or PWM jump exceeded limits)",
      "weighted_score": Infinity
    }
  },
  "csv_path": "/home/madejuele/projects/2K0300/new/verification/auto-wheel-pid/20260423T022515Z/round-003-i-screen/attempt-01/telemetry.csv",
  "host_log_path": "/home/madejuele/projects/2K0300/new/verification/auto-wheel-pid/20260423T022515Z/round-003-i-screen/attempt-01/host.log",
  "board_log_path": "/home/madejuele/projects/2K0300/new/verification/auto-wheel-pid/20260423T022515Z/round-003-i-screen/attempt-01/board.log",
  "params_path": "/home/madejuele/projects/2K0300/new/verification/auto-wheel-pid/20260423T022515Z/round-003-i-screen/attempt-01/params.json",
  "tuning_exit_code": 0,
  "receiver_error": null,
  "ack_complete": true,
  "snapshot_cleared_seen": true,
  "board_markers_ok": true,
  "unexpected_failsafe": false,
  "runtime_error": null,
  "accepted": false,
  "accepted_reason": "screen left terminal gate failed: tail PWM jump 1149.143 > 800.000; screen right terminal gate failed: tail PWM jump 1401.857 > 800.000"
}
