{
  "name": "round-043-right-i",
  "candidate_label": "right-i=0.500000",
  "wheel_scores": {
    "left": {
      "wheel": "left",
      "sample_count": 55,
      "mean_abs_error": 16.327272727272728,
      "p95_abs_error": 26.299999999999997,
      "overshoot_peak": 20.0,
      "settle_delay_s": 1.555,
      "pwm_settle_delay_s": 1.5576666666666668,
      "saturation_ratio": 0.03636363636363636,
      "steady_abs_error_ratio": 0.1544973544973545,
      "p95_error_ratio": 0.23476190476190473,
      "settle_time_ratio": 1.0,
      "pwm_settle_time_ratio": 1.0,
      "overshoot_ratio": 0.03968253968253968,
      "oscillation_ratio": 0.03953356479040897,
      "attainment_ratio": 0.8455026455026454,
      "rail_hit_ratio": 0.023809523809523808,
      "pwm_chatter_ratio": 0.0,
      "tail_mean_abs_error": 16.476190476190474,
      "tail_pwm_jump_abs": 790.5714285714286,
      "terminal_requirements_ok": false,
      "pwm_limit_reasonable": false,
      "pwm_limit_note": "terminal steady-state gate failed (tail error or PWM jump exceeded limits)",
      "weighted_score": Infinity
    },
    "right": {
      "wheel": "right",
      "sample_count": 55,
      "mean_abs_error": 21.545454545454547,
      "p95_abs_error": 31.599999999999994,
      "overshoot_peak": 5.0,
      "settle_delay_s": 1.555,
      "pwm_settle_delay_s": 1.5576666666666668,
      "saturation_ratio": 0.01818181818181818,
      "steady_abs_error_ratio": 0.20634920634920634,
      "p95_error_ratio": 0.28698412698412695,
      "settle_time_ratio": 1.0,
      "pwm_settle_time_ratio": 1.0,
      "overshoot_ratio": 0.007936507936507936,
      "oscillation_ratio": 0.06968390909246377,
      "attainment_ratio": 0.798941798941799,
      "rail_hit_ratio": 0.0,
      "pwm_chatter_ratio": 0.0,
      "tail_mean_abs_error": 21.396825396825395,
      "tail_pwm_jump_abs": 1139.547619047619,
      "terminal_requirements_ok": false,
      "pwm_limit_reasonable": false,
      "pwm_limit_note": "terminal steady-state gate failed (tail error or PWM jump exceeded limits)",
      "weighted_score": Infinity
    }
  },
  "csv_path": "/home/madejuele/projects/2K0300/new/verification/auto-wheel-pid/20260422T143235Z/round-043-right-i/attempt-01/telemetry.csv",
  "host_log_path": "/home/madejuele/projects/2K0300/new/verification/auto-wheel-pid/20260422T143235Z/round-043-right-i/attempt-01/host.log",
  "board_log_path": "/home/madejuele/projects/2K0300/new/verification/auto-wheel-pid/20260422T143235Z/round-043-right-i/attempt-01/board.log",
  "params_path": "/home/madejuele/projects/2K0300/new/verification/auto-wheel-pid/20260422T143235Z/round-043-right-i/attempt-01/params.json",
  "tuning_exit_code": 0,
  "receiver_error": null,
  "ack_complete": true,
  "snapshot_cleared_seen": true,
  "board_markers_ok": true,
  "unexpected_failsafe": false,
  "runtime_error": null,
  "accepted": false,
  "accepted_reason": "right score 121.135888 did not beat 43.720994 by 5%"
}
