{
  "name": "baseline",
  "candidate_label": "current-working-params",
  "wheel_scores": {
    "left": {
      "wheel": "left",
      "sample_count": 52,
      "mean_abs_error": 16.384615384615383,
      "p95_abs_error": 24.0,
      "overshoot_peak": 11.0,
      "settle_delay_s": 1.5791666666666666,
      "pwm_settle_delay_s": 1.4402142857142857,
      "saturation_ratio": 0.019230769230769232,
      "steady_abs_error_ratio": 0.14550264550264552,
      "p95_error_ratio": 0.2497619047619047,
      "settle_time_ratio": 1.0,
      "pwm_settle_time_ratio": 0.9153195477758569,
      "overshoot_ratio": 0.01904761904761905,
      "oscillation_ratio": 0.04051212095753639,
      "attainment_ratio": 0.8555555555555555,
      "rail_hit_ratio": 0.019230769230769232,
      "pwm_chatter_ratio": 0.0,
      "tail_mean_abs_error": 15.30952380952381,
      "tail_pwm_jump_abs": 457.4047619047619,
      "terminal_requirements_ok": true,
      "pwm_limit_reasonable": true,
      "pwm_limit_note": "within current wheel-PID test envelope",
      "weighted_score": 2.0191689559633494
    },
    "right": {
      "wheel": "right",
      "sample_count": 52,
      "mean_abs_error": 16.923076923076923,
      "p95_abs_error": 26.89999999999999,
      "overshoot_peak": 20.0,
      "settle_delay_s": 1.197,
      "pwm_settle_delay_s": 1.0719285714285716,
      "saturation_ratio": 0.0,
      "steady_abs_error_ratio": 0.14973544973544972,
      "p95_error_ratio": 0.23365079365079364,
      "settle_time_ratio": 0.7542578035999089,
      "pwm_settle_time_ratio": 0.6963618219380472,
      "overshoot_ratio": 0.046031746031746035,
      "oscillation_ratio": 0.03161196127858598,
      "attainment_ratio": 0.8502645502645502,
      "rail_hit_ratio": 0.0,
      "pwm_chatter_ratio": 0.0,
      "tail_mean_abs_error": 15.579365079365079,
      "tail_pwm_jump_abs": 480.26190476190476,
      "terminal_requirements_ok": false,
      "pwm_limit_reasonable": false,
      "pwm_limit_note": "terminal steady-state gate failed (tail error or PWM jump exceeded limits)",
      "weighted_score": Infinity
    }
  },
  "csv_path": "/home/madejuele/projects/2K0300/new/verification/auto-wheel-pid/20260423T092524Z/baseline/attempt-01/telemetry.csv",
  "host_log_path": "/home/madejuele/projects/2K0300/new/verification/auto-wheel-pid/20260423T092524Z/baseline/attempt-01/host.log",
  "board_log_path": "/home/madejuele/projects/2K0300/new/verification/auto-wheel-pid/20260423T092524Z/baseline/attempt-01/board.log",
  "params_path": "/home/madejuele/projects/2K0300/new/verification/auto-wheel-pid/20260423T092524Z/baseline/attempt-01/params.json",
  "tuning_exit_code": 0,
  "receiver_error": null,
  "ack_complete": true,
  "snapshot_cleared_seen": true,
  "board_markers_ok": true,
  "unexpected_failsafe": false,
  "runtime_error": null,
  "accepted": true,
  "accepted_reason": "baseline"
}
