{
  "name": "round-004-p-screen",
  "candidate_label": "left-p=100.000000; right-p=100.000000",
  "wheel_scores": {
    "left": {
      "wheel": "left",
      "sample_count": 20,
      "mean_abs_error": 12.7,
      "p95_abs_error": 23.05,
      "overshoot_peak": 0.0,
      "settle_delay_s": 0.8796666666666667,
      "pwm_settle_delay_s": 1.0767142857142857,
      "saturation_ratio": 0.0,
      "steady_abs_error_ratio": 0.10158730158730159,
      "p95_error_ratio": 0.17714285714285713,
      "settle_time_ratio": 0.7134633458646618,
      "pwm_settle_time_ratio": 0.923991155334439,
      "overshoot_ratio": 0.0,
      "oscillation_ratio": 0.03525065936988555,
      "attainment_ratio": 0.8984126984126984,
      "rail_hit_ratio": 0.0,
      "pwm_chatter_ratio": 0.0,
      "tail_mean_abs_error": 10.88888888888889,
      "tail_pwm_jump_abs": 433.3809523809524,
      "terminal_requirements_ok": true,
      "pwm_limit_reasonable": true,
      "pwm_limit_note": "within current wheel-PID test envelope",
      "weighted_score": 1.3341768831874117
    },
    "right": {
      "wheel": "right",
      "sample_count": 20,
      "mean_abs_error": 14.0,
      "p95_abs_error": 23.050000000000015,
      "overshoot_peak": 0.0,
      "settle_delay_s": 0.6783333333333333,
      "pwm_settle_delay_s": 0.7663809523809524,
      "saturation_ratio": 0.05,
      "steady_abs_error_ratio": 0.108994708994709,
      "p95_error_ratio": 0.24746031746031744,
      "settle_time_ratio": 0.576787311874213,
      "pwm_settle_time_ratio": 0.6666666666666666,
      "overshoot_ratio": 0.0,
      "oscillation_ratio": 0.04166168210523686,
      "attainment_ratio": 0.891005291005291,
      "rail_hit_ratio": 0.05,
      "pwm_chatter_ratio": 0.0,
      "tail_mean_abs_error": 10.936507936507937,
      "tail_pwm_jump_abs": 495.3333333333333,
      "terminal_requirements_ok": true,
      "pwm_limit_reasonable": true,
      "pwm_limit_note": "within current wheel-PID test envelope",
      "weighted_score": 1.3910536615084452
    }
  },
  "csv_path": "/home/madejuele/projects/2K0300/new/verification/auto-wheel-pid/20260423T062529Z/round-004-p-screen/attempt-01/telemetry.csv",
  "host_log_path": "/home/madejuele/projects/2K0300/new/verification/auto-wheel-pid/20260423T062529Z/round-004-p-screen/attempt-01/host.log",
  "board_log_path": "/home/madejuele/projects/2K0300/new/verification/auto-wheel-pid/20260423T062529Z/round-004-p-screen/attempt-01/board.log",
  "params_path": "/home/madejuele/projects/2K0300/new/verification/auto-wheel-pid/20260423T062529Z/round-004-p-screen/attempt-01/params.json",
  "tuning_exit_code": 0,
  "receiver_error": null,
  "ack_complete": true,
  "snapshot_cleared_seen": true,
  "board_markers_ok": true,
  "unexpected_failsafe": false,
  "runtime_error": null,
  "accepted": false,
  "accepted_reason": "screen left score improved from 1.754017 to 1.334177; pending confirmation; screen right score improved from 1.933966 to 1.391054; pending confirmation"
}
