{
  "name": "round-003-i-screen",
  "candidate_label": "right-i=2.200000",
  "wheel_scores": {
    "left": {
      "wheel": "left",
      "sample_count": 19,
      "mean_abs_error": 4.894736842105263,
      "p95_abs_error": 11.599999999999987,
      "overshoot_peak": 11.0,
      "settle_delay_s": 0.20133333333333334,
      "pwm_settle_delay_s": 0.8630952380952381,
      "saturation_ratio": 0.05263157894736842,
      "steady_abs_error_ratio": 0.03703703703703704,
      "p95_error_ratio": 0.09333333333333332,
      "settle_time_ratio": 0.14098972922502334,
      "pwm_settle_time_ratio": 0.7915335463258786,
      "overshoot_ratio": 0.0761904761904762,
      "oscillation_ratio": 0.02248006962214554,
      "attainment_ratio": 1.0328042328042328,
      "rail_hit_ratio": 0.0,
      "pwm_chatter_ratio": 0.0,
      "tail_mean_abs_error": 3.857142857142857,
      "tail_pwm_jump_abs": 363.14285714285717,
      "terminal_requirements_ok": true,
      "pwm_limit_reasonable": true,
      "pwm_limit_note": "PWM limit is not a visible constraint in this round",
      "weighted_score": 0.8548882816450376
    },
    "right": {
      "wheel": "right",
      "sample_count": 19,
      "mean_abs_error": 5.631578947368421,
      "p95_abs_error": 14.599999999999966,
      "overshoot_peak": 9.0,
      "settle_delay_s": 0.2053333333333333,
      "pwm_settle_delay_s": 0.5875238095238094,
      "saturation_ratio": 0.0,
      "steady_abs_error_ratio": 0.04867724867724867,
      "p95_error_ratio": 0.14365079365079364,
      "settle_time_ratio": 0.17999185489798755,
      "pwm_settle_time_ratio": 0.5714285714285714,
      "overshoot_ratio": 0.05714285714285714,
      "oscillation_ratio": 0.04936744150811604,
      "attainment_ratio": 0.9957671957671959,
      "rail_hit_ratio": 0.0,
      "pwm_chatter_ratio": 0.0,
      "tail_mean_abs_error": 5.333333333333333,
      "tail_pwm_jump_abs": 613.4285714285714,
      "terminal_requirements_ok": true,
      "pwm_limit_reasonable": true,
      "pwm_limit_note": "PWM limit is not a visible constraint in this round",
      "weighted_score": 0.8215198937226971
    }
  },
  "csv_path": "/home/madejuele/projects/2K0300/new/verification/auto-wheel-pid/20260423T124335Z/round-003-i-screen/attempt-01/telemetry.csv",
  "host_log_path": "/home/madejuele/projects/2K0300/new/verification/auto-wheel-pid/20260423T124335Z/round-003-i-screen/attempt-01/host.log",
  "board_log_path": "/home/madejuele/projects/2K0300/new/verification/auto-wheel-pid/20260423T124335Z/round-003-i-screen/attempt-01/board.log",
  "params_path": "/home/madejuele/projects/2K0300/new/verification/auto-wheel-pid/20260423T124335Z/round-003-i-screen/attempt-01/params.json",
  "tuning_exit_code": 0,
  "receiver_error": null,
  "ack_complete": true,
  "snapshot_cleared_seen": true,
  "board_markers_ok": true,
  "unexpected_failsafe": false,
  "runtime_error": null,
  "accepted": false,
  "accepted_reason": "screen right score improved from inf to 0.821520; pending confirmation"
}
