{
  "name": "baseline-screen",
  "candidate_label": "current-working-params-screen",
  "wheel_scores": {
    "left": {
      "wheel": "left",
      "sample_count": 28,
      "mean_abs_error": 13.785714285714286,
      "p95_abs_error": 31.499999999999986,
      "overshoot_peak": 35.0,
      "settle_delay_s": 0.8363333333333334,
      "pwm_settle_delay_s": 0.7497142857142858,
      "saturation_ratio": 0.17857142857142858,
      "steady_abs_error_ratio": 0.1343915343915344,
      "p95_error_ratio": 0.2668253968253968,
      "settle_time_ratio": 0.4902542661789467,
      "pwm_settle_time_ratio": 0.5078617862746982,
      "overshoot_ratio": 0.2634920634920635,
      "oscillation_ratio": 0.06915099077571776,
      "attainment_ratio": 0.9777777777777777,
      "rail_hit_ratio": 0.07407407407407407,
      "pwm_chatter_ratio": 0.13359788359788358,
      "tail_mean_abs_error": 15.095238095238095,
      "tail_pwm_jump_abs": 807.1428571428571,
      "terminal_requirements_ok": false,
      "pwm_limit_reasonable": false,
      "pwm_limit_note": "terminal steady-state gate failed (tail error or PWM jump exceeded limits)",
      "weighted_score": Infinity
    },
    "right": {
      "wheel": "right",
      "sample_count": 28,
      "mean_abs_error": 15.107142857142858,
      "p95_abs_error": 22.0,
      "overshoot_peak": 1.0,
      "settle_delay_s": 1.5386666666666666,
      "pwm_settle_delay_s": 1.540857142857143,
      "saturation_ratio": 0.0,
      "steady_abs_error_ratio": 0.13439153439153437,
      "p95_error_ratio": 0.2068253968253968,
      "settle_time_ratio": 1.0,
      "pwm_settle_time_ratio": 1.0,
      "overshoot_ratio": 0.0031746031746031746,
      "oscillation_ratio": 0.05317506279418479,
      "attainment_ratio": 0.8677248677248677,
      "rail_hit_ratio": 0.0,
      "pwm_chatter_ratio": 0.0,
      "tail_mean_abs_error": 13.73015873015873,
      "tail_pwm_jump_abs": 1113.6190476190477,
      "terminal_requirements_ok": false,
      "pwm_limit_reasonable": false,
      "pwm_limit_note": "terminal steady-state gate failed (tail error or PWM jump exceeded limits)",
      "weighted_score": Infinity
    }
  },
  "csv_path": "/home/madejuele/projects/2K0300/new/verification/auto-wheel-pid/20260423T021240Z/baseline-screen/attempt-01/telemetry.csv",
  "host_log_path": "/home/madejuele/projects/2K0300/new/verification/auto-wheel-pid/20260423T021240Z/baseline-screen/attempt-01/host.log",
  "board_log_path": "/home/madejuele/projects/2K0300/new/verification/auto-wheel-pid/20260423T021240Z/baseline-screen/attempt-01/board.log",
  "params_path": "/home/madejuele/projects/2K0300/new/verification/auto-wheel-pid/20260423T021240Z/baseline-screen/attempt-01/params.json",
  "tuning_exit_code": 0,
  "receiver_error": null,
  "ack_complete": true,
  "snapshot_cleared_seen": true,
  "board_markers_ok": true,
  "unexpected_failsafe": false,
  "runtime_error": null,
  "accepted": true,
  "accepted_reason": "baseline-screen"
}
