{
  "name": "round-006-d-screen",
  "candidate_label": "left-d=0.750000; right-d=0.750000",
  "wheel_scores": {
    "left": {
      "wheel": "left",
      "sample_count": 28,
      "mean_abs_error": 16.25,
      "p95_abs_error": 34.0,
      "overshoot_peak": 45.0,
      "settle_delay_s": 1.5673333333333332,
      "pwm_settle_delay_s": 1.5726666666666667,
      "saturation_ratio": 0.17857142857142858,
      "steady_abs_error_ratio": 0.1873015873015873,
      "p95_error_ratio": 0.306031746031746,
      "settle_time_ratio": 1.0,
      "pwm_settle_time_ratio": 1.0,
      "overshoot_ratio": 0.3142857142857143,
      "oscillation_ratio": 0.1796103487265136,
      "attainment_ratio": 1.0158730158730158,
      "rail_hit_ratio": 0.155026455026455,
      "pwm_chatter_ratio": 0.24074074074074073,
      "tail_mean_abs_error": 21.571428571428573,
      "tail_pwm_jump_abs": 2222.190476190476,
      "terminal_requirements_ok": false,
      "pwm_limit_reasonable": false,
      "pwm_limit_note": "terminal steady-state gate failed (tail error or PWM jump exceeded limits)",
      "weighted_score": Infinity
    },
    "right": {
      "wheel": "right",
      "sample_count": 28,
      "mean_abs_error": 13.535714285714286,
      "p95_abs_error": 24.299999999999997,
      "overshoot_peak": 4.0,
      "settle_delay_s": 1.446,
      "pwm_settle_delay_s": 1.3498095238095238,
      "saturation_ratio": 0.0,
      "steady_abs_error_ratio": 0.09523809523809523,
      "p95_error_ratio": 0.23079365079365075,
      "settle_time_ratio": 0.927170868347339,
      "pwm_settle_time_ratio": 0.8504314477468841,
      "overshoot_ratio": 0.015873015873015872,
      "oscillation_ratio": 0.052380508869699687,
      "attainment_ratio": 0.9132275132275133,
      "rail_hit_ratio": 0.0,
      "pwm_chatter_ratio": 0.0,
      "tail_mean_abs_error": 10.88888888888889,
      "tail_pwm_jump_abs": 895.7142857142857,
      "terminal_requirements_ok": false,
      "pwm_limit_reasonable": false,
      "pwm_limit_note": "terminal steady-state gate failed (tail error or PWM jump exceeded limits)",
      "weighted_score": Infinity
    }
  },
  "csv_path": "/home/madejuele/projects/2K0300/new/verification/auto-wheel-pid/20260423T012139Z/round-006-d-screen/attempt-01/telemetry.csv",
  "host_log_path": "/home/madejuele/projects/2K0300/new/verification/auto-wheel-pid/20260423T012139Z/round-006-d-screen/attempt-01/host.log",
  "board_log_path": "/home/madejuele/projects/2K0300/new/verification/auto-wheel-pid/20260423T012139Z/round-006-d-screen/attempt-01/board.log",
  "params_path": "/home/madejuele/projects/2K0300/new/verification/auto-wheel-pid/20260423T012139Z/round-006-d-screen/attempt-01/params.json",
  "tuning_exit_code": 0,
  "receiver_error": null,
  "ack_complete": true,
  "snapshot_cleared_seen": true,
  "board_markers_ok": true,
  "unexpected_failsafe": false,
  "runtime_error": null,
  "accepted": false,
  "accepted_reason": "screen left terminal gate failed: tail error 21.571 > 20.000; tail PWM jump 2222.190 > 800.000; screen right terminal gate failed: tail PWM jump 895.714 > 800.000"
}
