{
  "name": "round-003-left-p",
  "candidate_label": "left-p=112.500000",
  "wheel_scores": {
    "left": {
      "wheel": "left",
      "sample_count": 51,
      "mean_abs_error": 14.72549019607843,
      "p95_abs_error": 28.0,
      "overshoot_peak": 33.0,
      "settle_delay_s": 1.109,
      "pwm_settle_delay_s": 1.2837619047619047,
      "saturation_ratio": 0.11764705882352941,
      "steady_abs_error_ratio": 0.14285714285714285,
      "p95_error_ratio": 0.24833333333333332,
      "settle_time_ratio": 0.6621109337589784,
      "pwm_settle_time_ratio": 0.8333333333333334,
      "overshoot_ratio": 0.18888888888888888,
      "oscillation_ratio": 0.10058284302546873,
      "attainment_ratio": 0.9291005291005292,
      "rail_hit_ratio": 0.10482804232804234,
      "pwm_chatter_ratio": 0.06845238095238096,
      "tail_mean_abs_error": 14.80952380952381,
      "tail_pwm_jump_abs": 1601.7142857142858,
      "terminal_requirements_ok": false,
      "pwm_limit_reasonable": false,
      "pwm_limit_note": "terminal steady-state gate failed (tail error or PWM jump exceeded limits)",
      "weighted_score": Infinity
    },
    "right": {
      "wheel": "right",
      "sample_count": 51,
      "mean_abs_error": 17.07843137254902,
      "p95_abs_error": 25.5,
      "overshoot_peak": 8.0,
      "settle_delay_s": 1.4208333333333334,
      "pwm_settle_delay_s": 1.2229761904761904,
      "saturation_ratio": 0.0,
      "steady_abs_error_ratio": 0.1455026455026455,
      "p95_error_ratio": 0.2303174603174603,
      "settle_time_ratio": 0.9235164835164834,
      "pwm_settle_time_ratio": 0.7917368082393597,
      "overshoot_ratio": 0.012698412698412698,
      "oscillation_ratio": 0.05972610001095068,
      "attainment_ratio": 0.862962962962963,
      "rail_hit_ratio": 0.0,
      "pwm_chatter_ratio": 0.0,
      "tail_mean_abs_error": 15.055555555555555,
      "tail_pwm_jump_abs": 760.9285714285714,
      "terminal_requirements_ok": false,
      "pwm_limit_reasonable": false,
      "pwm_limit_note": "terminal steady-state gate failed (tail error or PWM jump exceeded limits)",
      "weighted_score": Infinity
    }
  },
  "csv_path": "/home/madejuele/projects/2K0300/new/verification/auto-wheel-pid/20260422T143235Z/round-003-left-p/attempt-01/telemetry.csv",
  "host_log_path": "/home/madejuele/projects/2K0300/new/verification/auto-wheel-pid/20260422T143235Z/round-003-left-p/attempt-01/host.log",
  "board_log_path": "/home/madejuele/projects/2K0300/new/verification/auto-wheel-pid/20260422T143235Z/round-003-left-p/attempt-01/board.log",
  "params_path": "/home/madejuele/projects/2K0300/new/verification/auto-wheel-pid/20260422T143235Z/round-003-left-p/attempt-01/params.json",
  "tuning_exit_code": 0,
  "receiver_error": null,
  "ack_complete": true,
  "snapshot_cleared_seen": true,
  "board_markers_ok": true,
  "unexpected_failsafe": false,
  "runtime_error": null,
  "accepted": false,
  "accepted_reason": "left score 162.086138 did not beat 108.171492 by 5%"
}
