{
  "name": "round-002-d-confirm",
  "candidate_label": "right-d=0.100000",
  "wheel_scores": {
    "left": {
      "wheel": "left",
      "sample_count": 51,
      "mean_abs_error": 15.549019607843137,
      "p95_abs_error": 23.0,
      "overshoot_peak": 0.0,
      "settle_delay_s": 1.5548333333333333,
      "pwm_settle_delay_s": 0.8188333333333333,
      "saturation_ratio": 0.0392156862745098,
      "steady_abs_error_ratio": 0.15185185185185185,
      "p95_error_ratio": 0.1988888888888889,
      "settle_time_ratio": 1.0,
      "pwm_settle_time_ratio": 0.5193093104228177,
      "overshoot_ratio": 0.0,
      "oscillation_ratio": 0.030516648273553264,
      "attainment_ratio": 0.8481481481481482,
      "rail_hit_ratio": 0.023809523809523808,
      "pwm_chatter_ratio": 0.0,
      "tail_mean_abs_error": 16.38888888888889,
      "tail_pwm_jump_abs": 548.4047619047619,
      "terminal_requirements_ok": false,
      "pwm_limit_reasonable": false,
      "pwm_limit_note": "terminal steady-state gate failed (tail error or PWM jump exceeded limits)",
      "weighted_score": Infinity
    },
    "right": {
      "wheel": "right",
      "sample_count": 51,
      "mean_abs_error": 15.941176470588236,
      "p95_abs_error": 27.5,
      "overshoot_peak": 4.0,
      "settle_delay_s": 1.5548333333333333,
      "pwm_settle_delay_s": 1.4039761904761905,
      "saturation_ratio": 0.0196078431372549,
      "steady_abs_error_ratio": 0.15185185185185185,
      "p95_error_ratio": 0.2425396825396825,
      "settle_time_ratio": 1.0,
      "pwm_settle_time_ratio": 0.8813443072702332,
      "overshoot_ratio": 0.007936507936507936,
      "oscillation_ratio": 0.03158015973592096,
      "attainment_ratio": 0.8481481481481482,
      "rail_hit_ratio": 0.023809523809523808,
      "pwm_chatter_ratio": 0.0,
      "tail_mean_abs_error": 15.944444444444445,
      "tail_pwm_jump_abs": 561.4047619047619,
      "terminal_requirements_ok": true,
      "pwm_limit_reasonable": true,
      "pwm_limit_note": "within current wheel-PID test envelope",
      "weighted_score": 2.001542652461932
    }
  },
  "csv_path": "/home/madejuele/projects/2K0300/new/verification/auto-wheel-pid/20260423T120623Z/round-002-d-confirm/attempt-01/telemetry.csv",
  "host_log_path": "/home/madejuele/projects/2K0300/new/verification/auto-wheel-pid/20260423T120623Z/round-002-d-confirm/attempt-01/host.log",
  "board_log_path": "/home/madejuele/projects/2K0300/new/verification/auto-wheel-pid/20260423T120623Z/round-002-d-confirm/attempt-01/board.log",
  "params_path": "/home/madejuele/projects/2K0300/new/verification/auto-wheel-pid/20260423T120623Z/round-002-d-confirm/attempt-01/params.json",
  "tuning_exit_code": 0,
  "receiver_error": null,
  "ack_complete": true,
  "snapshot_cleared_seen": true,
  "board_markers_ok": true,
  "unexpected_failsafe": false,
  "runtime_error": null,
  "accepted": false,
  "accepted_reason": "confirm right score 2.001543 did not beat 1.910522 by 5%"
}
