{
  "name": "round-002-i-screen",
  "candidate_label": "left-i=5.000000; right-i=0.375000",
  "wheel_scores": {
    "left": {
      "wheel": "left",
      "sample_count": 29,
      "mean_abs_error": 14.241379310344827,
      "p95_abs_error": 29.199999999999996,
      "overshoot_peak": 35.0,
      "settle_delay_s": 1.222,
      "pwm_settle_delay_s": 0.680047619047619,
      "saturation_ratio": 0.13793103448275862,
      "steady_abs_error_ratio": 0.17037037037037037,
      "p95_error_ratio": 0.2571428571428571,
      "settle_time_ratio": 0.7602817146335101,
      "pwm_settle_time_ratio": 0.44905068384432806,
      "overshoot_ratio": 0.2634920634920635,
      "oscillation_ratio": 0.13890628911423122,
      "attainment_ratio": 1.0306878306878307,
      "rail_hit_ratio": 0.13793103448275862,
      "pwm_chatter_ratio": 0.10119047619047619,
      "tail_mean_abs_error": 17.349206349206348,
      "tail_pwm_jump_abs": 1325.6190476190477,
      "terminal_requirements_ok": false,
      "pwm_limit_reasonable": false,
      "pwm_limit_note": "terminal steady-state gate failed (tail error or PWM jump exceeded limits)",
      "weighted_score": Infinity
    },
    "right": {
      "wheel": "right",
      "sample_count": 29,
      "mean_abs_error": 7.724137931034483,
      "p95_abs_error": 16.599999999999998,
      "overshoot_peak": 5.0,
      "settle_delay_s": 0.4856666666666667,
      "pwm_settle_delay_s": 1.5460476190476191,
      "saturation_ratio": 0.0,
      "steady_abs_error_ratio": 0.08042328042328042,
      "p95_error_ratio": 0.12174603174603173,
      "settle_time_ratio": 0.23809523809523808,
      "pwm_settle_time_ratio": 1.0,
      "overshoot_ratio": 0.015873015873015872,
      "oscillation_ratio": 0.04868181629008598,
      "attainment_ratio": 0.9301587301587302,
      "rail_hit_ratio": 0.0,
      "pwm_chatter_ratio": 0.0,
      "tail_mean_abs_error": 8.666666666666666,
      "tail_pwm_jump_abs": 848.2380952380952,
      "terminal_requirements_ok": false,
      "pwm_limit_reasonable": false,
      "pwm_limit_note": "terminal steady-state gate failed (tail error or PWM jump exceeded limits)",
      "weighted_score": Infinity
    }
  },
  "csv_path": "/home/madejuele/projects/2K0300/new/verification/auto-wheel-pid/20260423T022515Z/round-002-i-screen/attempt-01/telemetry.csv",
  "host_log_path": "/home/madejuele/projects/2K0300/new/verification/auto-wheel-pid/20260423T022515Z/round-002-i-screen/attempt-01/host.log",
  "board_log_path": "/home/madejuele/projects/2K0300/new/verification/auto-wheel-pid/20260423T022515Z/round-002-i-screen/attempt-01/board.log",
  "params_path": "/home/madejuele/projects/2K0300/new/verification/auto-wheel-pid/20260423T022515Z/round-002-i-screen/attempt-01/params.json",
  "tuning_exit_code": 0,
  "receiver_error": null,
  "ack_complete": true,
  "snapshot_cleared_seen": true,
  "board_markers_ok": true,
  "unexpected_failsafe": false,
  "runtime_error": null,
  "accepted": false,
  "accepted_reason": "screen left terminal gate failed: tail PWM jump 1325.619 > 800.000; screen right terminal gate failed: tail PWM jump 848.238 > 800.000"
}
