{
  "name": "round-001-i-screen",
  "candidate_label": "right-i=2.100000",
  "wheel_scores": {
    "left": {
      "wheel": "left",
      "sample_count": 19,
      "mean_abs_error": 6.0,
      "p95_abs_error": 24.199999999999974,
      "overshoot_peak": 35.0,
      "settle_delay_s": 0.14333333333333334,
      "pwm_settle_delay_s": 0.7788571428571429,
      "saturation_ratio": 0.05263157894736842,
      "steady_abs_error_ratio": 0.02962962962962963,
      "p95_error_ratio": 0.16269841269841265,
      "settle_time_ratio": 0.12435578558550216,
      "pwm_settle_time_ratio": 0.6666666666666666,
      "overshoot_ratio": 0.1492063492063492,
      "oscillation_ratio": 0.024096167229061764,
      "attainment_ratio": 1.0105820105820107,
      "rail_hit_ratio": 0.061224489795918366,
      "pwm_chatter_ratio": 0.0,
      "tail_mean_abs_error": 3.2063492063492065,
      "tail_pwm_jump_abs": 481.9047619047619,
      "terminal_requirements_ok": true,
      "pwm_limit_reasonable": true,
      "pwm_limit_note": "PWM limit is reachable in this round, but not the dominant issue by itself",
      "weighted_score": 1.158198524145094
    },
    "right": {
      "wheel": "right",
      "sample_count": 19,
      "mean_abs_error": 6.7368421052631575,
      "p95_abs_error": 14.899999999999938,
      "overshoot_peak": 7.0,
      "settle_delay_s": 0.07366666666666667,
      "pwm_settle_delay_s": 0.9262380952380952,
      "saturation_ratio": 0.05263157894736842,
      "steady_abs_error_ratio": 0.05185185185185185,
      "p95_error_ratio": 0.15571428571428567,
      "settle_time_ratio": 0.07613688562241616,
      "pwm_settle_time_ratio": 0.8101236618678479,
      "overshoot_ratio": 0.031746031746031744,
      "oscillation_ratio": 0.04915443124795994,
      "attainment_ratio": 0.9756613756613756,
      "rail_hit_ratio": 0.061224489795918366,
      "pwm_chatter_ratio": 0.0,
      "tail_mean_abs_error": 5.634920634920635,
      "tail_pwm_jump_abs": 732.5714285714286,
      "terminal_requirements_ok": false,
      "pwm_limit_reasonable": false,
      "pwm_limit_note": "terminal steady-state gate failed (tail error or PWM jump exceeded limits)",
      "weighted_score": Infinity
    }
  },
  "csv_path": "/home/madejuele/projects/2K0300/new/verification/auto-wheel-pid/20260423T124335Z/round-001-i-screen/attempt-01/telemetry.csv",
  "host_log_path": "/home/madejuele/projects/2K0300/new/verification/auto-wheel-pid/20260423T124335Z/round-001-i-screen/attempt-01/host.log",
  "board_log_path": "/home/madejuele/projects/2K0300/new/verification/auto-wheel-pid/20260423T124335Z/round-001-i-screen/attempt-01/board.log",
  "params_path": "/home/madejuele/projects/2K0300/new/verification/auto-wheel-pid/20260423T124335Z/round-001-i-screen/attempt-01/params.json",
  "tuning_exit_code": 0,
  "receiver_error": null,
  "ack_complete": true,
  "snapshot_cleared_seen": true,
  "board_markers_ok": true,
  "unexpected_failsafe": false,
  "runtime_error": null,
  "accepted": false,
  "accepted_reason": "screen right terminal gate failed: terminal gate failed"
}
