{
  "name": "round-007-p-confirm",
  "candidate_label": "left-p=138.000000",
  "wheel_scores": {
    "left": {
      "wheel": "left",
      "sample_count": 57,
      "mean_abs_error": 11.807017543859649,
      "p95_abs_error": 24.199999999999996,
      "overshoot_peak": 24.0,
      "settle_delay_s": 0.8333333333333334,
      "pwm_settle_delay_s": 1.5729285714285712,
      "saturation_ratio": 0.03508771929824561,
      "steady_abs_error_ratio": 0.12275132275132275,
      "p95_error_ratio": 0.2314285714285714,
      "settle_time_ratio": 0.4686130527024526,
      "pwm_settle_time_ratio": 1.0,
      "overshoot_ratio": 0.05555555555555555,
      "oscillation_ratio": 0.05607345696481684,
      "attainment_ratio": 0.8772486772486772,
      "rail_hit_ratio": 0.03508771929824561,
      "pwm_chatter_ratio": 0.0,
      "tail_mean_abs_error": 12.142857142857142,
      "tail_pwm_jump_abs": 704.4047619047619,
      "terminal_requirements_ok": false,
      "pwm_limit_reasonable": false,
      "pwm_limit_note": "terminal steady-state gate failed (tail error or PWM jump exceeded limits)",
      "weighted_score": Infinity
    },
    "right": {
      "wheel": "right",
      "sample_count": 57,
      "mean_abs_error": 14.666666666666666,
      "p95_abs_error": 24.199999999999996,
      "overshoot_peak": 16.0,
      "settle_delay_s": 1.2263333333333333,
      "pwm_settle_delay_s": 1.3890952380952382,
      "saturation_ratio": 0.017543859649122806,
      "steady_abs_error_ratio": 0.1439153439153439,
      "p95_error_ratio": 0.24626984126984122,
      "settle_time_ratio": 0.7256098138920142,
      "pwm_settle_time_ratio": 0.8883151073309031,
      "overshoot_ratio": 0.025396825396825397,
      "oscillation_ratio": 0.050464574142986884,
      "attainment_ratio": 0.8560846560846561,
      "rail_hit_ratio": 0.017543859649122806,
      "pwm_chatter_ratio": 0.0,
      "tail_mean_abs_error": 15.285714285714286,
      "tail_pwm_jump_abs": 665.1904761904761,
      "terminal_requirements_ok": false,
      "pwm_limit_reasonable": false,
      "pwm_limit_note": "terminal steady-state gate failed (tail error or PWM jump exceeded limits)",
      "weighted_score": Infinity
    }
  },
  "csv_path": "/home/madejuele/projects/2K0300/new/verification/auto-wheel-pid/20260423T042856Z/round-007-p-confirm/attempt-01/telemetry.csv",
  "host_log_path": "/home/madejuele/projects/2K0300/new/verification/auto-wheel-pid/20260423T042856Z/round-007-p-confirm/attempt-01/host.log",
  "board_log_path": "/home/madejuele/projects/2K0300/new/verification/auto-wheel-pid/20260423T042856Z/round-007-p-confirm/attempt-01/board.log",
  "params_path": "/home/madejuele/projects/2K0300/new/verification/auto-wheel-pid/20260423T042856Z/round-007-p-confirm/attempt-01/params.json",
  "tuning_exit_code": 0,
  "receiver_error": null,
  "ack_complete": true,
  "snapshot_cleared_seen": true,
  "board_markers_ok": true,
  "unexpected_failsafe": false,
  "runtime_error": null,
  "accepted": false,
  "accepted_reason": "confirm left terminal gate failed: terminal gate failed"
}
