{
  "name": "round-008-i-screen",
  "candidate_label": "left-i=4.000000; right-i=4.000000",
  "wheel_scores": {
    "left": {
      "wheel": "left",
      "sample_count": 29,
      "mean_abs_error": 12.620689655172415,
      "p95_abs_error": 28.99999999999999,
      "overshoot_peak": 38.0,
      "settle_delay_s": 1.1716666666666666,
      "pwm_settle_delay_s": 1.618142857142857,
      "saturation_ratio": 0.10344827586206896,
      "steady_abs_error_ratio": 0.1439153439153439,
      "p95_error_ratio": 0.2569841269841269,
      "settle_time_ratio": 0.6613067027758971,
      "pwm_settle_time_ratio": 1.0,
      "overshoot_ratio": 0.30158730158730157,
      "oscillation_ratio": 0.134086917092843,
      "attainment_ratio": 1.0232804232804231,
      "rail_hit_ratio": 0.11693121693121691,
      "pwm_chatter_ratio": 0.12169312169312167,
      "tail_mean_abs_error": 15.492063492063492,
      "tail_pwm_jump_abs": 2258.7619047619046,
      "terminal_requirements_ok": false,
      "pwm_limit_reasonable": false,
      "pwm_limit_note": "terminal steady-state gate failed (tail error or PWM jump exceeded limits)",
      "weighted_score": Infinity
    },
    "right": {
      "wheel": "right",
      "sample_count": 29,
      "mean_abs_error": 7.068965517241379,
      "p95_abs_error": 16.799999999999983,
      "overshoot_peak": 24.0,
      "settle_delay_s": 0.25366666666666665,
      "pwm_settle_delay_s": 1.618142857142857,
      "saturation_ratio": 0.034482758620689655,
      "steady_abs_error_ratio": 0.05185185185185185,
      "p95_error_ratio": 0.14269841269841263,
      "settle_time_ratio": 0.10856229849639076,
      "pwm_settle_time_ratio": 1.0,
      "overshoot_ratio": 0.13968253968253969,
      "oscillation_ratio": 0.0580565688375238,
      "attainment_ratio": 1.0010582010582012,
      "rail_hit_ratio": 0.04285714285714286,
      "pwm_chatter_ratio": 0.0,
      "tail_mean_abs_error": 5.73015873015873,
      "tail_pwm_jump_abs": 1486.2857142857142,
      "terminal_requirements_ok": false,
      "pwm_limit_reasonable": false,
      "pwm_limit_note": "terminal steady-state gate failed (tail error or PWM jump exceeded limits)",
      "weighted_score": Infinity
    }
  },
  "csv_path": "/home/madejuele/projects/2K0300/new/verification/auto-wheel-pid/20260423T021240Z/round-008-i-screen/attempt-01/telemetry.csv",
  "host_log_path": "/home/madejuele/projects/2K0300/new/verification/auto-wheel-pid/20260423T021240Z/round-008-i-screen/attempt-01/host.log",
  "board_log_path": "/home/madejuele/projects/2K0300/new/verification/auto-wheel-pid/20260423T021240Z/round-008-i-screen/attempt-01/board.log",
  "params_path": "/home/madejuele/projects/2K0300/new/verification/auto-wheel-pid/20260423T021240Z/round-008-i-screen/attempt-01/params.json",
  "tuning_exit_code": 0,
  "receiver_error": null,
  "ack_complete": true,
  "snapshot_cleared_seen": true,
  "board_markers_ok": true,
  "unexpected_failsafe": false,
  "runtime_error": null,
  "accepted": false,
  "accepted_reason": "screen left terminal gate failed: tail PWM jump 2258.762 > 800.000; screen right terminal gate failed: tail PWM jump 1486.286 > 800.000"
}
