{
  "name": "round-003-i-screen",
  "candidate_label": "left-i=1.500000; right-i=1.500000",
  "wheel_scores": {
    "left": {
      "wheel": "left",
      "sample_count": 29,
      "mean_abs_error": 17.413793103448278,
      "p95_abs_error": 32.599999999999994,
      "overshoot_peak": 33.0,
      "settle_delay_s": 1.606,
      "pwm_settle_delay_s": 1.6258095238095238,
      "saturation_ratio": 0.27586206896551724,
      "steady_abs_error_ratio": 0.16719576719576718,
      "p95_error_ratio": 0.2722222222222222,
      "settle_time_ratio": 1.0,
      "pwm_settle_time_ratio": 1.0,
      "overshoot_ratio": 0.2253968253968254,
      "oscillation_ratio": 0.15805139330703838,
      "attainment_ratio": 0.925925925925926,
      "rail_hit_ratio": 0.2312169312169312,
      "pwm_chatter_ratio": 0.17394179894179893,
      "tail_mean_abs_error": 17.174603174603174,
      "tail_pwm_jump_abs": 2384.904761904762,
      "terminal_requirements_ok": false,
      "pwm_limit_reasonable": false,
      "pwm_limit_note": "terminal steady-state gate failed (tail error or PWM jump exceeded limits)",
      "weighted_score": Infinity
    },
    "right": {
      "wheel": "right",
      "sample_count": 29,
      "mean_abs_error": 16.75862068965517,
      "p95_abs_error": 24.0,
      "overshoot_peak": 12.0,
      "settle_delay_s": 1.606,
      "pwm_settle_delay_s": 1.4680952380952381,
      "saturation_ratio": 0.0,
      "steady_abs_error_ratio": 0.17671957671957672,
      "p95_error_ratio": 0.22174603174603172,
      "settle_time_ratio": 1.0,
      "pwm_settle_time_ratio": 0.9052767052767053,
      "overshoot_ratio": 0.0380952380952381,
      "oscillation_ratio": 0.015258769354724878,
      "attainment_ratio": 0.8232804232804232,
      "rail_hit_ratio": 0.0,
      "pwm_chatter_ratio": 0.0,
      "tail_mean_abs_error": 19.793650793650794,
      "tail_pwm_jump_abs": 199.42857142857142,
      "terminal_requirements_ok": false,
      "pwm_limit_reasonable": false,
      "pwm_limit_note": "terminal steady-state gate failed (tail error or PWM jump exceeded limits)",
      "weighted_score": Infinity
    }
  },
  "csv_path": "/home/madejuele/projects/2K0300/new/verification/auto-wheel-pid/20260423T014247Z/round-003-i-screen/attempt-01/telemetry.csv",
  "host_log_path": "/home/madejuele/projects/2K0300/new/verification/auto-wheel-pid/20260423T014247Z/round-003-i-screen/attempt-01/host.log",
  "board_log_path": "/home/madejuele/projects/2K0300/new/verification/auto-wheel-pid/20260423T014247Z/round-003-i-screen/attempt-01/board.log",
  "params_path": "/home/madejuele/projects/2K0300/new/verification/auto-wheel-pid/20260423T014247Z/round-003-i-screen/attempt-01/params.json",
  "tuning_exit_code": 0,
  "receiver_error": null,
  "ack_complete": true,
  "snapshot_cleared_seen": true,
  "board_markers_ok": true,
  "unexpected_failsafe": false,
  "runtime_error": null,
  "accepted": false,
  "accepted_reason": "screen left terminal gate failed: tail PWM jump 2384.905 > 800.000; screen right terminal gate failed: terminal gate failed"
}
