{
  "name": "round-007-d-screen",
  "candidate_label": "left-d=1.875000; right-d=1.875000",
  "wheel_scores": {
    "left": {
      "wheel": "left",
      "sample_count": 29,
      "mean_abs_error": 13.413793103448276,
      "p95_abs_error": 27.199999999999996,
      "overshoot_peak": 28.0,
      "settle_delay_s": 1.352,
      "pwm_settle_delay_s": 1.6176190476190477,
      "saturation_ratio": 0.2413793103448276,
      "steady_abs_error_ratio": 0.13862433862433865,
      "p95_error_ratio": 0.23650793650793647,
      "settle_time_ratio": 0.8498102656281206,
      "pwm_settle_time_ratio": 1.0,
      "overshoot_ratio": 0.2,
      "oscillation_ratio": 0.08098396048239273,
      "attainment_ratio": 0.9058201058201057,
      "rail_hit_ratio": 0.20689655172413793,
      "pwm_chatter_ratio": 0.33465608465608465,
      "tail_mean_abs_error": 14.142857142857142,
      "tail_pwm_jump_abs": 1764.857142857143,
      "terminal_requirements_ok": false,
      "pwm_limit_reasonable": false,
      "pwm_limit_note": "terminal steady-state gate failed (tail error or PWM jump exceeded limits)",
      "weighted_score": Infinity
    },
    "right": {
      "wheel": "right",
      "sample_count": 29,
      "mean_abs_error": 17.96551724137931,
      "p95_abs_error": 27.599999999999998,
      "overshoot_peak": 2.0,
      "settle_delay_s": 1.6026666666666667,
      "pwm_settle_delay_s": 1.6176190476190477,
      "saturation_ratio": 0.0,
      "steady_abs_error_ratio": 0.19259259259259262,
      "p95_error_ratio": 0.24968253968253964,
      "settle_time_ratio": 1.0,
      "pwm_settle_time_ratio": 1.0,
      "overshoot_ratio": 0.006349206349206349,
      "oscillation_ratio": 0.03947534262562084,
      "attainment_ratio": 0.8074074074074074,
      "rail_hit_ratio": 0.0,
      "pwm_chatter_ratio": 0.0,
      "tail_mean_abs_error": 20.476190476190474,
      "tail_pwm_jump_abs": 802.3809523809524,
      "terminal_requirements_ok": false,
      "pwm_limit_reasonable": false,
      "pwm_limit_note": "terminal steady-state gate failed (tail error or PWM jump exceeded limits)",
      "weighted_score": Infinity
    }
  },
  "csv_path": "/home/madejuele/projects/2K0300/new/verification/auto-wheel-pid/20260423T013250Z/round-007-d-screen/attempt-01/telemetry.csv",
  "host_log_path": "/home/madejuele/projects/2K0300/new/verification/auto-wheel-pid/20260423T013250Z/round-007-d-screen/attempt-01/host.log",
  "board_log_path": "/home/madejuele/projects/2K0300/new/verification/auto-wheel-pid/20260423T013250Z/round-007-d-screen/attempt-01/board.log",
  "params_path": "/home/madejuele/projects/2K0300/new/verification/auto-wheel-pid/20260423T013250Z/round-007-d-screen/attempt-01/params.json",
  "tuning_exit_code": 0,
  "receiver_error": null,
  "ack_complete": true,
  "snapshot_cleared_seen": true,
  "board_markers_ok": true,
  "unexpected_failsafe": false,
  "runtime_error": null,
  "accepted": false,
  "accepted_reason": "screen left terminal gate failed: tail PWM jump 1764.857 > 800.000; screen right terminal gate failed: tail error 20.476 > 20.000; tail PWM jump 802.381 > 800.000"
}
