{
  "name": "round-005-i-screen",
  "candidate_label": "left-i=0.800000; right-i=0.800000",
  "wheel_scores": {
    "left": {
      "wheel": "left",
      "sample_count": 20,
      "mean_abs_error": 4.5,
      "p95_abs_error": 9.250000000000004,
      "overshoot_peak": 8.0,
      "settle_delay_s": 0.128,
      "pwm_settle_delay_s": 0.7377142857142857,
      "saturation_ratio": 0.0,
      "steady_abs_error_ratio": 0.02751322751322751,
      "p95_error_ratio": 0.08793650793650792,
      "settle_time_ratio": 0.09152009152009152,
      "pwm_settle_time_ratio": 0.6428571428571429,
      "overshoot_ratio": 0.044444444444444446,
      "oscillation_ratio": 0.02971765841253071,
      "attainment_ratio": 0.9830687830687831,
      "rail_hit_ratio": 0.0,
      "pwm_chatter_ratio": 0.0,
      "tail_mean_abs_error": 2.9206349206349205,
      "tail_pwm_jump_abs": 540.047619047619,
      "terminal_requirements_ok": true,
      "pwm_limit_reasonable": true,
      "pwm_limit_note": "PWM limit is not a visible constraint in this round",
      "weighted_score": 0.8090081450776323
    },
    "right": {
      "wheel": "right",
      "sample_count": 20,
      "mean_abs_error": 5.35,
      "p95_abs_error": 11.600000000000009,
      "overshoot_peak": 9.0,
      "settle_delay_s": 0.128,
      "pwm_settle_delay_s": 1.0793809523809523,
      "saturation_ratio": 0.05,
      "steady_abs_error_ratio": 0.045502645502645496,
      "p95_error_ratio": 0.11460317460317458,
      "settle_time_ratio": 0.09152009152009152,
      "pwm_settle_time_ratio": 0.902283235616569,
      "overshoot_ratio": 0.05396825396825397,
      "oscillation_ratio": 0.03515424095469288,
      "attainment_ratio": 1.0031746031746032,
      "rail_hit_ratio": 0.05,
      "pwm_chatter_ratio": 0.0,
      "tail_mean_abs_error": 4.809523809523809,
      "tail_pwm_jump_abs": 536.952380952381,
      "terminal_requirements_ok": true,
      "pwm_limit_reasonable": true,
      "pwm_limit_note": "within current wheel-PID test envelope",
      "weighted_score": 1.2142096707230492
    }
  },
  "csv_path": "/home/madejuele/projects/2K0300/new/verification/auto-wheel-pid/20260423T122234Z/round-005-i-screen/attempt-01/telemetry.csv",
  "host_log_path": "/home/madejuele/projects/2K0300/new/verification/auto-wheel-pid/20260423T122234Z/round-005-i-screen/attempt-01/host.log",
  "board_log_path": "/home/madejuele/projects/2K0300/new/verification/auto-wheel-pid/20260423T122234Z/round-005-i-screen/attempt-01/board.log",
  "params_path": "/home/madejuele/projects/2K0300/new/verification/auto-wheel-pid/20260423T122234Z/round-005-i-screen/attempt-01/params.json",
  "tuning_exit_code": 0,
  "receiver_error": null,
  "ack_complete": true,
  "snapshot_cleared_seen": true,
  "board_markers_ok": true,
  "unexpected_failsafe": false,
  "runtime_error": null,
  "accepted": false,
  "accepted_reason": "screen left score improved from 1.974867 to 0.809008; pending confirmation; screen right score improved from inf to 1.214210; pending confirmation"
}
