{
  "name": "round-026-right-d",
  "candidate_label": "right-d=0.250000",
  "wheel_scores": {
    "left": {
      "wheel": "left",
      "sample_count": 56,
      "mean_abs_error": 13.75,
      "p95_abs_error": 20.0,
      "overshoot_peak": 13.0,
      "settle_delay_s": 1.3641666666666667,
      "pwm_settle_delay_s": 1.4727380952380953,
      "saturation_ratio": 0.0,
      "steady_abs_error_ratio": 0.13386243386243385,
      "p95_error_ratio": 0.18587301587301586,
      "settle_time_ratio": 0.8392857142857143,
      "pwm_settle_time_ratio": 0.9396922851528948,
      "overshoot_ratio": 0.03492063492063492,
      "oscillation_ratio": 0.02294771899690374,
      "attainment_ratio": 0.8661375661375661,
      "rail_hit_ratio": 0.0,
      "pwm_chatter_ratio": 0.0,
      "tail_mean_abs_error": 14.007936507936508,
      "tail_pwm_jump_abs": 412.1666666666667,
      "terminal_requirements_ok": false,
      "pwm_limit_reasonable": false,
      "pwm_limit_note": "terminal steady-state gate failed (tail error or PWM jump exceeded limits)",
      "weighted_score": Infinity
    },
    "right": {
      "wheel": "right",
      "sample_count": 56,
      "mean_abs_error": 17.767857142857142,
      "p95_abs_error": 28.0,
      "overshoot_peak": 0.0,
      "settle_delay_s": 1.5511666666666666,
      "pwm_settle_delay_s": 1.5224047619047618,
      "saturation_ratio": 0.017857142857142856,
      "steady_abs_error_ratio": 0.14603174603174604,
      "p95_error_ratio": 0.26079365079365074,
      "settle_time_ratio": 1.0,
      "pwm_settle_time_ratio": 0.9733575248281131,
      "overshoot_ratio": 0.0,
      "oscillation_ratio": 0.03374832339937293,
      "attainment_ratio": 0.8539682539682539,
      "rail_hit_ratio": 0.02142857142857143,
      "pwm_chatter_ratio": 0.0,
      "tail_mean_abs_error": 15.555555555555555,
      "tail_pwm_jump_abs": 438.92857142857144,
      "terminal_requirements_ok": false,
      "pwm_limit_reasonable": false,
      "pwm_limit_note": "terminal steady-state gate failed (tail error or PWM jump exceeded limits)",
      "weighted_score": Infinity
    }
  },
  "csv_path": "/home/madejuele/projects/2K0300/new/verification/auto-wheel-pid/20260422T143235Z/round-026-right-d/attempt-01/telemetry.csv",
  "host_log_path": "/home/madejuele/projects/2K0300/new/verification/auto-wheel-pid/20260422T143235Z/round-026-right-d/attempt-01/host.log",
  "board_log_path": "/home/madejuele/projects/2K0300/new/verification/auto-wheel-pid/20260422T143235Z/round-026-right-d/attempt-01/board.log",
  "params_path": "/home/madejuele/projects/2K0300/new/verification/auto-wheel-pid/20260422T143235Z/round-026-right-d/attempt-01/params.json",
  "tuning_exit_code": 0,
  "receiver_error": null,
  "ack_complete": true,
  "snapshot_cleared_seen": true,
  "board_markers_ok": true,
  "unexpected_failsafe": false,
  "runtime_error": null,
  "accepted": true,
  "accepted_reason": "right score improved from 53.716281 to 43.720994; selected best candidate from bidirectional search at right-d=0.250000"
}
