{
  "name": "round-003-p-confirm",
  "candidate_label": "right-p=107.000000",
  "wheel_scores": {
    "left": {
      "wheel": "left",
      "sample_count": 52,
      "mean_abs_error": 14.423076923076923,
      "p95_abs_error": 22.0,
      "overshoot_peak": 3.0,
      "settle_delay_s": 1.335,
      "pwm_settle_delay_s": 0.9638095238095239,
      "saturation_ratio": 0.0,
      "steady_abs_error_ratio": 0.1375661375661376,
      "p95_error_ratio": 0.19825396825396827,
      "settle_time_ratio": 0.8549130018713283,
      "pwm_settle_time_ratio": 0.6255845101161162,
      "overshoot_ratio": 0.004761904761904762,
      "oscillation_ratio": 0.0408084414754067,
      "attainment_ratio": 0.8624338624338624,
      "rail_hit_ratio": 0.0,
      "pwm_chatter_ratio": 0.0,
      "tail_mean_abs_error": 14.412698412698413,
      "tail_pwm_jump_abs": 700.3095238095239,
      "terminal_requirements_ok": false,
      "pwm_limit_reasonable": false,
      "pwm_limit_note": "terminal steady-state gate failed (tail error or PWM jump exceeded limits)",
      "weighted_score": Infinity
    },
    "right": {
      "wheel": "right",
      "sample_count": 52,
      "mean_abs_error": 14.653846153846153,
      "p95_abs_error": 23.449999999999996,
      "overshoot_peak": 23.0,
      "settle_delay_s": 1.3960000000000001,
      "pwm_settle_delay_s": 1.4188571428571428,
      "saturation_ratio": 0.0,
      "steady_abs_error_ratio": 0.13015873015873017,
      "p95_error_ratio": 0.20468253968253966,
      "settle_time_ratio": 0.8929904051172708,
      "pwm_settle_time_ratio": 0.9166144854936338,
      "overshoot_ratio": 0.05396825396825397,
      "oscillation_ratio": 0.03632916762260446,
      "attainment_ratio": 0.8698412698412699,
      "rail_hit_ratio": 0.0,
      "pwm_chatter_ratio": 0.0,
      "tail_mean_abs_error": 14.047619047619047,
      "tail_pwm_jump_abs": 734.4285714285714,
      "terminal_requirements_ok": false,
      "pwm_limit_reasonable": false,
      "pwm_limit_note": "terminal steady-state gate failed (tail error or PWM jump exceeded limits)",
      "weighted_score": Infinity
    }
  },
  "csv_path": "/home/madejuele/projects/2K0300/new/verification/auto-wheel-pid/20260423T092524Z/round-003-p-confirm/attempt-01/telemetry.csv",
  "host_log_path": "/home/madejuele/projects/2K0300/new/verification/auto-wheel-pid/20260423T092524Z/round-003-p-confirm/attempt-01/host.log",
  "board_log_path": "/home/madejuele/projects/2K0300/new/verification/auto-wheel-pid/20260423T092524Z/round-003-p-confirm/attempt-01/board.log",
  "params_path": "/home/madejuele/projects/2K0300/new/verification/auto-wheel-pid/20260423T092524Z/round-003-p-confirm/attempt-01/params.json",
  "tuning_exit_code": 0,
  "receiver_error": null,
  "ack_complete": true,
  "snapshot_cleared_seen": true,
  "board_markers_ok": true,
  "unexpected_failsafe": false,
  "runtime_error": null,
  "accepted": false,
  "accepted_reason": "confirm right terminal gate failed: terminal gate failed"
}
