{
  "name": "round-019-left-d",
  "candidate_label": "left-d=0.000000",
  "wheel_scores": {
    "left": {
      "wheel": "left",
      "sample_count": 56,
      "mean_abs_error": 16.035714285714285,
      "p95_abs_error": 27.0,
      "overshoot_peak": 3.0,
      "settle_delay_s": 1.544,
      "pwm_settle_delay_s": 1.5526666666666669,
      "saturation_ratio": 0.017857142857142856,
      "steady_abs_error_ratio": 0.1656084656084656,
      "p95_error_ratio": 0.23817460317460315,
      "settle_time_ratio": 1.0,
      "pwm_settle_time_ratio": 1.0,
      "overshoot_ratio": 0.009523809523809525,
      "oscillation_ratio": 0.03339299689687319,
      "attainment_ratio": 0.8343915343915345,
      "rail_hit_ratio": 0.02142857142857143,
      "pwm_chatter_ratio": 0.026785714285714284,
      "tail_mean_abs_error": 17.674603174603174,
      "tail_pwm_jump_abs": 668.5714285714286,
      "terminal_requirements_ok": false,
      "pwm_limit_reasonable": false,
      "pwm_limit_note": "terminal steady-state gate failed (tail error or PWM jump exceeded limits)",
      "weighted_score": Infinity
    },
    "right": {
      "wheel": "right",
      "sample_count": 56,
      "mean_abs_error": 18.232142857142858,
      "p95_abs_error": 27.5,
      "overshoot_peak": 18.0,
      "settle_delay_s": 1.544,
      "pwm_settle_delay_s": 1.3553095238095239,
      "saturation_ratio": 0.017857142857142856,
      "steady_abs_error_ratio": 0.15714285714285714,
      "p95_error_ratio": 0.2633333333333333,
      "settle_time_ratio": 1.0,
      "pwm_settle_time_ratio": 0.8663797272463488,
      "overshoot_ratio": 0.03333333333333333,
      "oscillation_ratio": 0.07876290904884306,
      "attainment_ratio": 0.8650793650793651,
      "rail_hit_ratio": 0.02142857142857143,
      "pwm_chatter_ratio": 0.0,
      "tail_mean_abs_error": 17.023809523809526,
      "tail_pwm_jump_abs": 1033.6666666666667,
      "terminal_requirements_ok": false,
      "pwm_limit_reasonable": false,
      "pwm_limit_note": "terminal steady-state gate failed (tail error or PWM jump exceeded limits)",
      "weighted_score": Infinity
    }
  },
  "csv_path": "/home/madejuele/projects/2K0300/new/verification/auto-wheel-pid/20260422T143235Z/round-019-left-d/attempt-01/telemetry.csv",
  "host_log_path": "/home/madejuele/projects/2K0300/new/verification/auto-wheel-pid/20260422T143235Z/round-019-left-d/attempt-01/host.log",
  "board_log_path": "/home/madejuele/projects/2K0300/new/verification/auto-wheel-pid/20260422T143235Z/round-019-left-d/attempt-01/board.log",
  "params_path": "/home/madejuele/projects/2K0300/new/verification/auto-wheel-pid/20260422T143235Z/round-019-left-d/attempt-01/params.json",
  "tuning_exit_code": 0,
  "receiver_error": null,
  "ack_complete": true,
  "snapshot_cleared_seen": true,
  "board_markers_ok": true,
  "unexpected_failsafe": false,
  "runtime_error": null,
  "accepted": false,
  "accepted_reason": "left score 68.865978 did not beat 51.744817 by 5%"
}
