{
  "name": "right-p88-repeat-03",
  "candidate_label": "left-p=139.000000; right-p=88.000000",
  "wheel_scores": {
    "left": {
      "wheel": "left",
      "sample_count": 57,
      "mean_abs_error": 10.526315789473685,
      "p95_abs_error": 18.199999999999996,
      "overshoot_peak": 14.0,
      "settle_delay_s": 0.9546666666666667,
      "pwm_settle_delay_s": 1.3495714285714286,
      "saturation_ratio": 0.03508771929824561,
      "steady_abs_error_ratio": 0.09417989417989417,
      "p95_error_ratio": 0.16182539682539682,
      "settle_time_ratio": 0.5481357099801947,
      "pwm_settle_time_ratio": 0.8592005622633537,
      "overshoot_ratio": 0.03650793650793651,
      "oscillation_ratio": 0.038412262981055705,
      "attainment_ratio": 0.9058201058201057,
      "rail_hit_ratio": 0.0,
      "pwm_chatter_ratio": 0.0,
      "tail_mean_abs_error": 9.714285714285714,
      "tail_pwm_jump_abs": 715.952380952381,
      "terminal_requirements_ok": false,
      "pwm_limit_reasonable": false,
      "pwm_limit_note": "terminal steady-state gate failed (tail error or PWM jump exceeded limits)",
      "weighted_score": Infinity
    },
    "right": {
      "wheel": "right",
      "sample_count": 57,
      "mean_abs_error": 17.842105263157894,
      "p95_abs_error": 26.599999999999987,
      "overshoot_peak": 0.0,
      "settle_delay_s": 1.5695,
      "pwm_settle_delay_s": 1.4726428571428571,
      "saturation_ratio": 0.017543859649122806,
      "steady_abs_error_ratio": 0.16931216931216933,
      "p95_error_ratio": 0.2511111111111111,
      "settle_time_ratio": 1.0,
      "pwm_settle_time_ratio": 0.933494425743289,
      "overshoot_ratio": 0.0,
      "oscillation_ratio": 0.03969423608861088,
      "attainment_ratio": 0.8306878306878307,
      "rail_hit_ratio": 0.017543859649122806,
      "pwm_chatter_ratio": 0.0,
      "tail_mean_abs_error": 17.603174603174605,
      "tail_pwm_jump_abs": 693.7142857142857,
      "terminal_requirements_ok": false,
      "pwm_limit_reasonable": false,
      "pwm_limit_note": "terminal steady-state gate failed (tail error or PWM jump exceeded limits)",
      "weighted_score": Infinity
    }
  },
  "csv_path": "/home/madejuele/projects/2K0300/new/verification/manual-probes/20260423T040142Z-right-p-repeat-verify/right-p88/repeat-03/attempt-01/telemetry.csv",
  "host_log_path": "/home/madejuele/projects/2K0300/new/verification/manual-probes/20260423T040142Z-right-p-repeat-verify/right-p88/repeat-03/attempt-01/host.log",
  "board_log_path": "/home/madejuele/projects/2K0300/new/verification/manual-probes/20260423T040142Z-right-p-repeat-verify/right-p88/repeat-03/attempt-01/board.log",
  "params_path": "/home/madejuele/projects/2K0300/new/verification/manual-probes/20260423T040142Z-right-p-repeat-verify/right-p88/repeat-03/attempt-01/params.json",
  "tuning_exit_code": 0,
  "receiver_error": null,
  "ack_complete": true,
  "snapshot_cleared_seen": true,
  "board_markers_ok": true,
  "unexpected_failsafe": false,
  "runtime_error": null,
  "accepted": false,
  "accepted_reason": ""
}
