{
  "name": "round-005-p-confirm",
  "candidate_label": "left-p=84.000000; right-p=96.000000",
  "wheel_scores": {
    "left": {
      "wheel": "left",
      "sample_count": 50,
      "mean_abs_error": 4.62,
      "p95_abs_error": 10.649999999999991,
      "overshoot_peak": 12.0,
      "settle_delay_s": 0.06866666666666667,
      "pwm_settle_delay_s": 0.9757619047619048,
      "saturation_ratio": 0.02,
      "steady_abs_error_ratio": 0.04285714285714286,
      "p95_error_ratio": 0.09492063492063489,
      "settle_time_ratio": 0.038237219916266864,
      "pwm_settle_time_ratio": 0.6473485312702048,
      "overshoot_ratio": 0.07777777777777778,
      "oscillation_ratio": 0.03862918533095981,
      "attainment_ratio": 1.0153439153439154,
      "rail_hit_ratio": 0.02,
      "pwm_chatter_ratio": 0.0,
      "tail_mean_abs_error": 4.611111111111111,
      "tail_pwm_jump_abs": 475.3809523809524,
      "terminal_requirements_ok": true,
      "pwm_limit_reasonable": true,
      "pwm_limit_note": "PWM limit is not a visible constraint in this round",
      "weighted_score": 0.790247823707255
    },
    "right": {
      "wheel": "right",
      "sample_count": 50,
      "mean_abs_error": 4.94,
      "p95_abs_error": 12.299999999999983,
      "overshoot_peak": 30.0,
      "settle_delay_s": 0.173,
      "pwm_settle_delay_s": 1.1002142857142856,
      "saturation_ratio": 0.0,
      "steady_abs_error_ratio": 0.02592592592592593,
      "p95_error_ratio": 0.11396825396825394,
      "settle_time_ratio": 0.08951121046755173,
      "pwm_settle_time_ratio": 0.7356642998024593,
      "overshoot_ratio": 0.12222222222222222,
      "oscillation_ratio": 0.018800213058390344,
      "attainment_ratio": 1.0058201058201057,
      "rail_hit_ratio": 0.0,
      "pwm_chatter_ratio": 0.0,
      "tail_mean_abs_error": 2.753968253968254,
      "tail_pwm_jump_abs": 595.2857142857143,
      "terminal_requirements_ok": false,
      "pwm_limit_reasonable": false,
      "pwm_limit_note": "terminal steady-state gate failed (tail error or PWM jump exceeded limits)",
      "weighted_score": Infinity
    }
  },
  "csv_path": "/home/madejuele/projects/2K0300/new/verification/auto-wheel-pid/20260423T124827Z/round-005-p-confirm/attempt-01/telemetry.csv",
  "host_log_path": "/home/madejuele/projects/2K0300/new/verification/auto-wheel-pid/20260423T124827Z/round-005-p-confirm/attempt-01/host.log",
  "board_log_path": "/home/madejuele/projects/2K0300/new/verification/auto-wheel-pid/20260423T124827Z/round-005-p-confirm/attempt-01/board.log",
  "params_path": "/home/madejuele/projects/2K0300/new/verification/auto-wheel-pid/20260423T124827Z/round-005-p-confirm/attempt-01/params.json",
  "tuning_exit_code": 0,
  "receiver_error": null,
  "ack_complete": true,
  "snapshot_cleared_seen": true,
  "board_markers_ok": true,
  "unexpected_failsafe": false,
  "runtime_error": null,
  "accepted": true,
  "accepted_reason": "left score improved from inf to 0.790248; selected best candidate after paired screen+confirm at left-p=84.000000"
}
