{
  "name": "right-p88-repeat-01",
  "candidate_label": "left-p=139.000000; right-p=88.000000",
  "wheel_scores": {
    "left": {
      "wheel": "left",
      "sample_count": 57,
      "mean_abs_error": 11.56140350877193,
      "p95_abs_error": 21.39999999999999,
      "overshoot_peak": 9.0,
      "settle_delay_s": 1.2845,
      "pwm_settle_delay_s": 1.2055238095238094,
      "saturation_ratio": 0.017543859649122806,
      "steady_abs_error_ratio": 0.1058201058201058,
      "p95_error_ratio": 0.18515873015873013,
      "settle_time_ratio": 0.7729010466410813,
      "pwm_settle_time_ratio": 0.764384013776279,
      "overshoot_ratio": 0.014285714285714285,
      "oscillation_ratio": 0.04931476580529936,
      "attainment_ratio": 0.8941798941798942,
      "rail_hit_ratio": 0.0,
      "pwm_chatter_ratio": 0.0,
      "tail_mean_abs_error": 11.507936507936508,
      "tail_pwm_jump_abs": 720.8571428571429,
      "terminal_requirements_ok": false,
      "pwm_limit_reasonable": false,
      "pwm_limit_note": "terminal steady-state gate failed (tail error or PWM jump exceeded limits)",
      "weighted_score": Infinity
    },
    "right": {
      "wheel": "right",
      "sample_count": 57,
      "mean_abs_error": 17.49122807017544,
      "p95_abs_error": 28.199999999999996,
      "overshoot_peak": 11.0,
      "settle_delay_s": 1.5625,
      "pwm_settle_delay_s": 1.3750952380952381,
      "saturation_ratio": 0.0,
      "steady_abs_error_ratio": 0.1619047619047619,
      "p95_error_ratio": 0.23746031746031745,
      "settle_time_ratio": 1.0,
      "pwm_settle_time_ratio": 0.8639756659052445,
      "overshoot_ratio": 0.01746031746031746,
      "oscillation_ratio": 0.04576541440830236,
      "attainment_ratio": 0.8380952380952381,
      "rail_hit_ratio": 0.0,
      "pwm_chatter_ratio": 0.0,
      "tail_mean_abs_error": 16.73015873015873,
      "tail_pwm_jump_abs": 763.2619047619048,
      "terminal_requirements_ok": false,
      "pwm_limit_reasonable": false,
      "pwm_limit_note": "terminal steady-state gate failed (tail error or PWM jump exceeded limits)",
      "weighted_score": Infinity
    }
  },
  "csv_path": "/home/madejuele/projects/2K0300/new/verification/manual-probes/20260423T040142Z-right-p-repeat-verify/right-p88/repeat-01/attempt-01/telemetry.csv",
  "host_log_path": "/home/madejuele/projects/2K0300/new/verification/manual-probes/20260423T040142Z-right-p-repeat-verify/right-p88/repeat-01/attempt-01/host.log",
  "board_log_path": "/home/madejuele/projects/2K0300/new/verification/manual-probes/20260423T040142Z-right-p-repeat-verify/right-p88/repeat-01/attempt-01/board.log",
  "params_path": "/home/madejuele/projects/2K0300/new/verification/manual-probes/20260423T040142Z-right-p-repeat-verify/right-p88/repeat-01/attempt-01/params.json",
  "tuning_exit_code": 0,
  "receiver_error": null,
  "ack_complete": true,
  "snapshot_cleared_seen": true,
  "board_markers_ok": true,
  "unexpected_failsafe": false,
  "runtime_error": null,
  "accepted": false,
  "accepted_reason": ""
}
