{
  "name": "round-006-p-screen",
  "candidate_label": "left-p=138.000000",
  "wheel_scores": {
    "left": {
      "wheel": "left",
      "sample_count": 28,
      "mean_abs_error": 14.892857142857142,
      "p95_abs_error": 33.89999999999999,
      "overshoot_peak": 36.0,
      "settle_delay_s": 1.1746666666666667,
      "pwm_settle_delay_s": 1.530904761904762,
      "saturation_ratio": 0.10714285714285714,
      "steady_abs_error_ratio": 0.16931216931216933,
      "p95_error_ratio": 0.24301587301587302,
      "settle_time_ratio": 0.6869031377899045,
      "pwm_settle_time_ratio": 1.0,
      "overshoot_ratio": 0.2,
      "oscillation_ratio": 0.0976188544811098,
      "attainment_ratio": 0.928042328042328,
      "rail_hit_ratio": 0.10714285714285714,
      "pwm_chatter_ratio": 0.08333333333333333,
      "tail_mean_abs_error": 16.349206349206348,
      "tail_pwm_jump_abs": 1148.0,
      "terminal_requirements_ok": false,
      "pwm_limit_reasonable": false,
      "pwm_limit_note": "terminal steady-state gate failed (tail error or PWM jump exceeded limits)",
      "weighted_score": Infinity
    },
    "right": {
      "wheel": "right",
      "sample_count": 28,
      "mean_abs_error": 16.892857142857142,
      "p95_abs_error": 39.34999999999997,
      "overshoot_peak": 14.0,
      "settle_delay_s": 1.5316666666666667,
      "pwm_settle_delay_s": 1.530904761904762,
      "saturation_ratio": 0.07142857142857142,
      "steady_abs_error_ratio": 0.14497354497354498,
      "p95_error_ratio": 0.3019047619047619,
      "settle_time_ratio": 1.0,
      "pwm_settle_time_ratio": 1.0,
      "overshoot_ratio": 0.044444444444444446,
      "oscillation_ratio": 0.05148778407091004,
      "attainment_ratio": 0.8550264550264549,
      "rail_hit_ratio": 0.07142857142857142,
      "pwm_chatter_ratio": 0.0,
      "tail_mean_abs_error": 15.666666666666666,
      "tail_pwm_jump_abs": 986.6666666666666,
      "terminal_requirements_ok": false,
      "pwm_limit_reasonable": false,
      "pwm_limit_note": "terminal steady-state gate failed (tail error or PWM jump exceeded limits)",
      "weighted_score": Infinity
    }
  },
  "csv_path": "/home/madejuele/projects/2K0300/new/verification/auto-wheel-pid/20260423T010159Z/round-006-p-screen/attempt-01/telemetry.csv",
  "host_log_path": "/home/madejuele/projects/2K0300/new/verification/auto-wheel-pid/20260423T010159Z/round-006-p-screen/attempt-01/host.log",
  "board_log_path": "/home/madejuele/projects/2K0300/new/verification/auto-wheel-pid/20260423T010159Z/round-006-p-screen/attempt-01/board.log",
  "params_path": "/home/madejuele/projects/2K0300/new/verification/auto-wheel-pid/20260423T010159Z/round-006-p-screen/attempt-01/params.json",
  "tuning_exit_code": 0,
  "receiver_error": null,
  "ack_complete": true,
  "snapshot_cleared_seen": true,
  "board_markers_ok": true,
  "unexpected_failsafe": false,
  "runtime_error": null,
  "accepted": false,
  "accepted_reason": "screen left terminal gate failed: tail PWM jump 1148.000 > 800.000"
}
