{
  "name": "round-001-i-screen",
  "candidate_label": "left-i=4.500000; right-i=0.250000",
  "wheel_scores": {
    "left": {
      "wheel": "left",
      "sample_count": 29,
      "mean_abs_error": 13.206896551724139,
      "p95_abs_error": 40.59999999999999,
      "overshoot_peak": 46.0,
      "settle_delay_s": 0.7363333333333333,
      "pwm_settle_delay_s": 1.4372857142857143,
      "saturation_ratio": 0.13793103448275862,
      "steady_abs_error_ratio": 0.11851851851851851,
      "p95_error_ratio": 0.33460317460317446,
      "settle_time_ratio": 0.4178067551116405,
      "pwm_settle_time_ratio": 0.8914868105515589,
      "overshoot_ratio": 0.4,
      "oscillation_ratio": 0.10363160580122299,
      "attainment_ratio": 1.0698412698412698,
      "rail_hit_ratio": 0.08571428571428572,
      "pwm_chatter_ratio": 0.02976190476190476,
      "tail_mean_abs_error": 12.634920634920634,
      "tail_pwm_jump_abs": 1088.7142857142858,
      "terminal_requirements_ok": false,
      "pwm_limit_reasonable": false,
      "pwm_limit_note": "terminal steady-state gate failed (tail error or PWM jump exceeded limits)",
      "weighted_score": Infinity
    },
    "right": {
      "wheel": "right",
      "sample_count": 29,
      "mean_abs_error": 12.379310344827585,
      "p95_abs_error": 26.599999999999987,
      "overshoot_peak": 14.0,
      "settle_delay_s": 1.3623333333333334,
      "pwm_settle_delay_s": 1.6182857142857143,
      "saturation_ratio": 0.034482758620689655,
      "steady_abs_error_ratio": 0.09735449735449736,
      "p95_error_ratio": 0.21730158730158727,
      "settle_time_ratio": 0.8575139888089529,
      "pwm_settle_time_ratio": 1.0,
      "overshoot_ratio": 0.05396825396825397,
      "oscillation_ratio": 0.049258836441335004,
      "attainment_ratio": 0.9026455026455026,
      "rail_hit_ratio": 0.034482758620689655,
      "pwm_chatter_ratio": 0.0,
      "tail_mean_abs_error": 9.80952380952381,
      "tail_pwm_jump_abs": 1018.2857142857143,
      "terminal_requirements_ok": false,
      "pwm_limit_reasonable": false,
      "pwm_limit_note": "terminal steady-state gate failed (tail error or PWM jump exceeded limits)",
      "weighted_score": Infinity
    }
  },
  "csv_path": "/home/madejuele/projects/2K0300/new/verification/auto-wheel-pid/20260423T022515Z/round-001-i-screen/attempt-01/telemetry.csv",
  "host_log_path": "/home/madejuele/projects/2K0300/new/verification/auto-wheel-pid/20260423T022515Z/round-001-i-screen/attempt-01/host.log",
  "board_log_path": "/home/madejuele/projects/2K0300/new/verification/auto-wheel-pid/20260423T022515Z/round-001-i-screen/attempt-01/board.log",
  "params_path": "/home/madejuele/projects/2K0300/new/verification/auto-wheel-pid/20260423T022515Z/round-001-i-screen/attempt-01/params.json",
  "tuning_exit_code": 0,
  "receiver_error": null,
  "ack_complete": true,
  "snapshot_cleared_seen": true,
  "board_markers_ok": true,
  "unexpected_failsafe": false,
  "runtime_error": null,
  "accepted": false,
  "accepted_reason": "screen left terminal gate failed: tail PWM jump 1088.714 > 800.000; screen right terminal gate failed: tail PWM jump 1018.286 > 800.000"
}
