{
  "name": "baseline",
  "candidate_label": "current-working-params",
  "wheel_scores": {
    "left": {
      "wheel": "left",
      "sample_count": 52,
      "mean_abs_error": 14.365384615384615,
      "p95_abs_error": 23.0,
      "overshoot_peak": 22.0,
      "settle_delay_s": 1.2901666666666667,
      "pwm_settle_delay_s": 1.1717380952380951,
      "saturation_ratio": 0.0,
      "steady_abs_error_ratio": 0.12433862433862433,
      "p95_error_ratio": 0.20015873015873015,
      "settle_time_ratio": 0.8528858218318695,
      "pwm_settle_time_ratio": 0.7547662972176931,
      "overshoot_ratio": 0.03492063492063492,
      "oscillation_ratio": 0.041494290450050215,
      "attainment_ratio": 0.8756613756613756,
      "rail_hit_ratio": 0.0,
      "pwm_chatter_ratio": 0.0,
      "tail_mean_abs_error": 13.261904761904763,
      "tail_pwm_jump_abs": 476.45238095238096,
      "terminal_requirements_ok": true,
      "pwm_limit_reasonable": true,
      "pwm_limit_note": "within current wheel-PID test envelope",
      "weighted_score": 1.3687125670209759
    },
    "right": {
      "wheel": "right",
      "sample_count": 52,
      "mean_abs_error": 17.03846153846154,
      "p95_abs_error": 31.349999999999987,
      "overshoot_peak": 0.0,
      "settle_delay_s": 1.4238333333333333,
      "pwm_settle_delay_s": 1.3562619047619047,
      "saturation_ratio": 0.038461538461538464,
      "steady_abs_error_ratio": 0.15555555555555556,
      "p95_error_ratio": 0.2688095238095238,
      "settle_time_ratio": 0.9371754932502596,
      "pwm_settle_time_ratio": 0.872034926649653,
      "overshoot_ratio": 0.0,
      "oscillation_ratio": 0.02927543904980196,
      "attainment_ratio": 0.8444444444444444,
      "rail_hit_ratio": 0.038461538461538464,
      "pwm_chatter_ratio": 0.0,
      "tail_mean_abs_error": 16.58730158730159,
      "tail_pwm_jump_abs": 546.4047619047619,
      "terminal_requirements_ok": false,
      "pwm_limit_reasonable": false,
      "pwm_limit_note": "terminal steady-state gate failed (tail error or PWM jump exceeded limits)",
      "weighted_score": Infinity
    }
  },
  "csv_path": "/home/madejuele/projects/2K0300/new/verification/auto-wheel-pid/20260423T063410Z/baseline/attempt-01/telemetry.csv",
  "host_log_path": "/home/madejuele/projects/2K0300/new/verification/auto-wheel-pid/20260423T063410Z/baseline/attempt-01/host.log",
  "board_log_path": "/home/madejuele/projects/2K0300/new/verification/auto-wheel-pid/20260423T063410Z/baseline/attempt-01/board.log",
  "params_path": "/home/madejuele/projects/2K0300/new/verification/auto-wheel-pid/20260423T063410Z/baseline/attempt-01/params.json",
  "tuning_exit_code": 0,
  "receiver_error": null,
  "ack_complete": true,
  "snapshot_cleared_seen": true,
  "board_markers_ok": true,
  "unexpected_failsafe": false,
  "runtime_error": null,
  "accepted": true,
  "accepted_reason": "baseline"
}
