{
  "name": "baseline",
  "candidate_label": "current-working-params",
  "wheel_scores": {
    "left": {
      "wheel": "left",
      "sample_count": 29,
      "mean_abs_error": 12.689655172413794,
      "p95_abs_error": 22.199999999999996,
      "overshoot_peak": 5.0,
      "settle_delay_s": 1.4126666666666667,
      "pwm_settle_delay_s": 0.9664285714285714,
      "saturation_ratio": 0.034482758620689655,
      "steady_abs_error_ratio": 0.10052910052910054,
      "p95_error_ratio": 0.23031746031746025,
      "settle_time_ratio": 0.8523495677480099,
      "pwm_settle_time_ratio": 0.5863705214873091,
      "overshoot_ratio": 0.015873015873015872,
      "oscillation_ratio": 0.03429590657619589,
      "attainment_ratio": 0.8994708994708994,
      "rail_hit_ratio": 0.034482758620689655,
      "pwm_chatter_ratio": 0.0,
      "tail_mean_abs_error": 10.587301587301587,
      "tail_pwm_jump_abs": 622.6190476190476,
      "terminal_requirements_ok": false,
      "pwm_limit_reasonable": false,
      "pwm_limit_note": "terminal steady-state gate failed (tail error or PWM jump exceeded limits)",
      "weighted_score": Infinity
    },
    "right": {
      "wheel": "right",
      "sample_count": 29,
      "mean_abs_error": 18.517241379310345,
      "p95_abs_error": 26.599999999999998,
      "overshoot_peak": 12.0,
      "settle_delay_s": 1.6043333333333334,
      "pwm_settle_delay_s": 1.4334285714285713,
      "saturation_ratio": 0.034482758620689655,
      "steady_abs_error_ratio": 0.1851851851851852,
      "p95_error_ratio": 0.27444444444444444,
      "settle_time_ratio": 1.0,
      "pwm_settle_time_ratio": 0.8865629984051037,
      "overshoot_ratio": 0.0380952380952381,
      "oscillation_ratio": 0.028454888543915178,
      "attainment_ratio": 0.8148148148148149,
      "rail_hit_ratio": 0.034482758620689655,
      "pwm_chatter_ratio": 0.0,
      "tail_mean_abs_error": 19.88888888888889,
      "tail_pwm_jump_abs": 341.3333333333333,
      "terminal_requirements_ok": false,
      "pwm_limit_reasonable": false,
      "pwm_limit_note": "terminal steady-state gate failed (tail error or PWM jump exceeded limits)",
      "weighted_score": Infinity
    }
  },
  "csv_path": "/home/madejuele/projects/2K0300/new/verification/auto-wheel-pid/20260423T033735Z/baseline/attempt-01/telemetry.csv",
  "host_log_path": "/home/madejuele/projects/2K0300/new/verification/auto-wheel-pid/20260423T033735Z/baseline/attempt-01/host.log",
  "board_log_path": "/home/madejuele/projects/2K0300/new/verification/auto-wheel-pid/20260423T033735Z/baseline/attempt-01/board.log",
  "params_path": "/home/madejuele/projects/2K0300/new/verification/auto-wheel-pid/20260423T033735Z/baseline/attempt-01/params.json",
  "tuning_exit_code": 0,
  "receiver_error": null,
  "ack_complete": true,
  "snapshot_cleared_seen": true,
  "board_markers_ok": true,
  "unexpected_failsafe": false,
  "runtime_error": null,
  "accepted": true,
  "accepted_reason": "baseline"
}
