{
  "name": "round-017-right-i",
  "candidate_label": "right-i=0.250000",
  "wheel_scores": {
    "left": {
      "wheel": "left",
      "sample_count": 61,
      "mean_abs_error": 13.180327868852459,
      "p95_abs_error": 27.0,
      "overshoot_peak": 31.0,
      "settle_delay_s": 1.5815,
      "pwm_settle_delay_s": 1.1997222222222224,
      "saturation_ratio": 0.06557377049180328,
      "steady_abs_error_ratio": 0.17222222222222222,
      "p95_error_ratio": 0.26490740740740737,
      "settle_time_ratio": 0.8515956465596753,
      "pwm_settle_time_ratio": 0.6360457337468832,
      "overshoot_ratio": 0.2611111111111111,
      "oscillation_ratio": 0.14294109507076433,
      "attainment_ratio": 1.0722222222222222,
      "rail_hit_ratio": 0.05353535353535354,
      "pwm_chatter_ratio": 0.14691358024691356,
      "tail_mean_abs_error": 15.648148148148149,
      "tail_pwm_jump_abs": 1296.6666666666667,
      "terminal_requirements_ok": false,
      "pwm_limit_reasonable": false,
      "pwm_limit_note": "terminal steady-state gate failed (tail error or PWM jump exceeded limits)",
      "weighted_score": Infinity
    },
    "right": {
      "wheel": "right",
      "sample_count": 61,
      "mean_abs_error": 16.081967213114755,
      "p95_abs_error": 39.0,
      "overshoot_peak": 52.0,
      "settle_delay_s": 1.8496666666666666,
      "pwm_settle_delay_s": 1.447388888888889,
      "saturation_ratio": 0.04918032786885246,
      "steady_abs_error_ratio": 0.16296296296296298,
      "p95_error_ratio": 0.3563888888888888,
      "settle_time_ratio": 1.0,
      "pwm_settle_time_ratio": 0.77170613236187,
      "overshoot_ratio": 0.38333333333333336,
      "oscillation_ratio": 0.15896345711988996,
      "attainment_ratio": 0.9716049382716049,
      "rail_hit_ratio": 0.05,
      "pwm_chatter_ratio": 0.09259259259259259,
      "tail_mean_abs_error": 14.944444444444445,
      "tail_pwm_jump_abs": 1787.0555555555557,
      "terminal_requirements_ok": false,
      "pwm_limit_reasonable": false,
      "pwm_limit_note": "terminal steady-state gate failed (tail error or PWM jump exceeded limits)",
      "weighted_score": Infinity
    }
  },
  "csv_path": "/home/madejuele/projects/2K0300/new/verification/auto-wheel-pid/20260422T132845Z/round-017-right-i/attempt-01/telemetry.csv",
  "host_log_path": "/home/madejuele/projects/2K0300/new/verification/auto-wheel-pid/20260422T132845Z/round-017-right-i/attempt-01/host.log",
  "board_log_path": "/home/madejuele/projects/2K0300/new/verification/auto-wheel-pid/20260422T132845Z/round-017-right-i/attempt-01/board.log",
  "params_path": "/home/madejuele/projects/2K0300/new/verification/auto-wheel-pid/20260422T132845Z/round-017-right-i/attempt-01/params.json",
  "tuning_exit_code": 0,
  "receiver_error": null,
  "ack_complete": true,
  "snapshot_cleared_seen": true,
  "board_markers_ok": true,
  "unexpected_failsafe": false,
  "runtime_error": null,
  "accepted": false,
  "accepted_reason": "right score 0.506032 did not beat 0.279285 by 5%"
}
