{
  "name": "round-005-i-screen",
  "candidate_label": "right-i=2.400000",
  "wheel_scores": {
    "left": {
      "wheel": "left",
      "sample_count": 19,
      "mean_abs_error": 4.368421052631579,
      "p95_abs_error": 9.799999999999983,
      "overshoot_peak": 6.0,
      "settle_delay_s": 0.06799999999999999,
      "pwm_settle_delay_s": 0.5417142857142857,
      "saturation_ratio": 0.05263157894736842,
      "steady_abs_error_ratio": 0.022222222222222223,
      "p95_error_ratio": 0.0903174603174603,
      "settle_time_ratio": 0.06944286848973108,
      "pwm_settle_time_ratio": 0.5071486226511814,
      "overshoot_ratio": 0.04126984126984127,
      "oscillation_ratio": 0.020014885889245184,
      "attainment_ratio": 0.9968253968253968,
      "rail_hit_ratio": 0.0,
      "pwm_chatter_ratio": 0.0,
      "tail_mean_abs_error": 2.3333333333333335,
      "tail_pwm_jump_abs": 299.95238095238096,
      "terminal_requirements_ok": true,
      "pwm_limit_reasonable": true,
      "pwm_limit_note": "PWM limit is not a visible constraint in this round",
      "weighted_score": 0.4103422504258728
    },
    "right": {
      "wheel": "right",
      "sample_count": 19,
      "mean_abs_error": 5.684210526315789,
      "p95_abs_error": 15.49999999999999,
      "overshoot_peak": 15.0,
      "settle_delay_s": 0.13899999999999998,
      "pwm_settle_delay_s": 0.8242380952380952,
      "saturation_ratio": 0.05263157894736842,
      "steady_abs_error_ratio": 0.04656084656084657,
      "p95_error_ratio": 0.12253968253968252,
      "settle_time_ratio": 0.11788058168389125,
      "pwm_settle_time_ratio": 0.7029951619193938,
      "overshoot_ratio": 0.08253968253968254,
      "oscillation_ratio": 0.05382715066538377,
      "attainment_ratio": 0.9894179894179893,
      "rail_hit_ratio": 0.0,
      "pwm_chatter_ratio": 0.0,
      "tail_mean_abs_error": 5.0476190476190474,
      "tail_pwm_jump_abs": 789.9047619047619,
      "terminal_requirements_ok": false,
      "pwm_limit_reasonable": false,
      "pwm_limit_note": "terminal steady-state gate failed (tail error or PWM jump exceeded limits)",
      "weighted_score": Infinity
    }
  },
  "csv_path": "/home/madejuele/projects/2K0300/new/verification/auto-wheel-pid/20260423T123622Z/round-005-i-screen/attempt-01/telemetry.csv",
  "host_log_path": "/home/madejuele/projects/2K0300/new/verification/auto-wheel-pid/20260423T123622Z/round-005-i-screen/attempt-01/host.log",
  "board_log_path": "/home/madejuele/projects/2K0300/new/verification/auto-wheel-pid/20260423T123622Z/round-005-i-screen/attempt-01/board.log",
  "params_path": "/home/madejuele/projects/2K0300/new/verification/auto-wheel-pid/20260423T123622Z/round-005-i-screen/attempt-01/params.json",
  "tuning_exit_code": 0,
  "receiver_error": null,
  "ack_complete": true,
  "snapshot_cleared_seen": true,
  "board_markers_ok": true,
  "unexpected_failsafe": false,
  "runtime_error": null,
  "accepted": false,
  "accepted_reason": "screen right terminal gate failed: terminal gate failed"
}
