{
  "name": "round-001-p-screen",
  "candidate_label": "left-p=84.000000; right-p=84.000000",
  "wheel_scores": {
    "left": {
      "wheel": "left",
      "sample_count": 20,
      "mean_abs_error": 3.8,
      "p95_abs_error": 8.70000000000001,
      "overshoot_peak": 6.0,
      "settle_delay_s": 0.14666666666666667,
      "pwm_settle_delay_s": 0.5363809523809523,
      "saturation_ratio": 0.05,
      "steady_abs_error_ratio": 0.029629629629629627,
      "p95_error_ratio": 0.0911111111111111,
      "settle_time_ratio": 0.0992063492063492,
      "pwm_settle_time_ratio": 0.4486892904408852,
      "overshoot_ratio": 0.044444444444444446,
      "oscillation_ratio": 0.028700774210517997,
      "attainment_ratio": 1.0,
      "rail_hit_ratio": 0.05,
      "pwm_chatter_ratio": 0.0,
      "tail_mean_abs_error": 2.7301587301587302,
      "tail_pwm_jump_abs": 96.61904761904762,
      "terminal_requirements_ok": true,
      "pwm_limit_reasonable": true,
      "pwm_limit_note": "within current wheel-PID test envelope",
      "weighted_score": 0.45975752908515866
    },
    "right": {
      "wheel": "right",
      "sample_count": 20,
      "mean_abs_error": 5.85,
      "p95_abs_error": 12.300000000000018,
      "overshoot_peak": 10.0,
      "settle_delay_s": 0.06999999999999999,
      "pwm_settle_delay_s": 1.1813809523809524,
      "saturation_ratio": 0.0,
      "steady_abs_error_ratio": 0.0455026455026455,
      "p95_error_ratio": 0.15365079365079362,
      "settle_time_ratio": 0.04734848484848485,
      "pwm_settle_time_ratio": 1.0,
      "overshoot_ratio": 0.0761904761904762,
      "oscillation_ratio": 0.047046017032257956,
      "attainment_ratio": 1.0031746031746032,
      "rail_hit_ratio": 0.0,
      "pwm_chatter_ratio": 0.0,
      "tail_mean_abs_error": 5.095238095238095,
      "tail_pwm_jump_abs": 747.5714285714286,
      "terminal_requirements_ok": false,
      "pwm_limit_reasonable": false,
      "pwm_limit_note": "terminal steady-state gate failed (tail error or PWM jump exceeded limits)",
      "weighted_score": Infinity
    }
  },
  "csv_path": "/home/madejuele/projects/2K0300/new/verification/auto-wheel-pid/20260423T124827Z/round-001-p-screen/attempt-01/telemetry.csv",
  "host_log_path": "/home/madejuele/projects/2K0300/new/verification/auto-wheel-pid/20260423T124827Z/round-001-p-screen/attempt-01/host.log",
  "board_log_path": "/home/madejuele/projects/2K0300/new/verification/auto-wheel-pid/20260423T124827Z/round-001-p-screen/attempt-01/board.log",
  "params_path": "/home/madejuele/projects/2K0300/new/verification/auto-wheel-pid/20260423T124827Z/round-001-p-screen/attempt-01/params.json",
  "tuning_exit_code": 0,
  "receiver_error": null,
  "ack_complete": true,
  "snapshot_cleared_seen": true,
  "board_markers_ok": true,
  "unexpected_failsafe": false,
  "runtime_error": null,
  "accepted": false,
  "accepted_reason": "screen left score improved from 0.829382 to 0.459758; pending confirmation; screen right terminal gate failed: terminal gate failed"
}
