{
  "name": "round-006-p-confirm",
  "candidate_label": "left-p=110.000000; right-p=100.000000",
  "wheel_scores": {
    "left": {
      "wheel": "left",
      "sample_count": 52,
      "mean_abs_error": 12.692307692307692,
      "p95_abs_error": 20.449999999999996,
      "overshoot_peak": 16.0,
      "settle_delay_s": 1.1008333333333333,
      "pwm_settle_delay_s": 0.9678571428571429,
      "saturation_ratio": 0.0,
      "steady_abs_error_ratio": 0.12433862433862436,
      "p95_error_ratio": 0.18103174603174602,
      "settle_time_ratio": 0.6319708329054123,
      "pwm_settle_time_ratio": 0.6091127826568863,
      "overshoot_ratio": 0.025396825396825397,
      "oscillation_ratio": 0.03659231789356246,
      "attainment_ratio": 0.8756613756613756,
      "rail_hit_ratio": 0.0,
      "pwm_chatter_ratio": 0.0,
      "tail_mean_abs_error": 13.261904761904763,
      "tail_pwm_jump_abs": 443.76190476190476,
      "terminal_requirements_ok": false,
      "pwm_limit_reasonable": false,
      "pwm_limit_note": "terminal steady-state gate failed (tail error or PWM jump exceeded limits)",
      "weighted_score": Infinity
    },
    "right": {
      "wheel": "right",
      "sample_count": 52,
      "mean_abs_error": 17.307692307692307,
      "p95_abs_error": 28.449999999999996,
      "overshoot_peak": 14.0,
      "settle_delay_s": 1.5341666666666667,
      "pwm_settle_delay_s": 1.4674761904761904,
      "saturation_ratio": 0.0,
      "steady_abs_error_ratio": 0.16031746031746033,
      "p95_error_ratio": 0.2522222222222222,
      "settle_time_ratio": 1.0,
      "pwm_settle_time_ratio": 0.9587980173482032,
      "overshoot_ratio": 0.022222222222222223,
      "oscillation_ratio": 0.04273521528939949,
      "attainment_ratio": 0.8396825396825397,
      "rail_hit_ratio": 0.0,
      "pwm_chatter_ratio": 0.0,
      "tail_mean_abs_error": 17.00793650793651,
      "tail_pwm_jump_abs": 627.3571428571429,
      "terminal_requirements_ok": false,
      "pwm_limit_reasonable": false,
      "pwm_limit_note": "terminal steady-state gate failed (tail error or PWM jump exceeded limits)",
      "weighted_score": Infinity
    }
  },
  "csv_path": "/home/madejuele/projects/2K0300/new/verification/auto-wheel-pid/20260423T063018Z/round-006-p-confirm/attempt-01/telemetry.csv",
  "host_log_path": "/home/madejuele/projects/2K0300/new/verification/auto-wheel-pid/20260423T063018Z/round-006-p-confirm/attempt-01/host.log",
  "board_log_path": "/home/madejuele/projects/2K0300/new/verification/auto-wheel-pid/20260423T063018Z/round-006-p-confirm/attempt-01/board.log",
  "params_path": "/home/madejuele/projects/2K0300/new/verification/auto-wheel-pid/20260423T063018Z/round-006-p-confirm/attempt-01/params.json",
  "tuning_exit_code": 0,
  "receiver_error": null,
  "ack_complete": true,
  "snapshot_cleared_seen": true,
  "board_markers_ok": true,
  "unexpected_failsafe": false,
  "runtime_error": null,
  "accepted": false,
  "accepted_reason": "confirm left terminal gate failed: terminal gate failed; confirm right terminal gate failed: terminal gate failed"
}
