{
  "name": "round-020-left-d",
  "candidate_label": "left-d=0.125000",
  "wheel_scores": {
    "left": {
      "wheel": "left",
      "sample_count": 52,
      "mean_abs_error": 12.153846153846153,
      "p95_abs_error": 23.449999999999996,
      "overshoot_peak": 36.0,
      "settle_delay_s": 1.1976666666666667,
      "pwm_settle_delay_s": 1.4062777777777777,
      "saturation_ratio": 0.019230769230769232,
      "steady_abs_error_ratio": 0.13641975308641976,
      "p95_error_ratio": 0.24,
      "settle_time_ratio": 0.7451712492221437,
      "pwm_settle_time_ratio": 0.9439316239316239,
      "overshoot_ratio": 0.18333333333333332,
      "oscillation_ratio": 0.08040730266262168,
      "attainment_ratio": 0.9006172839506172,
      "rail_hit_ratio": 0.0,
      "pwm_chatter_ratio": 0.0,
      "tail_mean_abs_error": 13.055555555555555,
      "tail_pwm_jump_abs": 1016.8333333333334,
      "terminal_requirements_ok": false,
      "pwm_limit_reasonable": false,
      "pwm_limit_note": "terminal steady-state gate failed (tail error or PWM jump exceeded limits)",
      "weighted_score": Infinity
    },
    "right": {
      "wheel": "right",
      "sample_count": 52,
      "mean_abs_error": 16.442307692307693,
      "p95_abs_error": 26.89999999999999,
      "overshoot_peak": 13.0,
      "settle_delay_s": 1.4986666666666666,
      "pwm_settle_delay_s": 1.4973888888888889,
      "saturation_ratio": 0.0,
      "steady_abs_error_ratio": 0.17283950617283952,
      "p95_error_ratio": 0.27666666666666667,
      "settle_time_ratio": 1.0,
      "pwm_settle_time_ratio": 1.0,
      "overshoot_ratio": 0.037037037037037035,
      "oscillation_ratio": 0.07172132731067983,
      "attainment_ratio": 0.8308641975308643,
      "rail_hit_ratio": 0.0,
      "pwm_chatter_ratio": 0.0,
      "tail_mean_abs_error": 15.74074074074074,
      "tail_pwm_jump_abs": 944.7777777777778,
      "terminal_requirements_ok": false,
      "pwm_limit_reasonable": false,
      "pwm_limit_note": "terminal steady-state gate failed (tail error or PWM jump exceeded limits)",
      "weighted_score": Infinity
    }
  },
  "csv_path": "/home/madejuele/projects/2K0300/new/verification/auto-wheel-pid/20260422T135601Z/round-020-left-d/attempt-01/telemetry.csv",
  "host_log_path": "/home/madejuele/projects/2K0300/new/verification/auto-wheel-pid/20260422T135601Z/round-020-left-d/attempt-01/host.log",
  "board_log_path": "/home/madejuele/projects/2K0300/new/verification/auto-wheel-pid/20260422T135601Z/round-020-left-d/attempt-01/board.log",
  "params_path": "/home/madejuele/projects/2K0300/new/verification/auto-wheel-pid/20260422T135601Z/round-020-left-d/attempt-01/params.json",
  "tuning_exit_code": 0,
  "receiver_error": null,
  "ack_complete": true,
  "snapshot_cleared_seen": true,
  "board_markers_ok": true,
  "unexpected_failsafe": false,
  "runtime_error": null,
  "accepted": false,
  "accepted_reason": "left score 99.173424 did not beat 45.760765 by 5%"
}
