{
  "name": "baseline-screen",
  "candidate_label": "current-working-params-screen",
  "wheel_scores": {
    "left": {
      "wheel": "left",
      "sample_count": 19,
      "mean_abs_error": 6.2631578947368425,
      "p95_abs_error": 15.999999999999979,
      "overshoot_peak": 15.0,
      "settle_delay_s": 0.14166666666666666,
      "pwm_settle_delay_s": 0.9828095238095239,
      "saturation_ratio": 0.05263157894736842,
      "steady_abs_error_ratio": 0.04021164021164021,
      "p95_error_ratio": 0.1334920634920635,
      "settle_time_ratio": 0.12123712080228645,
      "pwm_settle_time_ratio": 0.8576431527720926,
      "overshoot_ratio": 0.08253968253968254,
      "oscillation_ratio": 0.04661354017385232,
      "attainment_ratio": 0.9978835978835978,
      "rail_hit_ratio": 0.0,
      "pwm_chatter_ratio": 0.0,
      "tail_mean_abs_error": 4.476190476190476,
      "tail_pwm_jump_abs": 1200.2857142857142,
      "terminal_requirements_ok": false,
      "pwm_limit_reasonable": false,
      "pwm_limit_note": "terminal steady-state gate failed (tail error or PWM jump exceeded limits)",
      "weighted_score": Infinity
    },
    "right": {
      "wheel": "right",
      "sample_count": 19,
      "mean_abs_error": 7.157894736842105,
      "p95_abs_error": 18.099999999999977,
      "overshoot_peak": 28.0,
      "settle_delay_s": 0.3476666666666667,
      "pwm_settle_delay_s": 0.9828095238095239,
      "saturation_ratio": 0.05263157894736842,
      "steady_abs_error_ratio": 0.04126984126984127,
      "p95_error_ratio": 0.15269841269841267,
      "settle_time_ratio": 0.31969569498340394,
      "pwm_settle_time_ratio": 0.8576431527720926,
      "overshoot_ratio": 0.15555555555555556,
      "oscillation_ratio": 0.04361752210858528,
      "attainment_ratio": 1.0137566137566136,
      "rail_hit_ratio": 0.05263157894736842,
      "pwm_chatter_ratio": 0.0,
      "tail_mean_abs_error": 4.746031746031746,
      "tail_pwm_jump_abs": 699.952380952381,
      "terminal_requirements_ok": false,
      "pwm_limit_reasonable": false,
      "pwm_limit_note": "terminal steady-state gate failed (tail error or PWM jump exceeded limits)",
      "weighted_score": Infinity
    }
  },
  "csv_path": "/home/madejuele/projects/2K0300/new/verification/auto-wheel-pid/20260423T125309Z/baseline-screen/attempt-01/telemetry.csv",
  "host_log_path": "/home/madejuele/projects/2K0300/new/verification/auto-wheel-pid/20260423T125309Z/baseline-screen/attempt-01/host.log",
  "board_log_path": "/home/madejuele/projects/2K0300/new/verification/auto-wheel-pid/20260423T125309Z/baseline-screen/attempt-01/board.log",
  "params_path": "/home/madejuele/projects/2K0300/new/verification/auto-wheel-pid/20260423T125309Z/baseline-screen/attempt-01/params.json",
  "tuning_exit_code": 0,
  "receiver_error": null,
  "ack_complete": true,
  "snapshot_cleared_seen": true,
  "board_markers_ok": true,
  "unexpected_failsafe": false,
  "runtime_error": null,
  "accepted": true,
  "accepted_reason": "baseline-screen"
}
