{
  "name": "round-018-p-screen",
  "candidate_label": "left-p=149.000000; right-p=89.000000",
  "wheel_scores": {
    "left": {
      "wheel": "left",
      "sample_count": 15,
      "mean_abs_error": 11.666666666666666,
      "p95_abs_error": 33.9,
      "overshoot_peak": 36.0,
      "settle_delay_s": 1.2055,
      "pwm_settle_delay_s": 1.2220833333333334,
      "saturation_ratio": 0.06666666666666667,
      "steady_abs_error_ratio": 0.10185185185185186,
      "p95_error_ratio": 0.33416666666666656,
      "settle_time_ratio": 1.0,
      "pwm_settle_time_ratio": 1.0,
      "overshoot_ratio": 0.38333333333333336,
      "oscillation_ratio": 0.10722254192907581,
      "attainment_ratio": 0.9203703703703705,
      "rail_hit_ratio": 0.07291666666666667,
      "pwm_chatter_ratio": 0.2361111111111111,
      "tail_mean_abs_error": 9.36111111111111,
      "tail_pwm_jump_abs": 2743.3333333333335,
      "terminal_requirements_ok": false,
      "pwm_limit_reasonable": false,
      "pwm_limit_note": "terminal steady-state gate failed (tail error or PWM jump exceeded limits)",
      "weighted_score": Infinity
    },
    "right": {
      "wheel": "right",
      "sample_count": 15,
      "mean_abs_error": 16.8,
      "p95_abs_error": 29.499999999999986,
      "overshoot_peak": 25.0,
      "settle_delay_s": 1.2055,
      "pwm_settle_delay_s": 1.2220833333333334,
      "saturation_ratio": 0.06666666666666667,
      "steady_abs_error_ratio": 0.17037037037037037,
      "p95_error_ratio": 0.32888888888888884,
      "settle_time_ratio": 1.0,
      "pwm_settle_time_ratio": 1.0,
      "overshoot_ratio": 0.2111111111111111,
      "oscillation_ratio": 0.16039897478542886,
      "attainment_ratio": 0.9333333333333333,
      "rail_hit_ratio": 0.06666666666666667,
      "pwm_chatter_ratio": 0.06944444444444445,
      "tail_mean_abs_error": 16.11111111111111,
      "tail_pwm_jump_abs": 1216.3333333333333,
      "terminal_requirements_ok": false,
      "pwm_limit_reasonable": false,
      "pwm_limit_note": "terminal steady-state gate failed (tail error or PWM jump exceeded limits)",
      "weighted_score": Infinity
    }
  },
  "csv_path": "/home/madejuele/projects/2K0300/new/verification/auto-wheel-pid/20260423T004635Z/round-018-p-screen/attempt-01/telemetry.csv",
  "host_log_path": "/home/madejuele/projects/2K0300/new/verification/auto-wheel-pid/20260423T004635Z/round-018-p-screen/attempt-01/host.log",
  "board_log_path": "/home/madejuele/projects/2K0300/new/verification/auto-wheel-pid/20260423T004635Z/round-018-p-screen/attempt-01/board.log",
  "params_path": "/home/madejuele/projects/2K0300/new/verification/auto-wheel-pid/20260423T004635Z/round-018-p-screen/attempt-01/params.json",
  "tuning_exit_code": 0,
  "receiver_error": null,
  "ack_complete": true,
  "snapshot_cleared_seen": true,
  "board_markers_ok": true,
  "unexpected_failsafe": false,
  "runtime_error": null,
  "accepted": false,
  "accepted_reason": "screen left terminal gate failed: tail PWM jump 2743.333 > 800.000; screen right terminal gate failed: tail PWM jump 1216.333 > 800.000"
}
