{
  "name": "round-003-i-screen",
  "candidate_label": "left-i=1.500000; right-i=1.500000",
  "wheel_scores": {
    "left": {
      "wheel": "left",
      "sample_count": 29,
      "mean_abs_error": 14.758620689655173,
      "p95_abs_error": 31.199999999999996,
      "overshoot_peak": 38.0,
      "settle_delay_s": 1.343,
      "pwm_settle_delay_s": 1.515809523809524,
      "saturation_ratio": 0.13793103448275862,
      "steady_abs_error_ratio": 0.12698412698412698,
      "p95_error_ratio": 0.28317460317460313,
      "settle_time_ratio": 0.8803140559172731,
      "pwm_settle_time_ratio": 0.9385612153708668,
      "overshoot_ratio": 0.2984126984126984,
      "oscillation_ratio": 0.09455902743259398,
      "attainment_ratio": 1.0867724867724866,
      "rail_hit_ratio": 0.11904761904761904,
      "pwm_chatter_ratio": 0.15145502645502645,
      "tail_mean_abs_error": 12.857142857142858,
      "tail_pwm_jump_abs": 1352.3809523809523,
      "terminal_requirements_ok": false,
      "pwm_limit_reasonable": false,
      "pwm_limit_note": "terminal steady-state gate failed (tail error or PWM jump exceeded limits)",
      "weighted_score": Infinity
    },
    "right": {
      "wheel": "right",
      "sample_count": 29,
      "mean_abs_error": 7.137931034482759,
      "p95_abs_error": 11.799999999999994,
      "overshoot_peak": 54.0,
      "settle_delay_s": 0.49733333333333335,
      "pwm_settle_delay_s": 1.6074761904761905,
      "saturation_ratio": 0.0,
      "steady_abs_error_ratio": 0.10899470899470898,
      "p95_error_ratio": 0.18158730158730152,
      "settle_time_ratio": 0.23809523809523808,
      "pwm_settle_time_ratio": 1.0,
      "overshoot_ratio": 0.24444444444444444,
      "oscillation_ratio": 0.11208612089012619,
      "attainment_ratio": 1.0878306878306878,
      "rail_hit_ratio": 0.0,
      "pwm_chatter_ratio": 0.0,
      "tail_mean_abs_error": 10.365079365079366,
      "tail_pwm_jump_abs": 951.9047619047619,
      "terminal_requirements_ok": false,
      "pwm_limit_reasonable": false,
      "pwm_limit_note": "terminal steady-state gate failed (tail error or PWM jump exceeded limits)",
      "weighted_score": Infinity
    }
  },
  "csv_path": "/home/madejuele/projects/2K0300/new/verification/auto-wheel-pid/20260423T021240Z/round-003-i-screen/attempt-01/telemetry.csv",
  "host_log_path": "/home/madejuele/projects/2K0300/new/verification/auto-wheel-pid/20260423T021240Z/round-003-i-screen/attempt-01/host.log",
  "board_log_path": "/home/madejuele/projects/2K0300/new/verification/auto-wheel-pid/20260423T021240Z/round-003-i-screen/attempt-01/board.log",
  "params_path": "/home/madejuele/projects/2K0300/new/verification/auto-wheel-pid/20260423T021240Z/round-003-i-screen/attempt-01/params.json",
  "tuning_exit_code": 0,
  "receiver_error": null,
  "ack_complete": true,
  "snapshot_cleared_seen": true,
  "board_markers_ok": true,
  "unexpected_failsafe": false,
  "runtime_error": null,
  "accepted": false,
  "accepted_reason": "screen left terminal gate failed: tail PWM jump 1352.381 > 800.000; screen right terminal gate failed: tail PWM jump 951.905 > 800.000"
}
