{
  "name": "round-002-p-screen",
  "candidate_label": "left-p=88.000000; right-p=88.000000",
  "wheel_scores": {
    "left": {
      "wheel": "left",
      "sample_count": 20,
      "mean_abs_error": 4.15,
      "p95_abs_error": 18.0,
      "overshoot_peak": 6.0,
      "settle_delay_s": 0.268,
      "pwm_settle_delay_s": 0.894142857142857,
      "saturation_ratio": 0.0,
      "steady_abs_error_ratio": 0.02751322751322751,
      "p95_error_ratio": 0.1063492063492063,
      "settle_time_ratio": 0.20931727714476597,
      "pwm_settle_time_ratio": 0.7616154843474305,
      "overshoot_ratio": 0.0380952380952381,
      "oscillation_ratio": 0.017782262767410423,
      "attainment_ratio": 1.002116402116402,
      "rail_hit_ratio": 0.0,
      "pwm_chatter_ratio": 0.0,
      "tail_mean_abs_error": 2.9206349206349205,
      "tail_pwm_jump_abs": 424.6666666666667,
      "terminal_requirements_ok": true,
      "pwm_limit_reasonable": true,
      "pwm_limit_note": "PWM limit is not a visible constraint in this round",
      "weighted_score": 0.8470940238590791
    },
    "right": {
      "wheel": "right",
      "sample_count": 20,
      "mean_abs_error": 5.1,
      "p95_abs_error": 10.100000000000001,
      "overshoot_peak": 10.0,
      "settle_delay_s": 0.19699999999999998,
      "pwm_settle_delay_s": 1.0827619047619048,
      "saturation_ratio": 0.05,
      "steady_abs_error_ratio": 0.03915343915343915,
      "p95_error_ratio": 0.09031746031746031,
      "settle_time_ratio": 0.13569362171097948,
      "pwm_settle_time_ratio": 0.8975983836157415,
      "overshoot_ratio": 0.06349206349206349,
      "oscillation_ratio": 0.038880789567986955,
      "attainment_ratio": 1.0158730158730158,
      "rail_hit_ratio": 0.05,
      "pwm_chatter_ratio": 0.0,
      "tail_mean_abs_error": 4.333333333333333,
      "tail_pwm_jump_abs": 627.0,
      "terminal_requirements_ok": false,
      "pwm_limit_reasonable": false,
      "pwm_limit_note": "terminal steady-state gate failed (tail error or PWM jump exceeded limits)",
      "weighted_score": Infinity
    }
  },
  "csv_path": "/home/madejuele/projects/2K0300/new/verification/auto-wheel-pid/20260423T124827Z/round-002-p-screen/attempt-01/telemetry.csv",
  "host_log_path": "/home/madejuele/projects/2K0300/new/verification/auto-wheel-pid/20260423T124827Z/round-002-p-screen/attempt-01/host.log",
  "board_log_path": "/home/madejuele/projects/2K0300/new/verification/auto-wheel-pid/20260423T124827Z/round-002-p-screen/attempt-01/board.log",
  "params_path": "/home/madejuele/projects/2K0300/new/verification/auto-wheel-pid/20260423T124827Z/round-002-p-screen/attempt-01/params.json",
  "tuning_exit_code": 0,
  "receiver_error": null,
  "ack_complete": true,
  "snapshot_cleared_seen": true,
  "board_markers_ok": true,
  "unexpected_failsafe": false,
  "runtime_error": null,
  "accepted": false,
  "accepted_reason": "screen left score 0.847094 did not beat 0.829382 by 5%; screen right terminal gate failed: terminal gate failed"
}
