{
  "name": "round-021-left-d",
  "candidate_label": "left-d=0.125000",
  "wheel_scores": {
    "left": {
      "wheel": "left",
      "sample_count": 56,
      "mean_abs_error": 17.053571428571427,
      "p95_abs_error": 33.25,
      "overshoot_peak": 0.0,
      "settle_delay_s": 1.5371666666666666,
      "pwm_settle_delay_s": 1.252595238095238,
      "saturation_ratio": 0.07142857142857142,
      "steady_abs_error_ratio": 0.1656084656084656,
      "p95_error_ratio": 0.26769841269841266,
      "settle_time_ratio": 1.0,
      "pwm_settle_time_ratio": 0.8174362557008579,
      "overshoot_ratio": 0.0,
      "oscillation_ratio": 0.04464481630217865,
      "attainment_ratio": 0.8343915343915344,
      "rail_hit_ratio": 0.06428571428571428,
      "pwm_chatter_ratio": 0.0,
      "tail_mean_abs_error": 17.674603174603174,
      "tail_pwm_jump_abs": 850.3809523809524,
      "terminal_requirements_ok": false,
      "pwm_limit_reasonable": false,
      "pwm_limit_note": "terminal steady-state gate failed (tail error or PWM jump exceeded limits)",
      "weighted_score": Infinity
    },
    "right": {
      "wheel": "right",
      "sample_count": 56,
      "mean_abs_error": 19.392857142857142,
      "p95_abs_error": 28.25,
      "overshoot_peak": 3.0,
      "settle_delay_s": 1.5371666666666666,
      "pwm_settle_delay_s": 1.0479761904761906,
      "saturation_ratio": 0.0,
      "steady_abs_error_ratio": 0.19894179894179895,
      "p95_error_ratio": 0.26166666666666666,
      "settle_time_ratio": 1.0,
      "pwm_settle_time_ratio": 0.6958970295176091,
      "overshoot_ratio": 0.004761904761904762,
      "oscillation_ratio": 0.041095484612257406,
      "attainment_ratio": 0.801058201058201,
      "rail_hit_ratio": 0.0,
      "pwm_chatter_ratio": 0.0,
      "tail_mean_abs_error": 21.063492063492063,
      "tail_pwm_jump_abs": 571.8571428571429,
      "terminal_requirements_ok": false,
      "pwm_limit_reasonable": false,
      "pwm_limit_note": "terminal steady-state gate failed (tail error or PWM jump exceeded limits)",
      "weighted_score": Infinity
    }
  },
  "csv_path": "/home/madejuele/projects/2K0300/new/verification/auto-wheel-pid/20260422T143235Z/round-021-left-d/attempt-01/telemetry.csv",
  "host_log_path": "/home/madejuele/projects/2K0300/new/verification/auto-wheel-pid/20260422T143235Z/round-021-left-d/attempt-01/host.log",
  "board_log_path": "/home/madejuele/projects/2K0300/new/verification/auto-wheel-pid/20260422T143235Z/round-021-left-d/attempt-01/board.log",
  "params_path": "/home/madejuele/projects/2K0300/new/verification/auto-wheel-pid/20260422T143235Z/round-021-left-d/attempt-01/params.json",
  "tuning_exit_code": 0,
  "receiver_error": null,
  "ack_complete": true,
  "snapshot_cleared_seen": true,
  "board_markers_ok": true,
  "unexpected_failsafe": false,
  "runtime_error": null,
  "accepted": false,
  "accepted_reason": "left score 83.747217 did not beat 51.744817 by 5%"
}
