{
  "name": "round-007-p-screen",
  "candidate_label": "left-p=143.000000; right-p=93.000000",
  "wheel_scores": {
    "left": {
      "wheel": "left",
      "sample_count": 22,
      "mean_abs_error": 12.090909090909092,
      "p95_abs_error": 24.749999999999996,
      "overshoot_peak": 27.0,
      "settle_delay_s": 0.851,
      "pwm_settle_delay_s": 0.9118571428571429,
      "saturation_ratio": 0.0,
      "steady_abs_error_ratio": 0.13015873015873017,
      "p95_error_ratio": 0.19968253968253963,
      "settle_time_ratio": 0.6438302841572596,
      "pwm_settle_time_ratio": 0.8083723348933957,
      "overshoot_ratio": 0.10793650793650794,
      "oscillation_ratio": 0.09294979997917921,
      "attainment_ratio": 0.926984126984127,
      "rail_hit_ratio": 0.0,
      "pwm_chatter_ratio": 0.0,
      "tail_mean_abs_error": 13.761904761904763,
      "tail_pwm_jump_abs": 981.1428571428571,
      "terminal_requirements_ok": false,
      "pwm_limit_reasonable": false,
      "pwm_limit_note": "terminal steady-state gate failed (tail error or PWM jump exceeded limits)",
      "weighted_score": Infinity
    },
    "right": {
      "wheel": "right",
      "sample_count": 22,
      "mean_abs_error": 18.727272727272727,
      "p95_abs_error": 26.849999999999998,
      "overshoot_peak": 41.0,
      "settle_delay_s": 1.156,
      "pwm_settle_delay_s": 1.0385238095238094,
      "saturation_ratio": 0.045454545454545456,
      "steady_abs_error_ratio": 0.164021164021164,
      "p95_error_ratio": 0.26142857142857134,
      "settle_time_ratio": 1.0,
      "pwm_settle_time_ratio": 0.9071762870514821,
      "overshoot_ratio": 0.13015873015873017,
      "oscillation_ratio": 0.030957050791715356,
      "attainment_ratio": 0.8359788359788359,
      "rail_hit_ratio": 0.045454545454545456,
      "pwm_chatter_ratio": 0.0,
      "tail_mean_abs_error": 17.349206349206348,
      "tail_pwm_jump_abs": 680.8571428571429,
      "terminal_requirements_ok": false,
      "pwm_limit_reasonable": false,
      "pwm_limit_note": "terminal steady-state gate failed (tail error or PWM jump exceeded limits)",
      "weighted_score": Infinity
    }
  },
  "csv_path": "/home/madejuele/projects/2K0300/new/verification/auto-wheel-pid/20260423T035347Z/round-007-p-screen/attempt-01/telemetry.csv",
  "host_log_path": "/home/madejuele/projects/2K0300/new/verification/auto-wheel-pid/20260423T035347Z/round-007-p-screen/attempt-01/host.log",
  "board_log_path": "/home/madejuele/projects/2K0300/new/verification/auto-wheel-pid/20260423T035347Z/round-007-p-screen/attempt-01/board.log",
  "params_path": "/home/madejuele/projects/2K0300/new/verification/auto-wheel-pid/20260423T035347Z/round-007-p-screen/attempt-01/params.json",
  "tuning_exit_code": 0,
  "receiver_error": null,
  "ack_complete": true,
  "snapshot_cleared_seen": true,
  "board_markers_ok": true,
  "unexpected_failsafe": false,
  "runtime_error": null,
  "accepted": false,
  "accepted_reason": "screen left terminal gate failed: tail PWM jump 981.143 > 800.000; screen right terminal gate failed: terminal gate failed"
}
