{
  "name": "baseline",
  "candidate_label": "current-working-params",
  "wheel_scores": {
    "left": {
      "wheel": "left",
      "sample_count": 51,
      "mean_abs_error": 14.098039215686274,
      "p95_abs_error": 26.0,
      "overshoot_peak": 6.0,
      "settle_delay_s": 1.4108333333333334,
      "pwm_settle_delay_s": 0.9711666666666667,
      "saturation_ratio": 0.0196078431372549,
      "steady_abs_error_ratio": 0.13015873015873017,
      "p95_error_ratio": 0.2111904761904762,
      "settle_time_ratio": 0.9081632653061223,
      "pwm_settle_time_ratio": 0.6398137254641151,
      "overshoot_ratio": 0.011111111111111112,
      "oscillation_ratio": 0.033693314267483516,
      "attainment_ratio": 0.8698412698412699,
      "rail_hit_ratio": 0.0196078431372549,
      "pwm_chatter_ratio": 0.0,
      "tail_mean_abs_error": 13.936507936507937,
      "tail_pwm_jump_abs": 419.26190476190476,
      "terminal_requirements_ok": true,
      "pwm_limit_reasonable": true,
      "pwm_limit_note": "within current wheel-PID test envelope",
      "weighted_score": 1.3462152772255347
    },
    "right": {
      "wheel": "right",
      "sample_count": 51,
      "mean_abs_error": 15.96078431372549,
      "p95_abs_error": 25.0,
      "overshoot_peak": 0.0,
      "settle_delay_s": 1.5103333333333333,
      "pwm_settle_delay_s": 1.303595238095238,
      "saturation_ratio": 0.0196078431372549,
      "steady_abs_error_ratio": 0.1349206349206349,
      "p95_error_ratio": 0.22349206349206346,
      "settle_time_ratio": 1.0,
      "pwm_settle_time_ratio": 0.846938775510204,
      "overshoot_ratio": 0.0,
      "oscillation_ratio": 0.038907917057869223,
      "attainment_ratio": 0.8650793650793651,
      "rail_hit_ratio": 0.0196078431372549,
      "pwm_chatter_ratio": 0.0,
      "tail_mean_abs_error": 14.23015873015873,
      "tail_pwm_jump_abs": 759.2857142857143,
      "terminal_requirements_ok": false,
      "pwm_limit_reasonable": false,
      "pwm_limit_note": "terminal steady-state gate failed (tail error or PWM jump exceeded limits)",
      "weighted_score": Infinity
    }
  },
  "csv_path": "/home/madejuele/projects/2K0300/new/verification/auto-wheel-pid/20260423T103431Z/baseline/attempt-01/telemetry.csv",
  "host_log_path": "/home/madejuele/projects/2K0300/new/verification/auto-wheel-pid/20260423T103431Z/baseline/attempt-01/host.log",
  "board_log_path": "/home/madejuele/projects/2K0300/new/verification/auto-wheel-pid/20260423T103431Z/baseline/attempt-01/board.log",
  "params_path": "/home/madejuele/projects/2K0300/new/verification/auto-wheel-pid/20260423T103431Z/baseline/attempt-01/params.json",
  "tuning_exit_code": 0,
  "receiver_error": null,
  "ack_complete": true,
  "snapshot_cleared_seen": true,
  "board_markers_ok": true,
  "unexpected_failsafe": false,
  "runtime_error": null,
  "accepted": true,
  "accepted_reason": "baseline"
}
