{
  "name": "round-002-i-screen",
  "candidate_label": "left-i=1.600000; right-i=1.600000",
  "wheel_scores": {
    "left": {
      "wheel": "left",
      "sample_count": 19,
      "mean_abs_error": 6.947368421052632,
      "p95_abs_error": 20.099999999999934,
      "overshoot_peak": 48.0,
      "settle_delay_s": 0.065,
      "pwm_settle_delay_s": 1.0938571428571429,
      "saturation_ratio": 0.05263157894736842,
      "steady_abs_error_ratio": 0.05396825396825397,
      "p95_error_ratio": 0.18317460317460318,
      "settle_time_ratio": 0.04578754578754579,
      "pwm_settle_time_ratio": 1.0,
      "overshoot_ratio": 0.20634920634920634,
      "oscillation_ratio": 0.06146776284948315,
      "attainment_ratio": 0.9947089947089949,
      "rail_hit_ratio": 0.0,
      "pwm_chatter_ratio": 0.0,
      "tail_mean_abs_error": 5.571428571428571,
      "tail_pwm_jump_abs": 777.0952380952381,
      "terminal_requirements_ok": false,
      "pwm_limit_reasonable": false,
      "pwm_limit_note": "terminal steady-state gate failed (tail error or PWM jump exceeded limits)",
      "weighted_score": Infinity
    },
    "right": {
      "wheel": "right",
      "sample_count": 19,
      "mean_abs_error": 10.631578947368421,
      "p95_abs_error": 39.89999999999992,
      "overshoot_peak": 75.0,
      "settle_delay_s": 0.13433333333333333,
      "pwm_settle_delay_s": 0.996,
      "saturation_ratio": 0.05263157894736842,
      "steady_abs_error_ratio": 0.08888888888888889,
      "p95_error_ratio": 0.318095238095238,
      "settle_time_ratio": 0.09462759462759464,
      "pwm_settle_time_ratio": 0.9034939419554805,
      "overshoot_ratio": 0.37142857142857144,
      "oscillation_ratio": 0.08994348394536934,
      "attainment_ratio": 1.0296296296296297,
      "rail_hit_ratio": 0.05263157894736842,
      "pwm_chatter_ratio": 0.0,
      "tail_mean_abs_error": 9.904761904761905,
      "tail_pwm_jump_abs": 823.6190476190476,
      "terminal_requirements_ok": false,
      "pwm_limit_reasonable": false,
      "pwm_limit_note": "terminal steady-state gate failed (tail error or PWM jump exceeded limits)",
      "weighted_score": Infinity
    }
  },
  "csv_path": "/home/madejuele/projects/2K0300/new/verification/auto-wheel-pid/20260423T122618Z/round-002-i-screen/attempt-01/telemetry.csv",
  "host_log_path": "/home/madejuele/projects/2K0300/new/verification/auto-wheel-pid/20260423T122618Z/round-002-i-screen/attempt-01/host.log",
  "board_log_path": "/home/madejuele/projects/2K0300/new/verification/auto-wheel-pid/20260423T122618Z/round-002-i-screen/attempt-01/board.log",
  "params_path": "/home/madejuele/projects/2K0300/new/verification/auto-wheel-pid/20260423T122618Z/round-002-i-screen/attempt-01/params.json",
  "tuning_exit_code": 0,
  "receiver_error": null,
  "ack_complete": true,
  "snapshot_cleared_seen": true,
  "board_markers_ok": true,
  "unexpected_failsafe": false,
  "runtime_error": null,
  "accepted": false,
  "accepted_reason": "screen left terminal gate failed: terminal gate failed; screen right terminal gate failed: tail PWM jump 823.619 > 800.000"
}
