{
  "name": "baseline-screen",
  "candidate_label": "current-working-params-screen",
  "wheel_scores": {
    "left": {
      "wheel": "left",
      "sample_count": 21,
      "mean_abs_error": 16.095238095238095,
      "p95_abs_error": 24.0,
      "overshoot_peak": 0.0,
      "settle_delay_s": 1.2106666666666666,
      "pwm_settle_delay_s": 1.1143809523809522,
      "saturation_ratio": 0.047619047619047616,
      "steady_abs_error_ratio": 0.1513227513227513,
      "p95_error_ratio": 0.21238095238095236,
      "settle_time_ratio": 1.0,
      "pwm_settle_time_ratio": 0.9232716342350893,
      "overshoot_ratio": 0.0,
      "oscillation_ratio": 0.02822331338258672,
      "attainment_ratio": 0.8486772486772486,
      "rail_hit_ratio": 0.047619047619047616,
      "pwm_chatter_ratio": 0.0,
      "tail_mean_abs_error": 16.333333333333332,
      "tail_pwm_jump_abs": 275.0,
      "terminal_requirements_ok": true,
      "pwm_limit_reasonable": true,
      "pwm_limit_note": "within current wheel-PID test envelope",
      "weighted_score": 1.7540171915045473
    },
    "right": {
      "wheel": "right",
      "sample_count": 21,
      "mean_abs_error": 20.714285714285715,
      "p95_abs_error": 29.0,
      "overshoot_peak": 0.0,
      "settle_delay_s": 1.2106666666666666,
      "pwm_settle_delay_s": 1.2067619047619047,
      "saturation_ratio": 0.047619047619047616,
      "steady_abs_error_ratio": 0.17883597883597885,
      "p95_error_ratio": 0.26603174603174595,
      "settle_time_ratio": 1.0,
      "pwm_settle_time_ratio": 1.0,
      "overshoot_ratio": 0.0,
      "oscillation_ratio": 0.030395536354465957,
      "attainment_ratio": 0.8211640211640212,
      "rail_hit_ratio": 0.047619047619047616,
      "pwm_chatter_ratio": 0.0,
      "tail_mean_abs_error": 18.047619047619047,
      "tail_pwm_jump_abs": 415.9047619047619,
      "terminal_requirements_ok": true,
      "pwm_limit_reasonable": true,
      "pwm_limit_note": "within current wheel-PID test envelope",
      "weighted_score": 1.9339659330761119
    }
  },
  "csv_path": "/home/madejuele/projects/2K0300/new/verification/auto-wheel-pid/20260423T062529Z/baseline-screen/attempt-01/telemetry.csv",
  "host_log_path": "/home/madejuele/projects/2K0300/new/verification/auto-wheel-pid/20260423T062529Z/baseline-screen/attempt-01/host.log",
  "board_log_path": "/home/madejuele/projects/2K0300/new/verification/auto-wheel-pid/20260423T062529Z/baseline-screen/attempt-01/board.log",
  "params_path": "/home/madejuele/projects/2K0300/new/verification/auto-wheel-pid/20260423T062529Z/baseline-screen/attempt-01/params.json",
  "tuning_exit_code": 0,
  "receiver_error": null,
  "ack_complete": true,
  "snapshot_cleared_seen": true,
  "board_markers_ok": true,
  "unexpected_failsafe": false,
  "runtime_error": null,
  "accepted": true,
  "accepted_reason": "baseline-screen"
}
