{
  "name": "baseline-screen",
  "candidate_label": "current-working-params-screen",
  "wheel_scores": {
    "left": {
      "wheel": "left",
      "sample_count": 21,
      "mean_abs_error": 14.666666666666666,
      "p95_abs_error": 27.0,
      "overshoot_peak": 0.0,
      "settle_delay_s": 1.2146666666666666,
      "pwm_settle_delay_s": 0.5973809523809525,
      "saturation_ratio": 0.047619047619047616,
      "steady_abs_error_ratio": 0.12275132275132276,
      "p95_error_ratio": 0.2225396825396825,
      "settle_time_ratio": 1.0,
      "pwm_settle_time_ratio": 0.45959447097560435,
      "overshoot_ratio": 0.0,
      "oscillation_ratio": 0.030079576826399005,
      "attainment_ratio": 0.8772486772486772,
      "rail_hit_ratio": 0.05357142857142857,
      "pwm_chatter_ratio": 0.0,
      "tail_mean_abs_error": 12.88888888888889,
      "tail_pwm_jump_abs": 229.95238095238096,
      "terminal_requirements_ok": true,
      "pwm_limit_reasonable": true,
      "pwm_limit_note": "PWM limit is reachable in this round, but not the dominant issue by itself",
      "weighted_score": 0.8821725496679713
    },
    "right": {
      "wheel": "right",
      "sample_count": 21,
      "mean_abs_error": 21.38095238095238,
      "p95_abs_error": 30.0,
      "overshoot_peak": 0.0,
      "settle_delay_s": 1.2146666666666666,
      "pwm_settle_delay_s": 0.7065714285714285,
      "saturation_ratio": 0.047619047619047616,
      "steady_abs_error_ratio": 0.17883597883597882,
      "p95_error_ratio": 0.31698412698412687,
      "settle_time_ratio": 1.0,
      "pwm_settle_time_ratio": 0.6338304552590267,
      "overshoot_ratio": 0.0,
      "oscillation_ratio": 0.019454789746931465,
      "attainment_ratio": 0.8211640211640212,
      "rail_hit_ratio": 0.05357142857142857,
      "pwm_chatter_ratio": 0.0,
      "tail_mean_abs_error": 19.126984126984127,
      "tail_pwm_jump_abs": 325.1904761904762,
      "terminal_requirements_ok": true,
      "pwm_limit_reasonable": true,
      "pwm_limit_note": "PWM limit is reachable in this round, but not the dominant issue by itself",
      "weighted_score": 1.7983477029412032
    }
  },
  "csv_path": "/home/madejuele/projects/2K0300/new/verification/auto-wheel-pid/20260423T104725Z/baseline-screen/attempt-01/telemetry.csv",
  "host_log_path": "/home/madejuele/projects/2K0300/new/verification/auto-wheel-pid/20260423T104725Z/baseline-screen/attempt-01/host.log",
  "board_log_path": "/home/madejuele/projects/2K0300/new/verification/auto-wheel-pid/20260423T104725Z/baseline-screen/attempt-01/board.log",
  "params_path": "/home/madejuele/projects/2K0300/new/verification/auto-wheel-pid/20260423T104725Z/baseline-screen/attempt-01/params.json",
  "tuning_exit_code": 0,
  "receiver_error": null,
  "ack_complete": true,
  "snapshot_cleared_seen": true,
  "board_markers_ok": true,
  "unexpected_failsafe": false,
  "runtime_error": null,
  "accepted": true,
  "accepted_reason": "baseline-screen"
}
