{
  "name": "round-006-i-confirm",
  "candidate_label": "right-i=2.200000",
  "wheel_scores": {
    "left": {
      "wheel": "left",
      "sample_count": 51,
      "mean_abs_error": 5.666666666666667,
      "p95_abs_error": 13.0,
      "overshoot_peak": 35.0,
      "settle_delay_s": 0.06933333333333333,
      "pwm_settle_delay_s": 1.462595238095238,
      "saturation_ratio": 0.058823529411764705,
      "steady_abs_error_ratio": 0.03703703703703704,
      "p95_error_ratio": 0.1516666666666666,
      "settle_time_ratio": 0.038175480032248174,
      "pwm_settle_time_ratio": 0.9378026634382567,
      "overshoot_ratio": 0.10634920634920635,
      "oscillation_ratio": 0.03557719534487073,
      "attainment_ratio": 0.9915343915343915,
      "rail_hit_ratio": 0.0196078431372549,
      "pwm_chatter_ratio": 0.0,
      "tail_mean_abs_error": 3.9523809523809526,
      "tail_pwm_jump_abs": 554.2380952380952,
      "terminal_requirements_ok": false,
      "pwm_limit_reasonable": false,
      "pwm_limit_note": "terminal steady-state gate failed (tail error or PWM jump exceeded limits)",
      "weighted_score": Infinity
    },
    "right": {
      "wheel": "right",
      "sample_count": 51,
      "mean_abs_error": 7.254901960784314,
      "p95_abs_error": 16.5,
      "overshoot_peak": 43.0,
      "settle_delay_s": 0.27416666666666667,
      "pwm_settle_delay_s": 1.5506666666666666,
      "saturation_ratio": 0.0196078431372549,
      "steady_abs_error_ratio": 0.0380952380952381,
      "p95_error_ratio": 0.20412698412698402,
      "settle_time_ratio": 0.16330274535499306,
      "pwm_settle_time_ratio": 1.0,
      "overshoot_ratio": 0.12063492063492064,
      "oscillation_ratio": 0.036854165055306067,
      "attainment_ratio": 0.9925925925925927,
      "rail_hit_ratio": 0.0196078431372549,
      "pwm_chatter_ratio": 0.0,
      "tail_mean_abs_error": 4.0476190476190474,
      "tail_pwm_jump_abs": 654.9285714285714,
      "terminal_requirements_ok": false,
      "pwm_limit_reasonable": false,
      "pwm_limit_note": "terminal steady-state gate failed (tail error or PWM jump exceeded limits)",
      "weighted_score": Infinity
    }
  },
  "csv_path": "/home/madejuele/projects/2K0300/new/verification/auto-wheel-pid/20260423T124335Z/round-006-i-confirm/attempt-01/telemetry.csv",
  "host_log_path": "/home/madejuele/projects/2K0300/new/verification/auto-wheel-pid/20260423T124335Z/round-006-i-confirm/attempt-01/host.log",
  "board_log_path": "/home/madejuele/projects/2K0300/new/verification/auto-wheel-pid/20260423T124335Z/round-006-i-confirm/attempt-01/board.log",
  "params_path": "/home/madejuele/projects/2K0300/new/verification/auto-wheel-pid/20260423T124335Z/round-006-i-confirm/attempt-01/params.json",
  "tuning_exit_code": 0,
  "receiver_error": null,
  "ack_complete": true,
  "snapshot_cleared_seen": true,
  "board_markers_ok": true,
  "unexpected_failsafe": false,
  "runtime_error": null,
  "accepted": false,
  "accepted_reason": "confirm right terminal gate failed: terminal gate failed"
}
