{
  "name": "round-001-d-screen",
  "candidate_label": "left-d=0.500000; right-d=0.200000",
  "wheel_scores": {
    "left": {
      "wheel": "left",
      "sample_count": 19,
      "mean_abs_error": 17.842105263157894,
      "p95_abs_error": 24.199999999999974,
      "overshoot_peak": 17.0,
      "settle_delay_s": 1.1053333333333333,
      "pwm_settle_delay_s": 0.760095238095238,
      "saturation_ratio": 0.05263157894736842,
      "steady_abs_error_ratio": 0.17566137566137566,
      "p95_error_ratio": 0.22984126984126985,
      "settle_time_ratio": 1.0,
      "pwm_settle_time_ratio": 0.7059233449477352,
      "overshoot_ratio": 0.06666666666666667,
      "oscillation_ratio": 0.043445618788789324,
      "attainment_ratio": 0.8243386243386244,
      "rail_hit_ratio": 0.0,
      "pwm_chatter_ratio": 0.0,
      "tail_mean_abs_error": 18.50793650793651,
      "tail_pwm_jump_abs": 767.4761904761905,
      "terminal_requirements_ok": false,
      "pwm_limit_reasonable": false,
      "pwm_limit_note": "terminal steady-state gate failed (tail error or PWM jump exceeded limits)",
      "weighted_score": Infinity
    },
    "right": {
      "wheel": "right",
      "sample_count": 19,
      "mean_abs_error": 18.789473684210527,
      "p95_abs_error": 29.099999999999977,
      "overshoot_peak": 0.0,
      "settle_delay_s": 1.1053333333333333,
      "pwm_settle_delay_s": 1.1218095238095238,
      "saturation_ratio": 0.10526315789473684,
      "steady_abs_error_ratio": 0.19470899470899472,
      "p95_error_ratio": 0.25460317460317455,
      "settle_time_ratio": 1.0,
      "pwm_settle_time_ratio": 1.0,
      "overshoot_ratio": 0.0,
      "oscillation_ratio": 0.029072985406022,
      "attainment_ratio": 0.8052910052910053,
      "rail_hit_ratio": 0.10526315789473684,
      "pwm_chatter_ratio": 0.0,
      "tail_mean_abs_error": 20.634920634920636,
      "tail_pwm_jump_abs": 511.3333333333333,
      "terminal_requirements_ok": true,
      "pwm_limit_reasonable": true,
      "pwm_limit_note": "PWM limit is reachable in this round, but not the dominant issue by itself",
      "weighted_score": 2.92399679211581
    }
  },
  "csv_path": "/home/madejuele/projects/2K0300/new/verification/auto-wheel-pid/20260423T120924Z/round-001-d-screen/attempt-01/telemetry.csv",
  "host_log_path": "/home/madejuele/projects/2K0300/new/verification/auto-wheel-pid/20260423T120924Z/round-001-d-screen/attempt-01/host.log",
  "board_log_path": "/home/madejuele/projects/2K0300/new/verification/auto-wheel-pid/20260423T120924Z/round-001-d-screen/attempt-01/board.log",
  "params_path": "/home/madejuele/projects/2K0300/new/verification/auto-wheel-pid/20260423T120924Z/round-001-d-screen/attempt-01/params.json",
  "tuning_exit_code": 0,
  "receiver_error": null,
  "ack_complete": true,
  "snapshot_cleared_seen": true,
  "board_markers_ok": true,
  "unexpected_failsafe": false,
  "runtime_error": null,
  "accepted": false,
  "accepted_reason": "screen left terminal gate failed: terminal gate failed; screen right score improved from inf to 2.923997; pending confirmation"
}
