{
  "name": "round-003-i-screen",
  "candidate_label": "left-i=3.600000; right-i=3.600000",
  "wheel_scores": {
    "left": {
      "wheel": "left",
      "sample_count": 20,
      "mean_abs_error": 8.2,
      "p95_abs_error": 22.900000000000013,
      "overshoot_peak": 15.0,
      "settle_delay_s": 0.5603333333333333,
      "pwm_settle_delay_s": 1.0597142857142856,
      "saturation_ratio": 0.15,
      "steady_abs_error_ratio": 0.03492063492063492,
      "p95_error_ratio": 0.2182539682539682,
      "settle_time_ratio": 0.48698163926335597,
      "pwm_settle_time_ratio": 0.8895161290322581,
      "overshoot_ratio": 0.0761904761904762,
      "oscillation_ratio": 0.03412476538812313,
      "attainment_ratio": 1.0095238095238095,
      "rail_hit_ratio": 0.05,
      "pwm_chatter_ratio": 0.0,
      "tail_mean_abs_error": 4.079365079365079,
      "tail_pwm_jump_abs": 772.4285714285714,
      "terminal_requirements_ok": false,
      "pwm_limit_reasonable": false,
      "pwm_limit_note": "terminal steady-state gate failed (tail error or PWM jump exceeded limits)",
      "weighted_score": Infinity
    },
    "right": {
      "wheel": "right",
      "sample_count": 20,
      "mean_abs_error": 6.65,
      "p95_abs_error": 17.900000000000027,
      "overshoot_peak": 7.0,
      "settle_delay_s": 0.08,
      "pwm_settle_delay_s": 1.0988571428571428,
      "saturation_ratio": 0.05,
      "steady_abs_error_ratio": 0.04126984126984127,
      "p95_error_ratio": 0.19539682539682537,
      "settle_time_ratio": 0.05580357142857143,
      "pwm_settle_time_ratio": 0.9044363839285714,
      "overshoot_ratio": 0.04126984126984127,
      "oscillation_ratio": 0.044658026929847265,
      "attainment_ratio": 0.9820105820105821,
      "rail_hit_ratio": 0.05,
      "pwm_chatter_ratio": 0.0,
      "tail_mean_abs_error": 4.777777777777778,
      "tail_pwm_jump_abs": 853.0952380952381,
      "terminal_requirements_ok": false,
      "pwm_limit_reasonable": false,
      "pwm_limit_note": "terminal steady-state gate failed (tail error or PWM jump exceeded limits)",
      "weighted_score": Infinity
    }
  },
  "csv_path": "/home/madejuele/projects/2K0300/new/verification/auto-wheel-pid/20260423T123015Z/round-003-i-screen/attempt-01/telemetry.csv",
  "host_log_path": "/home/madejuele/projects/2K0300/new/verification/auto-wheel-pid/20260423T123015Z/round-003-i-screen/attempt-01/host.log",
  "board_log_path": "/home/madejuele/projects/2K0300/new/verification/auto-wheel-pid/20260423T123015Z/round-003-i-screen/attempt-01/board.log",
  "params_path": "/home/madejuele/projects/2K0300/new/verification/auto-wheel-pid/20260423T123015Z/round-003-i-screen/attempt-01/params.json",
  "tuning_exit_code": 0,
  "receiver_error": null,
  "ack_complete": true,
  "snapshot_cleared_seen": true,
  "board_markers_ok": true,
  "unexpected_failsafe": false,
  "runtime_error": null,
  "accepted": false,
  "accepted_reason": "screen left terminal gate failed: terminal gate failed; screen right terminal gate failed: tail PWM jump 853.095 > 800.000"
}
