{
  "name": "baseline-screen",
  "candidate_label": "current-working-params-screen",
  "wheel_scores": {
    "left": {
      "wheel": "left",
      "sample_count": 28,
      "mean_abs_error": 12.321428571428571,
      "p95_abs_error": 24.949999999999996,
      "overshoot_peak": 21.0,
      "settle_delay_s": 0.6336666666666666,
      "pwm_settle_delay_s": 1.5436666666666667,
      "saturation_ratio": 0.21428571428571427,
      "steady_abs_error_ratio": 0.14708994708994708,
      "p95_error_ratio": 0.2201587301587301,
      "settle_time_ratio": 0.33811733893822743,
      "pwm_settle_time_ratio": 1.0,
      "overshoot_ratio": 0.17777777777777778,
      "oscillation_ratio": 0.12133897890598139,
      "attainment_ratio": 0.905820105820106,
      "rail_hit_ratio": 0.20264550264550263,
      "pwm_chatter_ratio": 0.20370370370370372,
      "tail_mean_abs_error": 15.73015873015873,
      "tail_pwm_jump_abs": 2653.3333333333335,
      "terminal_requirements_ok": false,
      "pwm_limit_reasonable": false,
      "pwm_limit_note": "terminal steady-state gate failed (tail error or PWM jump exceeded limits)",
      "weighted_score": Infinity
    },
    "right": {
      "wheel": "right",
      "sample_count": 28,
      "mean_abs_error": 15.535714285714286,
      "p95_abs_error": 24.65,
      "overshoot_peak": 14.0,
      "settle_delay_s": 1.0496666666666667,
      "pwm_settle_delay_s": 1.232952380952381,
      "saturation_ratio": 0.0,
      "steady_abs_error_ratio": 0.15873015873015872,
      "p95_error_ratio": 0.22333333333333333,
      "settle_time_ratio": 0.5714285714285714,
      "pwm_settle_time_ratio": 0.7903412377096587,
      "overshoot_ratio": 0.044444444444444446,
      "oscillation_ratio": 0.04700274377830405,
      "attainment_ratio": 0.8412698412698413,
      "rail_hit_ratio": 0.0,
      "pwm_chatter_ratio": 0.0,
      "tail_mean_abs_error": 16.857142857142858,
      "tail_pwm_jump_abs": 849.5238095238095,
      "terminal_requirements_ok": false,
      "pwm_limit_reasonable": false,
      "pwm_limit_note": "terminal steady-state gate failed (tail error or PWM jump exceeded limits)",
      "weighted_score": Infinity
    }
  },
  "csv_path": "/home/madejuele/projects/2K0300/new/verification/auto-wheel-pid/20260423T005656Z/baseline-screen/attempt-01/telemetry.csv",
  "host_log_path": "/home/madejuele/projects/2K0300/new/verification/auto-wheel-pid/20260423T005656Z/baseline-screen/attempt-01/host.log",
  "board_log_path": "/home/madejuele/projects/2K0300/new/verification/auto-wheel-pid/20260423T005656Z/baseline-screen/attempt-01/board.log",
  "params_path": "/home/madejuele/projects/2K0300/new/verification/auto-wheel-pid/20260423T005656Z/baseline-screen/attempt-01/params.json",
  "tuning_exit_code": 0,
  "receiver_error": null,
  "ack_complete": true,
  "snapshot_cleared_seen": true,
  "board_markers_ok": true,
  "unexpected_failsafe": false,
  "runtime_error": null,
  "accepted": true,
  "accepted_reason": "baseline-screen"
}
