{
  "name": "round-004-i-screen",
  "candidate_label": "left-i=2.000000; right-i=2.000000",
  "wheel_scores": {
    "left": {
      "wheel": "left",
      "sample_count": 28,
      "mean_abs_error": 12.821428571428571,
      "p95_abs_error": 25.299999999999997,
      "overshoot_peak": 23.0,
      "settle_delay_s": 1.057,
      "pwm_settle_delay_s": 1.5467142857142857,
      "saturation_ratio": 0.17857142857142858,
      "steady_abs_error_ratio": 0.1312169312169312,
      "p95_error_ratio": 0.24238095238095236,
      "settle_time_ratio": 0.5714285714285714,
      "pwm_settle_time_ratio": 1.0,
      "overshoot_ratio": 0.17777777777777778,
      "oscillation_ratio": 0.0955212177945656,
      "attainment_ratio": 0.9259259259259258,
      "rail_hit_ratio": 0.18835978835978834,
      "pwm_chatter_ratio": 0.02976190476190476,
      "tail_mean_abs_error": 14.984126984126984,
      "tail_pwm_jump_abs": 1539.7142857142858,
      "terminal_requirements_ok": false,
      "pwm_limit_reasonable": false,
      "pwm_limit_note": "terminal steady-state gate failed (tail error or PWM jump exceeded limits)",
      "weighted_score": Infinity
    },
    "right": {
      "wheel": "right",
      "sample_count": 28,
      "mean_abs_error": 18.071428571428573,
      "p95_abs_error": 29.599999999999994,
      "overshoot_peak": 16.0,
      "settle_delay_s": 1.5496666666666665,
      "pwm_settle_delay_s": 1.5467142857142857,
      "saturation_ratio": 0.03571428571428571,
      "steady_abs_error_ratio": 0.20211640211640214,
      "p95_error_ratio": 0.26730158730158726,
      "settle_time_ratio": 1.0,
      "pwm_settle_time_ratio": 1.0,
      "overshoot_ratio": 0.050793650793650794,
      "oscillation_ratio": 0.05888755453925887,
      "attainment_ratio": 0.7978835978835979,
      "rail_hit_ratio": 0.047619047619047616,
      "pwm_chatter_ratio": 0.05357142857142857,
      "tail_mean_abs_error": 22.523809523809526,
      "tail_pwm_jump_abs": 937.7619047619048,
      "terminal_requirements_ok": false,
      "pwm_limit_reasonable": false,
      "pwm_limit_note": "terminal steady-state gate failed (tail error or PWM jump exceeded limits)",
      "weighted_score": Infinity
    }
  },
  "csv_path": "/home/madejuele/projects/2K0300/new/verification/auto-wheel-pid/20260423T014247Z/round-004-i-screen/attempt-01/telemetry.csv",
  "host_log_path": "/home/madejuele/projects/2K0300/new/verification/auto-wheel-pid/20260423T014247Z/round-004-i-screen/attempt-01/host.log",
  "board_log_path": "/home/madejuele/projects/2K0300/new/verification/auto-wheel-pid/20260423T014247Z/round-004-i-screen/attempt-01/board.log",
  "params_path": "/home/madejuele/projects/2K0300/new/verification/auto-wheel-pid/20260423T014247Z/round-004-i-screen/attempt-01/params.json",
  "tuning_exit_code": 0,
  "receiver_error": null,
  "ack_complete": true,
  "snapshot_cleared_seen": true,
  "board_markers_ok": true,
  "unexpected_failsafe": false,
  "runtime_error": null,
  "accepted": false,
  "accepted_reason": "screen left terminal gate failed: tail PWM jump 1539.714 > 800.000; screen right terminal gate failed: tail error 22.524 > 20.000; tail PWM jump 937.762 > 800.000"
}
