{
  "name": "baseline-screen",
  "candidate_label": "current-working-params-screen",
  "wheel_scores": {
    "left": {
      "wheel": "left",
      "sample_count": 28,
      "mean_abs_error": 12.714285714285714,
      "p95_abs_error": 23.0,
      "overshoot_peak": 26.0,
      "settle_delay_s": 1.4213333333333333,
      "pwm_settle_delay_s": 0.9870000000000001,
      "saturation_ratio": 0.10714285714285714,
      "steady_abs_error_ratio": 0.09523809523809523,
      "p95_error_ratio": 0.21015873015873013,
      "settle_time_ratio": 0.9408369408369409,
      "pwm_settle_time_ratio": 0.6666666666666666,
      "overshoot_ratio": 0.2,
      "oscillation_ratio": 0.09764917380958103,
      "attainment_ratio": 0.9703703703703702,
      "rail_hit_ratio": 0.03571428571428571,
      "pwm_chatter_ratio": 0.08333333333333333,
      "tail_mean_abs_error": 10.158730158730158,
      "tail_pwm_jump_abs": 1735.6190476190477,
      "terminal_requirements_ok": false,
      "pwm_limit_reasonable": false,
      "pwm_limit_note": "terminal steady-state gate failed (tail error or PWM jump exceeded limits)",
      "weighted_score": Infinity
    },
    "right": {
      "wheel": "right",
      "sample_count": 28,
      "mean_abs_error": 15.892857142857142,
      "p95_abs_error": 25.949999999999996,
      "overshoot_peak": 2.0,
      "settle_delay_s": 1.5443333333333333,
      "pwm_settle_delay_s": 1.5436666666666667,
      "saturation_ratio": 0.0,
      "steady_abs_error_ratio": 0.1492063492063492,
      "p95_error_ratio": 0.23142857142857146,
      "settle_time_ratio": 1.0,
      "pwm_settle_time_ratio": 1.0,
      "overshoot_ratio": 0.006349206349206349,
      "oscillation_ratio": 0.05492038689633603,
      "attainment_ratio": 0.8507936507936508,
      "rail_hit_ratio": 0.0,
      "pwm_chatter_ratio": 0.0,
      "tail_mean_abs_error": 16.174603174603174,
      "tail_pwm_jump_abs": 1001.9047619047619,
      "terminal_requirements_ok": false,
      "pwm_limit_reasonable": false,
      "pwm_limit_note": "terminal steady-state gate failed (tail error or PWM jump exceeded limits)",
      "weighted_score": Infinity
    }
  },
  "csv_path": "/home/madejuele/projects/2K0300/new/verification/auto-wheel-pid/20260423T013250Z/baseline-screen/attempt-01/telemetry.csv",
  "host_log_path": "/home/madejuele/projects/2K0300/new/verification/auto-wheel-pid/20260423T013250Z/baseline-screen/attempt-01/host.log",
  "board_log_path": "/home/madejuele/projects/2K0300/new/verification/auto-wheel-pid/20260423T013250Z/baseline-screen/attempt-01/board.log",
  "params_path": "/home/madejuele/projects/2K0300/new/verification/auto-wheel-pid/20260423T013250Z/baseline-screen/attempt-01/params.json",
  "tuning_exit_code": 0,
  "receiver_error": null,
  "ack_complete": true,
  "snapshot_cleared_seen": true,
  "board_markers_ok": true,
  "unexpected_failsafe": false,
  "runtime_error": null,
  "accepted": true,
  "accepted_reason": "baseline-screen"
}
