{
  "name": "right-p130",
  "candidate_label": "left-p=139.000000; right-p=130.000000; right-alpha=0.400000",
  "wheel_scores": {
    "left": {
      "wheel": "left",
      "sample_count": 57,
      "mean_abs_error": 12.087719298245615,
      "p95_abs_error": 27.39999999999997,
      "overshoot_peak": 38.0,
      "settle_delay_s": 0.808,
      "pwm_settle_delay_s": 0.9647380952380952,
      "saturation_ratio": 0.03508771929824561,
      "steady_abs_error_ratio": 0.07777777777777778,
      "p95_error_ratio": 0.24833333333333327,
      "settle_time_ratio": 0.450941877082788,
      "pwm_settle_time_ratio": 0.5979697669694499,
      "overshoot_ratio": 0.23015873015873015,
      "oscillation_ratio": 0.03387117469165234,
      "attainment_ratio": 0.9232804232804233,
      "rail_hit_ratio": 0.017543859649122806,
      "pwm_chatter_ratio": 0.0,
      "tail_mean_abs_error": 8.531746031746032,
      "tail_pwm_jump_abs": 453.7857142857143,
      "terminal_requirements_ok": false,
      "pwm_limit_reasonable": false,
      "pwm_limit_note": "terminal steady-state gate failed (tail error or PWM jump exceeded limits)",
      "weighted_score": Infinity
    },
    "right": {
      "wheel": "right",
      "sample_count": 57,
      "mean_abs_error": 12.807017543859649,
      "p95_abs_error": 38.39999999999997,
      "overshoot_peak": 44.0,
      "settle_delay_s": 0.6135,
      "pwm_settle_delay_s": 1.5262619047619046,
      "saturation_ratio": 0.03508771929824561,
      "steady_abs_error_ratio": 0.1529100529100529,
      "p95_error_ratio": 0.3172222222222221,
      "settle_time_ratio": 0.40538473774576045,
      "pwm_settle_time_ratio": 0.9671052631578947,
      "overshoot_ratio": 0.07777777777777778,
      "oscillation_ratio": 0.08896937148796748,
      "attainment_ratio": 0.8481481481481482,
      "rail_hit_ratio": 0.02142857142857143,
      "pwm_chatter_ratio": 0.0,
      "tail_mean_abs_error": 16.944444444444443,
      "tail_pwm_jump_abs": 897.3571428571429,
      "terminal_requirements_ok": false,
      "pwm_limit_reasonable": false,
      "pwm_limit_note": "terminal steady-state gate failed (tail error or PWM jump exceeded limits)",
      "weighted_score": Infinity
    }
  },
  "csv_path": "/home/madejuele/projects/2K0300/new/verification/manual-probes/20260423T041956Z-right-alpha04-p-window-scan/right-p130/attempt-01/telemetry.csv",
  "host_log_path": "/home/madejuele/projects/2K0300/new/verification/manual-probes/20260423T041956Z-right-alpha04-p-window-scan/right-p130/attempt-01/host.log",
  "board_log_path": "/home/madejuele/projects/2K0300/new/verification/manual-probes/20260423T041956Z-right-alpha04-p-window-scan/right-p130/attempt-01/board.log",
  "params_path": "/home/madejuele/projects/2K0300/new/verification/manual-probes/20260423T041956Z-right-alpha04-p-window-scan/right-p130/attempt-01/params.json",
  "tuning_exit_code": 0,
  "receiver_error": null,
  "ack_complete": true,
  "snapshot_cleared_seen": true,
  "board_markers_ok": true,
  "unexpected_failsafe": false,
  "runtime_error": null,
  "accepted": false,
  "accepted_reason": ""
}
