{
  "name": "round-003-p-screen",
  "candidate_label": "left-p=135.000000",
  "wheel_scores": {
    "left": {
      "wheel": "left",
      "sample_count": 28,
      "mean_abs_error": 13.857142857142858,
      "p95_abs_error": 30.19999999999999,
      "overshoot_peak": 33.0,
      "settle_delay_s": 1.5633333333333335,
      "pwm_settle_delay_s": 1.5666666666666669,
      "saturation_ratio": 0.21428571428571427,
      "steady_abs_error_ratio": 0.1523809523809524,
      "p95_error_ratio": 0.2514285714285714,
      "settle_time_ratio": 1.0,
      "pwm_settle_time_ratio": 1.0,
      "overshoot_ratio": 0.19047619047619047,
      "oscillation_ratio": 0.15287786435761663,
      "attainment_ratio": 1.0126984126984127,
      "rail_hit_ratio": 0.20952380952380953,
      "pwm_chatter_ratio": 0.4384920634920635,
      "tail_mean_abs_error": 16.317460317460316,
      "tail_pwm_jump_abs": 2510.714285714286,
      "terminal_requirements_ok": false,
      "pwm_limit_reasonable": false,
      "pwm_limit_note": "terminal steady-state gate failed (tail error or PWM jump exceeded limits)",
      "weighted_score": Infinity
    },
    "right": {
      "wheel": "right",
      "sample_count": 28,
      "mean_abs_error": 14.035714285714286,
      "p95_abs_error": 23.599999999999994,
      "overshoot_peak": 18.0,
      "settle_delay_s": 1.5633333333333335,
      "pwm_settle_delay_s": 1.3196666666666668,
      "saturation_ratio": 0.0,
      "steady_abs_error_ratio": 0.12275132275132275,
      "p95_error_ratio": 0.21126984126984127,
      "settle_time_ratio": 1.0,
      "pwm_settle_time_ratio": 0.8516516516516516,
      "overshoot_ratio": 0.05714285714285714,
      "oscillation_ratio": 0.06648274370825426,
      "attainment_ratio": 0.9153439153439152,
      "rail_hit_ratio": 0.0,
      "pwm_chatter_ratio": 0.0,
      "tail_mean_abs_error": 13.047619047619047,
      "tail_pwm_jump_abs": 563.8095238095239,
      "terminal_requirements_ok": false,
      "pwm_limit_reasonable": false,
      "pwm_limit_note": "terminal steady-state gate failed (tail error or PWM jump exceeded limits)",
      "weighted_score": Infinity
    }
  },
  "csv_path": "/home/madejuele/projects/2K0300/new/verification/auto-wheel-pid/20260423T010159Z/round-003-p-screen/attempt-01/telemetry.csv",
  "host_log_path": "/home/madejuele/projects/2K0300/new/verification/auto-wheel-pid/20260423T010159Z/round-003-p-screen/attempt-01/host.log",
  "board_log_path": "/home/madejuele/projects/2K0300/new/verification/auto-wheel-pid/20260423T010159Z/round-003-p-screen/attempt-01/board.log",
  "params_path": "/home/madejuele/projects/2K0300/new/verification/auto-wheel-pid/20260423T010159Z/round-003-p-screen/attempt-01/params.json",
  "tuning_exit_code": 0,
  "receiver_error": null,
  "ack_complete": true,
  "snapshot_cleared_seen": true,
  "board_markers_ok": true,
  "unexpected_failsafe": false,
  "runtime_error": null,
  "accepted": false,
  "accepted_reason": "screen left terminal gate failed: tail PWM jump 2510.714 > 800.000"
}
