{
  "name": "round-002-p-screen",
  "candidate_label": "left-p=134.000000",
  "wheel_scores": {
    "left": {
      "wheel": "left",
      "sample_count": 29,
      "mean_abs_error": 13.758620689655173,
      "p95_abs_error": 25.199999999999996,
      "overshoot_peak": 61.0,
      "settle_delay_s": 0.7959999999999999,
      "pwm_settle_delay_s": 1.6035238095238094,
      "saturation_ratio": 0.10344827586206896,
      "steady_abs_error_ratio": 0.1365079365079365,
      "p95_error_ratio": 0.2752380952380951,
      "settle_time_ratio": 0.39913887282308336,
      "pwm_settle_time_ratio": 1.0,
      "overshoot_ratio": 0.33650793650793653,
      "oscillation_ratio": 0.13205218372120298,
      "attainment_ratio": 1.0455026455026455,
      "rail_hit_ratio": 0.08571428571428572,
      "pwm_chatter_ratio": 0.10052910052910052,
      "tail_mean_abs_error": 15.126984126984127,
      "tail_pwm_jump_abs": 1780.2857142857142,
      "terminal_requirements_ok": false,
      "pwm_limit_reasonable": false,
      "pwm_limit_note": "terminal steady-state gate failed (tail error or PWM jump exceeded limits)",
      "weighted_score": Infinity
    },
    "right": {
      "wheel": "right",
      "sample_count": 29,
      "mean_abs_error": 16.344827586206897,
      "p95_abs_error": 24.0,
      "overshoot_peak": 6.0,
      "settle_delay_s": 1.6046666666666667,
      "pwm_settle_delay_s": 1.6035238095238094,
      "saturation_ratio": 0.0,
      "steady_abs_error_ratio": 0.14497354497354498,
      "p95_error_ratio": 0.23666666666666666,
      "settle_time_ratio": 1.0,
      "pwm_settle_time_ratio": 1.0,
      "overshoot_ratio": 0.025396825396825397,
      "oscillation_ratio": 0.05789140057112945,
      "attainment_ratio": 0.8592592592592593,
      "rail_hit_ratio": 0.0,
      "pwm_chatter_ratio": 0.0,
      "tail_mean_abs_error": 15.031746031746032,
      "tail_pwm_jump_abs": 902.8571428571429,
      "terminal_requirements_ok": false,
      "pwm_limit_reasonable": false,
      "pwm_limit_note": "terminal steady-state gate failed (tail error or PWM jump exceeded limits)",
      "weighted_score": Infinity
    }
  },
  "csv_path": "/home/madejuele/projects/2K0300/new/verification/auto-wheel-pid/20260423T010159Z/round-002-p-screen/attempt-01/telemetry.csv",
  "host_log_path": "/home/madejuele/projects/2K0300/new/verification/auto-wheel-pid/20260423T010159Z/round-002-p-screen/attempt-01/host.log",
  "board_log_path": "/home/madejuele/projects/2K0300/new/verification/auto-wheel-pid/20260423T010159Z/round-002-p-screen/attempt-01/board.log",
  "params_path": "/home/madejuele/projects/2K0300/new/verification/auto-wheel-pid/20260423T010159Z/round-002-p-screen/attempt-01/params.json",
  "tuning_exit_code": 0,
  "receiver_error": null,
  "ack_complete": true,
  "snapshot_cleared_seen": true,
  "board_markers_ok": true,
  "unexpected_failsafe": false,
  "runtime_error": null,
  "accepted": false,
  "accepted_reason": "screen left terminal gate failed: tail PWM jump 1780.286 > 800.000"
}
