{
  "name": "round-005-i-confirm",
  "candidate_label": "left-i=2.400000; right-i=2.000000",
  "wheel_scores": {
    "left": {
      "wheel": "left",
      "sample_count": 51,
      "mean_abs_error": 3.823529411764706,
      "p95_abs_error": 8.5,
      "overshoot_peak": 31.0,
      "settle_delay_s": 0.13883333333333334,
      "pwm_settle_delay_s": 1.1198571428571429,
      "saturation_ratio": 0.0,
      "steady_abs_error_ratio": 0.03386243386243386,
      "p95_error_ratio": 0.08960317460317459,
      "settle_time_ratio": 0.06872256872256871,
      "pwm_settle_time_ratio": 0.6915643474306503,
      "overshoot_ratio": 0.10317460317460317,
      "oscillation_ratio": 0.03704386903725398,
      "attainment_ratio": 1.0031746031746032,
      "rail_hit_ratio": 0.0,
      "pwm_chatter_ratio": 0.0,
      "tail_mean_abs_error": 3.634920634920635,
      "tail_pwm_jump_abs": 517.7619047619048,
      "terminal_requirements_ok": true,
      "pwm_limit_reasonable": true,
      "pwm_limit_note": "PWM limit is not a visible constraint in this round",
      "weighted_score": 0.9291619182518434
    },
    "right": {
      "wheel": "right",
      "sample_count": 51,
      "mean_abs_error": 5.8431372549019605,
      "p95_abs_error": 12.0,
      "overshoot_peak": 10.0,
      "settle_delay_s": 0.14083333333333334,
      "pwm_settle_delay_s": 1.5693571428571427,
      "saturation_ratio": 0.0,
      "steady_abs_error_ratio": 0.04973544973544974,
      "p95_error_ratio": 0.11063492063492061,
      "settle_time_ratio": 0.06705369737284632,
      "pwm_settle_time_ratio": 1.0,
      "overshoot_ratio": 0.0761904761904762,
      "oscillation_ratio": 0.04578079086531015,
      "attainment_ratio": 1.0021164021164022,
      "rail_hit_ratio": 0.0,
      "pwm_chatter_ratio": 0.0,
      "tail_mean_abs_error": 5.476190476190476,
      "tail_pwm_jump_abs": 689.0238095238095,
      "terminal_requirements_ok": false,
      "pwm_limit_reasonable": false,
      "pwm_limit_note": "terminal steady-state gate failed (tail error or PWM jump exceeded limits)",
      "weighted_score": Infinity
    }
  },
  "csv_path": "/home/madejuele/projects/2K0300/new/verification/auto-wheel-pid/20260423T122618Z/round-005-i-confirm/attempt-01/telemetry.csv",
  "host_log_path": "/home/madejuele/projects/2K0300/new/verification/auto-wheel-pid/20260423T122618Z/round-005-i-confirm/attempt-01/host.log",
  "board_log_path": "/home/madejuele/projects/2K0300/new/verification/auto-wheel-pid/20260423T122618Z/round-005-i-confirm/attempt-01/board.log",
  "params_path": "/home/madejuele/projects/2K0300/new/verification/auto-wheel-pid/20260423T122618Z/round-005-i-confirm/attempt-01/params.json",
  "tuning_exit_code": 0,
  "receiver_error": null,
  "ack_complete": true,
  "snapshot_cleared_seen": true,
  "board_markers_ok": true,
  "unexpected_failsafe": false,
  "runtime_error": null,
  "accepted": true,
  "accepted_reason": "left score improved from 1.394945 to 0.929162; selected best candidate after paired screen+confirm at left-i=2.400000"
}
