{
  "name": "round-048-left-d",
  "candidate_label": "left-d=0.250000",
  "wheel_scores": {
    "left": {
      "wheel": "left",
      "sample_count": 58,
      "mean_abs_error": 15.448275862068966,
      "p95_abs_error": 25.599999999999994,
      "overshoot_peak": 38.0,
      "settle_delay_s": 1.4135,
      "pwm_settle_delay_s": 1.2948809523809526,
      "saturation_ratio": 0.017241379310344827,
      "steady_abs_error_ratio": 0.14497354497354498,
      "p95_error_ratio": 0.22087301587301583,
      "settle_time_ratio": 0.8569293826317138,
      "pwm_settle_time_ratio": 0.799045886970069,
      "overshoot_ratio": 0.0746031746031746,
      "oscillation_ratio": 0.05444206961016668,
      "attainment_ratio": 0.8571428571428571,
      "rail_hit_ratio": 0.0,
      "pwm_chatter_ratio": 0.0,
      "tail_mean_abs_error": 15.634920634920634,
      "tail_pwm_jump_abs": 1178.547619047619,
      "terminal_requirements_ok": false,
      "pwm_limit_reasonable": false,
      "pwm_limit_note": "terminal steady-state gate failed (tail error or PWM jump exceeded limits)",
      "weighted_score": Infinity
    },
    "right": {
      "wheel": "right",
      "sample_count": 58,
      "mean_abs_error": 20.086206896551722,
      "p95_abs_error": 27.15,
      "overshoot_peak": 14.0,
      "settle_delay_s": 1.5996666666666668,
      "pwm_settle_delay_s": 1.374,
      "saturation_ratio": 0.0,
      "steady_abs_error_ratio": 0.1873015873015873,
      "p95_error_ratio": 0.2515079365079365,
      "settle_time_ratio": 1.0,
      "pwm_settle_time_ratio": 0.8515164871601144,
      "overshoot_ratio": 0.022222222222222223,
      "oscillation_ratio": 0.037479540603258366,
      "attainment_ratio": 0.8126984126984127,
      "rail_hit_ratio": 0.0,
      "pwm_chatter_ratio": 0.0,
      "tail_mean_abs_error": 19.857142857142858,
      "tail_pwm_jump_abs": 652.6904761904761,
      "terminal_requirements_ok": false,
      "pwm_limit_reasonable": false,
      "pwm_limit_note": "terminal steady-state gate failed (tail error or PWM jump exceeded limits)",
      "weighted_score": Infinity
    }
  },
  "csv_path": "/home/madejuele/projects/2K0300/new/verification/auto-wheel-pid/20260422T143235Z/round-048-left-d/attempt-01/telemetry.csv",
  "host_log_path": "/home/madejuele/projects/2K0300/new/verification/auto-wheel-pid/20260422T143235Z/round-048-left-d/attempt-01/host.log",
  "board_log_path": "/home/madejuele/projects/2K0300/new/verification/auto-wheel-pid/20260422T143235Z/round-048-left-d/attempt-01/board.log",
  "params_path": "/home/madejuele/projects/2K0300/new/verification/auto-wheel-pid/20260422T143235Z/round-048-left-d/attempt-01/params.json",
  "tuning_exit_code": 0,
  "receiver_error": null,
  "ack_complete": true,
  "snapshot_cleared_seen": true,
  "board_markers_ok": true,
  "unexpected_failsafe": false,
  "runtime_error": null,
  "accepted": false,
  "accepted_reason": "left score 112.636911 did not beat 46.207851 by 5%"
}
