{
  "name": "baseline",
  "candidate_label": "current-working-params",
  "wheel_scores": {
    "left": {
      "wheel": "left",
      "sample_count": 51,
      "mean_abs_error": 16.03921568627451,
      "p95_abs_error": 24.5,
      "overshoot_peak": 6.0,
      "settle_delay_s": 1.5146666666666666,
      "pwm_settle_delay_s": 1.4853095238095237,
      "saturation_ratio": 0.0,
      "steady_abs_error_ratio": 0.15714285714285714,
      "p95_error_ratio": 0.2184920634920635,
      "settle_time_ratio": 1.0,
      "pwm_settle_time_ratio": 0.9658545588778147,
      "overshoot_ratio": 0.01746031746031746,
      "oscillation_ratio": 0.032352541282168155,
      "attainment_ratio": 0.8428571428571429,
      "rail_hit_ratio": 0.0,
      "pwm_chatter_ratio": 0.0,
      "tail_mean_abs_error": 16.150793650793652,
      "tail_pwm_jump_abs": 500.35714285714283,
      "terminal_requirements_ok": true,
      "pwm_limit_reasonable": true,
      "pwm_limit_note": "within current wheel-PID test envelope",
      "weighted_score": 1.894109328202291
    },
    "right": {
      "wheel": "right",
      "sample_count": 51,
      "mean_abs_error": 19.54901960784314,
      "p95_abs_error": 30.5,
      "overshoot_peak": 6.0,
      "settle_delay_s": 1.5146666666666666,
      "pwm_settle_delay_s": 1.3629285714285715,
      "saturation_ratio": 0.0196078431372549,
      "steady_abs_error_ratio": 0.19153439153439153,
      "p95_error_ratio": 0.271984126984127,
      "settle_time_ratio": 1.0,
      "pwm_settle_time_ratio": 0.8860129004576079,
      "overshoot_ratio": 0.011111111111111112,
      "oscillation_ratio": 0.035853707724001274,
      "attainment_ratio": 0.8084656084656084,
      "rail_hit_ratio": 0.0196078431372549,
      "pwm_chatter_ratio": 0.0,
      "tail_mean_abs_error": 20.19047619047619,
      "tail_pwm_jump_abs": 459.23809523809524,
      "terminal_requirements_ok": false,
      "pwm_limit_reasonable": false,
      "pwm_limit_note": "terminal steady-state gate failed (tail error or PWM jump exceeded limits)",
      "weighted_score": Infinity
    }
  },
  "csv_path": "/home/madejuele/projects/2K0300/new/verification/auto-wheel-pid/20260423T104818Z/baseline/attempt-01/telemetry.csv",
  "host_log_path": "/home/madejuele/projects/2K0300/new/verification/auto-wheel-pid/20260423T104818Z/baseline/attempt-01/host.log",
  "board_log_path": "/home/madejuele/projects/2K0300/new/verification/auto-wheel-pid/20260423T104818Z/baseline/attempt-01/board.log",
  "params_path": "/home/madejuele/projects/2K0300/new/verification/auto-wheel-pid/20260423T104818Z/baseline/attempt-01/params.json",
  "tuning_exit_code": 0,
  "receiver_error": null,
  "ack_complete": true,
  "snapshot_cleared_seen": true,
  "board_markers_ok": true,
  "unexpected_failsafe": false,
  "runtime_error": null,
  "accepted": true,
  "accepted_reason": "baseline"
}
