{
  "name": "round-006-i-screen",
  "candidate_label": "left-i=3.000000; right-i=3.000000",
  "wheel_scores": {
    "left": {
      "wheel": "left",
      "sample_count": 28,
      "mean_abs_error": 11.75,
      "p95_abs_error": 25.89999999999999,
      "overshoot_peak": 28.0,
      "settle_delay_s": 1.0393333333333334,
      "pwm_settle_delay_s": 1.5288095238095238,
      "saturation_ratio": 0.07142857142857142,
      "steady_abs_error_ratio": 0.11851851851851851,
      "p95_error_ratio": 0.18968253968253967,
      "settle_time_ratio": 0.5714285714285714,
      "pwm_settle_time_ratio": 1.0,
      "overshoot_ratio": 0.13333333333333333,
      "oscillation_ratio": 0.10189118236793107,
      "attainment_ratio": 0.9640211640211639,
      "rail_hit_ratio": 0.03571428571428571,
      "pwm_chatter_ratio": 0.0,
      "tail_mean_abs_error": 12.222222222222221,
      "tail_pwm_jump_abs": 1361.904761904762,
      "terminal_requirements_ok": false,
      "pwm_limit_reasonable": false,
      "pwm_limit_note": "terminal steady-state gate failed (tail error or PWM jump exceeded limits)",
      "weighted_score": Infinity
    },
    "right": {
      "wheel": "right",
      "sample_count": 28,
      "mean_abs_error": 15.107142857142858,
      "p95_abs_error": 26.599999999999994,
      "overshoot_peak": 19.0,
      "settle_delay_s": 1.5290000000000001,
      "pwm_settle_delay_s": 1.5288095238095238,
      "saturation_ratio": 0.0,
      "steady_abs_error_ratio": 0.14497354497354498,
      "p95_error_ratio": 0.23126984126984126,
      "settle_time_ratio": 1.0,
      "pwm_settle_time_ratio": 1.0,
      "overshoot_ratio": 0.08888888888888889,
      "oscillation_ratio": 0.10876165594757084,
      "attainment_ratio": 0.9142857142857143,
      "rail_hit_ratio": 0.0,
      "pwm_chatter_ratio": 0.0,
      "tail_mean_abs_error": 15.0,
      "tail_pwm_jump_abs": 1300.2857142857142,
      "terminal_requirements_ok": false,
      "pwm_limit_reasonable": false,
      "pwm_limit_note": "terminal steady-state gate failed (tail error or PWM jump exceeded limits)",
      "weighted_score": Infinity
    }
  },
  "csv_path": "/home/madejuele/projects/2K0300/new/verification/auto-wheel-pid/20260423T014247Z/round-006-i-screen/attempt-01/telemetry.csv",
  "host_log_path": "/home/madejuele/projects/2K0300/new/verification/auto-wheel-pid/20260423T014247Z/round-006-i-screen/attempt-01/host.log",
  "board_log_path": "/home/madejuele/projects/2K0300/new/verification/auto-wheel-pid/20260423T014247Z/round-006-i-screen/attempt-01/board.log",
  "params_path": "/home/madejuele/projects/2K0300/new/verification/auto-wheel-pid/20260423T014247Z/round-006-i-screen/attempt-01/params.json",
  "tuning_exit_code": 0,
  "receiver_error": null,
  "ack_complete": true,
  "snapshot_cleared_seen": true,
  "board_markers_ok": true,
  "unexpected_failsafe": false,
  "runtime_error": null,
  "accepted": false,
  "accepted_reason": "screen left terminal gate failed: tail PWM jump 1361.905 > 800.000; screen right terminal gate failed: tail PWM jump 1300.286 > 800.000"
}
