{
  "name": "round-007-right-p",
  "candidate_label": "right-p=87.890625",
  "wheel_scores": {
    "left": {
      "wheel": "left",
      "sample_count": 60,
      "mean_abs_error": 16.716666666666665,
      "p95_abs_error": 32.19999999999999,
      "overshoot_peak": 37.0,
      "settle_delay_s": 1.4861666666666666,
      "pwm_settle_delay_s": 1.8270555555555557,
      "saturation_ratio": 0.26666666666666666,
      "steady_abs_error_ratio": 0.17592592592592593,
      "p95_error_ratio": 0.3624999999999998,
      "settle_time_ratio": 0.7827614220880381,
      "pwm_settle_time_ratio": 1.0,
      "overshoot_ratio": 0.29074074074074074,
      "oscillation_ratio": 0.16087720093345997,
      "attainment_ratio": 0.8919753086419754,
      "rail_hit_ratio": 0.23333333333333334,
      "pwm_chatter_ratio": 0.20987654320987653,
      "tail_mean_abs_error": 14.592592592592593,
      "tail_pwm_jump_abs": 2545.8333333333335,
      "terminal_requirements_ok": false,
      "pwm_limit_reasonable": false,
      "pwm_limit_note": "terminal steady-state gate failed (tail error or PWM jump exceeded limits)",
      "weighted_score": Infinity
    },
    "right": {
      "wheel": "right",
      "sample_count": 60,
      "mean_abs_error": 14.066666666666666,
      "p95_abs_error": 24.049999999999997,
      "overshoot_peak": 26.0,
      "settle_delay_s": 1.5231666666666668,
      "pwm_settle_delay_s": 1.8270555555555557,
      "saturation_ratio": 0.016666666666666666,
      "steady_abs_error_ratio": 0.14382716049382718,
      "p95_error_ratio": 0.26249999999999996,
      "settle_time_ratio": 0.7777777777777778,
      "pwm_settle_time_ratio": 1.0,
      "overshoot_ratio": 0.21296296296296297,
      "oscillation_ratio": 0.10469893635852062,
      "attainment_ratio": 0.9030864197530863,
      "rail_hit_ratio": 0.016666666666666666,
      "pwm_chatter_ratio": 0.018518518518518517,
      "tail_mean_abs_error": 13.314814814814815,
      "tail_pwm_jump_abs": 1274.5,
      "terminal_requirements_ok": false,
      "pwm_limit_reasonable": false,
      "pwm_limit_note": "terminal steady-state gate failed (tail error or PWM jump exceeded limits)",
      "weighted_score": Infinity
    }
  },
  "csv_path": "/home/madejuele/projects/2K0300/new/verification/auto-wheel-pid/20260422T132845Z/round-007-right-p/attempt-01/telemetry.csv",
  "host_log_path": "/home/madejuele/projects/2K0300/new/verification/auto-wheel-pid/20260422T132845Z/round-007-right-p/attempt-01/host.log",
  "board_log_path": "/home/madejuele/projects/2K0300/new/verification/auto-wheel-pid/20260422T132845Z/round-007-right-p/attempt-01/board.log",
  "params_path": "/home/madejuele/projects/2K0300/new/verification/auto-wheel-pid/20260422T132845Z/round-007-right-p/attempt-01/params.json",
  "tuning_exit_code": 0,
  "receiver_error": null,
  "ack_complete": true,
  "snapshot_cleared_seen": true,
  "board_markers_ok": true,
  "unexpected_failsafe": false,
  "runtime_error": null,
  "accepted": true,
  "accepted_reason": "right score improved from 1.169345 to 0.525562"
}
