{
  "name": "round-014-p-screen",
  "candidate_label": "left-p=145.000000; right-p=85.000000",
  "wheel_scores": {
    "left": {
      "wheel": "left",
      "sample_count": 15,
      "mean_abs_error": 13.666666666666666,
      "p95_abs_error": 28.499999999999993,
      "overshoot_peak": 27.0,
      "settle_delay_s": 1.202,
      "pwm_settle_delay_s": 1.2196666666666667,
      "saturation_ratio": 0.06666666666666667,
      "steady_abs_error_ratio": 0.12222222222222222,
      "p95_error_ratio": 0.27749999999999997,
      "settle_time_ratio": 1.0,
      "pwm_settle_time_ratio": 1.0,
      "overshoot_ratio": 0.2611111111111111,
      "oscillation_ratio": 0.12188088273818573,
      "attainment_ratio": 0.9185185185185184,
      "rail_hit_ratio": 0.07291666666666667,
      "pwm_chatter_ratio": 0.08333333333333333,
      "tail_mean_abs_error": 12.166666666666666,
      "tail_pwm_jump_abs": 2354.1666666666665,
      "terminal_requirements_ok": false,
      "pwm_limit_reasonable": false,
      "pwm_limit_note": "terminal steady-state gate failed (tail error or PWM jump exceeded limits)",
      "weighted_score": Infinity
    },
    "right": {
      "wheel": "right",
      "sample_count": 15,
      "mean_abs_error": 12.466666666666667,
      "p95_abs_error": 23.199999999999996,
      "overshoot_peak": 5.0,
      "settle_delay_s": 1.202,
      "pwm_settle_delay_s": 0.45666666666666667,
      "saturation_ratio": 0.0,
      "steady_abs_error_ratio": 0.11296296296296297,
      "p95_error_ratio": 0.23555555555555552,
      "settle_time_ratio": 1.0,
      "pwm_settle_time_ratio": 0.4166666666666667,
      "overshoot_ratio": 0.027777777777777776,
      "oscillation_ratio": 0.08838239507904719,
      "attainment_ratio": 0.9240740740740739,
      "rail_hit_ratio": 0.0,
      "pwm_chatter_ratio": 0.0,
      "tail_mean_abs_error": 10.472222222222221,
      "tail_pwm_jump_abs": 1126.25,
      "terminal_requirements_ok": false,
      "pwm_limit_reasonable": false,
      "pwm_limit_note": "terminal steady-state gate failed (tail error or PWM jump exceeded limits)",
      "weighted_score": Infinity
    }
  },
  "csv_path": "/home/madejuele/projects/2K0300/new/verification/auto-wheel-pid/20260423T004635Z/round-014-p-screen/attempt-01/telemetry.csv",
  "host_log_path": "/home/madejuele/projects/2K0300/new/verification/auto-wheel-pid/20260423T004635Z/round-014-p-screen/attempt-01/host.log",
  "board_log_path": "/home/madejuele/projects/2K0300/new/verification/auto-wheel-pid/20260423T004635Z/round-014-p-screen/attempt-01/board.log",
  "params_path": "/home/madejuele/projects/2K0300/new/verification/auto-wheel-pid/20260423T004635Z/round-014-p-screen/attempt-01/params.json",
  "tuning_exit_code": 0,
  "receiver_error": null,
  "ack_complete": true,
  "snapshot_cleared_seen": true,
  "board_markers_ok": true,
  "unexpected_failsafe": false,
  "runtime_error": null,
  "accepted": false,
  "accepted_reason": "screen left terminal gate failed: tail PWM jump 2354.167 > 800.000; screen right terminal gate failed: tail PWM jump 1126.250 > 800.000"
}
