{
  "name": "right-p90-repeat-02",
  "candidate_label": "left-p=139.000000; right-p=90.000000",
  "wheel_scores": {
    "left": {
      "wheel": "left",
      "sample_count": 57,
      "mean_abs_error": 13.508771929824562,
      "p95_abs_error": 21.199999999999996,
      "overshoot_peak": 48.0,
      "settle_delay_s": 1.1798333333333333,
      "pwm_settle_delay_s": 1.3683809523809525,
      "saturation_ratio": 0.017543859649122806,
      "steady_abs_error_ratio": 0.11216931216931218,
      "p95_error_ratio": 0.2532539682539681,
      "settle_time_ratio": 0.6990828563402196,
      "pwm_settle_time_ratio": 0.8711592178770949,
      "overshoot_ratio": 0.10634920634920635,
      "oscillation_ratio": 0.03702283690762182,
      "attainment_ratio": 0.8878306878306879,
      "rail_hit_ratio": 0.017543859649122806,
      "pwm_chatter_ratio": 0.0,
      "tail_mean_abs_error": 11.666666666666666,
      "tail_pwm_jump_abs": 388.9761904761905,
      "terminal_requirements_ok": true,
      "pwm_limit_reasonable": true,
      "pwm_limit_note": "within current wheel-PID test envelope",
      "weighted_score": 1.4487731803104753
    },
    "right": {
      "wheel": "right",
      "sample_count": 57,
      "mean_abs_error": 18.280701754385966,
      "p95_abs_error": 27.0,
      "overshoot_peak": 0.0,
      "settle_delay_s": 1.5508333333333333,
      "pwm_settle_delay_s": 1.091047619047619,
      "saturation_ratio": 0.03508771929824561,
      "steady_abs_error_ratio": 0.16455026455026453,
      "p95_error_ratio": 0.24523809523809523,
      "settle_time_ratio": 1.0,
      "pwm_settle_time_ratio": 0.6963310756102641,
      "overshoot_ratio": 0.0,
      "oscillation_ratio": 0.024675299469886506,
      "attainment_ratio": 0.8354497354497356,
      "rail_hit_ratio": 0.017543859649122806,
      "pwm_chatter_ratio": 0.0,
      "tail_mean_abs_error": 17.261904761904763,
      "tail_pwm_jump_abs": 343.3333333333333,
      "terminal_requirements_ok": false,
      "pwm_limit_reasonable": false,
      "pwm_limit_note": "terminal steady-state gate failed (tail error or PWM jump exceeded limits)",
      "weighted_score": Infinity
    }
  },
  "csv_path": "/home/madejuele/projects/2K0300/new/verification/manual-probes/20260423T040142Z-right-p-repeat-verify/right-p90/repeat-02/attempt-01/telemetry.csv",
  "host_log_path": "/home/madejuele/projects/2K0300/new/verification/manual-probes/20260423T040142Z-right-p-repeat-verify/right-p90/repeat-02/attempt-01/host.log",
  "board_log_path": "/home/madejuele/projects/2K0300/new/verification/manual-probes/20260423T040142Z-right-p-repeat-verify/right-p90/repeat-02/attempt-01/board.log",
  "params_path": "/home/madejuele/projects/2K0300/new/verification/manual-probes/20260423T040142Z-right-p-repeat-verify/right-p90/repeat-02/attempt-01/params.json",
  "tuning_exit_code": 0,
  "receiver_error": null,
  "ack_complete": true,
  "snapshot_cleared_seen": true,
  "board_markers_ok": true,
  "unexpected_failsafe": false,
  "runtime_error": null,
  "accepted": false,
  "accepted_reason": ""
}
