{
  "name": "round-005-p-confirm",
  "candidate_label": "left-p=72.000000; right-p=94.000000",
  "wheel_scores": {
    "left": {
      "wheel": "left",
      "sample_count": 50,
      "mean_abs_error": 4.58,
      "p95_abs_error": 10.549999999999997,
      "overshoot_peak": 18.0,
      "settle_delay_s": 0.071,
      "pwm_settle_delay_s": 1.2827619047619048,
      "saturation_ratio": 0.0,
      "steady_abs_error_ratio": 0.0328042328042328,
      "p95_error_ratio": 0.08984126984126983,
      "settle_time_ratio": 0.03246513990312098,
      "pwm_settle_time_ratio": 0.8466491501232646,
      "overshoot_ratio": 0.07936507936507936,
      "oscillation_ratio": 0.033513993126661895,
      "attainment_ratio": 1.0063492063492063,
      "rail_hit_ratio": 0.0,
      "pwm_chatter_ratio": 0.0,
      "tail_mean_abs_error": 3.9047619047619047,
      "tail_pwm_jump_abs": 578.5952380952381,
      "terminal_requirements_ok": true,
      "pwm_limit_reasonable": true,
      "pwm_limit_note": "PWM limit is not a visible constraint in this round",
      "weighted_score": 1.140683754313056
    },
    "right": {
      "wheel": "right",
      "sample_count": 50,
      "mean_abs_error": 6.5,
      "p95_abs_error": 19.099999999999994,
      "overshoot_peak": 38.0,
      "settle_delay_s": 0.10516666666666666,
      "pwm_settle_delay_s": 1.4310952380952382,
      "saturation_ratio": 0.0,
      "steady_abs_error_ratio": 0.06349206349206349,
      "p95_error_ratio": 0.16817460317460314,
      "settle_time_ratio": 0.05588300602146686,
      "pwm_settle_time_ratio": 0.9315557285584534,
      "overshoot_ratio": 0.13333333333333333,
      "oscillation_ratio": 0.06342605984126179,
      "attainment_ratio": 1.0243386243386243,
      "rail_hit_ratio": 0.0,
      "pwm_chatter_ratio": 0.0,
      "tail_mean_abs_error": 6.571428571428571,
      "tail_pwm_jump_abs": 831.952380952381,
      "terminal_requirements_ok": false,
      "pwm_limit_reasonable": false,
      "pwm_limit_note": "terminal steady-state gate failed (tail error or PWM jump exceeded limits)",
      "weighted_score": Infinity
    }
  },
  "csv_path": "/home/madejuele/projects/2K0300/new/verification/auto-wheel-pid/20260423T125309Z/round-005-p-confirm/attempt-01/telemetry.csv",
  "host_log_path": "/home/madejuele/projects/2K0300/new/verification/auto-wheel-pid/20260423T125309Z/round-005-p-confirm/attempt-01/host.log",
  "board_log_path": "/home/madejuele/projects/2K0300/new/verification/auto-wheel-pid/20260423T125309Z/round-005-p-confirm/attempt-01/board.log",
  "params_path": "/home/madejuele/projects/2K0300/new/verification/auto-wheel-pid/20260423T125309Z/round-005-p-confirm/attempt-01/params.json",
  "tuning_exit_code": 0,
  "receiver_error": null,
  "ack_complete": true,
  "snapshot_cleared_seen": true,
  "board_markers_ok": true,
  "unexpected_failsafe": false,
  "runtime_error": null,
  "accepted": false,
  "accepted_reason": "confirm left score 1.140684 did not beat 0.975240 by 5%; confirm right terminal gate failed: tail PWM jump 831.952 > 800.000"
}
