{
  "name": "round-001-i-screen",
  "candidate_label": "left-i=2.800000; right-i=2.800000",
  "wheel_scores": {
    "left": {
      "wheel": "left",
      "sample_count": 20,
      "mean_abs_error": 5.05,
      "p95_abs_error": 14.0,
      "overshoot_peak": 10.0,
      "settle_delay_s": 0.13033333333333333,
      "pwm_settle_delay_s": 1.1826190476190475,
      "saturation_ratio": 0.05,
      "steady_abs_error_ratio": 0.03492063492063492,
      "p95_error_ratio": 0.08793650793650794,
      "settle_time_ratio": 0.09199134199134198,
      "pwm_settle_time_ratio": 1.0,
      "overshoot_ratio": 0.06031746031746032,
      "oscillation_ratio": 0.030117379887367058,
      "attainment_ratio": 0.9820105820105821,
      "rail_hit_ratio": 0.0,
      "pwm_chatter_ratio": 0.0,
      "tail_mean_abs_error": 3.507936507936508,
      "tail_pwm_jump_abs": 829.952380952381,
      "terminal_requirements_ok": false,
      "pwm_limit_reasonable": false,
      "pwm_limit_note": "terminal steady-state gate failed (tail error or PWM jump exceeded limits)",
      "weighted_score": Infinity
    },
    "right": {
      "wheel": "right",
      "sample_count": 20,
      "mean_abs_error": 6.15,
      "p95_abs_error": 19.250000000000004,
      "overshoot_peak": 19.0,
      "settle_delay_s": 0.12866666666666668,
      "pwm_settle_delay_s": 0.8389523809523811,
      "saturation_ratio": 0.0,
      "steady_abs_error_ratio": 0.0582010582010582,
      "p95_error_ratio": 0.155079365079365,
      "settle_time_ratio": 0.09790843214756259,
      "pwm_settle_time_ratio": 0.7210497835497836,
      "overshoot_ratio": 0.08888888888888889,
      "oscillation_ratio": 0.05098704219898195,
      "attainment_ratio": 1.0095238095238095,
      "rail_hit_ratio": 0.0,
      "pwm_chatter_ratio": 0.0,
      "tail_mean_abs_error": 6.682539682539683,
      "tail_pwm_jump_abs": 555.7619047619048,
      "terminal_requirements_ok": true,
      "pwm_limit_reasonable": true,
      "pwm_limit_note": "PWM limit is not a visible constraint in this round",
      "weighted_score": 0.9564500970299866
    }
  },
  "csv_path": "/home/madejuele/projects/2K0300/new/verification/auto-wheel-pid/20260423T123015Z/round-001-i-screen/attempt-01/telemetry.csv",
  "host_log_path": "/home/madejuele/projects/2K0300/new/verification/auto-wheel-pid/20260423T123015Z/round-001-i-screen/attempt-01/host.log",
  "board_log_path": "/home/madejuele/projects/2K0300/new/verification/auto-wheel-pid/20260423T123015Z/round-001-i-screen/attempt-01/board.log",
  "params_path": "/home/madejuele/projects/2K0300/new/verification/auto-wheel-pid/20260423T123015Z/round-001-i-screen/attempt-01/params.json",
  "tuning_exit_code": 0,
  "receiver_error": null,
  "ack_complete": true,
  "snapshot_cleared_seen": true,
  "board_markers_ok": true,
  "unexpected_failsafe": false,
  "runtime_error": null,
  "accepted": false,
  "accepted_reason": "screen left terminal gate failed: tail PWM jump 829.952 > 800.000; screen right score improved from inf to 0.956450; pending confirmation"
}
