{
  "name": "round-001-i-screen",
  "candidate_label": "right-i=1.600000",
  "wheel_scores": {
    "left": {
      "wheel": "left",
      "sample_count": 19,
      "mean_abs_error": 5.315789473684211,
      "p95_abs_error": 16.79999999999996,
      "overshoot_peak": 33.0,
      "settle_delay_s": 0.208,
      "pwm_settle_delay_s": 0.7794761904761904,
      "saturation_ratio": 0.0,
      "steady_abs_error_ratio": 0.0328042328042328,
      "p95_error_ratio": 0.13857142857142854,
      "settle_time_ratio": 0.16772571123720798,
      "pwm_settle_time_ratio": 0.6666666666666666,
      "overshoot_ratio": 0.16507936507936508,
      "oscillation_ratio": 0.025630678946208532,
      "attainment_ratio": 0.998941798941799,
      "rail_hit_ratio": 0.0,
      "pwm_chatter_ratio": 0.0,
      "tail_mean_abs_error": 3.5714285714285716,
      "tail_pwm_jump_abs": 431.3809523809524,
      "terminal_requirements_ok": true,
      "pwm_limit_reasonable": true,
      "pwm_limit_note": "PWM limit is not a visible constraint in this round",
      "weighted_score": 0.9469250738780064
    },
    "right": {
      "wheel": "right",
      "sample_count": 19,
      "mean_abs_error": 8.842105263157896,
      "p95_abs_error": 30.099999999999955,
      "overshoot_peak": 28.0,
      "settle_delay_s": 0.13966666666666666,
      "pwm_settle_delay_s": 0.9508571428571428,
      "saturation_ratio": 0.0,
      "steady_abs_error_ratio": 0.06772486772486772,
      "p95_error_ratio": 0.22920634920634916,
      "settle_time_ratio": 0.12038378707666111,
      "pwm_settle_time_ratio": 0.8593212565925246,
      "overshoot_ratio": 0.13015873015873017,
      "oscillation_ratio": 0.03893054456149366,
      "attainment_ratio": 0.9682539682539683,
      "rail_hit_ratio": 0.0,
      "pwm_chatter_ratio": 0.0,
      "tail_mean_abs_error": 7.174603174603175,
      "tail_pwm_jump_abs": 632.5238095238095,
      "terminal_requirements_ok": false,
      "pwm_limit_reasonable": false,
      "pwm_limit_note": "terminal steady-state gate failed (tail error or PWM jump exceeded limits)",
      "weighted_score": Infinity
    }
  },
  "csv_path": "/home/madejuele/projects/2K0300/new/verification/auto-wheel-pid/20260423T123622Z/round-001-i-screen/attempt-01/telemetry.csv",
  "host_log_path": "/home/madejuele/projects/2K0300/new/verification/auto-wheel-pid/20260423T123622Z/round-001-i-screen/attempt-01/host.log",
  "board_log_path": "/home/madejuele/projects/2K0300/new/verification/auto-wheel-pid/20260423T123622Z/round-001-i-screen/attempt-01/board.log",
  "params_path": "/home/madejuele/projects/2K0300/new/verification/auto-wheel-pid/20260423T123622Z/round-001-i-screen/attempt-01/params.json",
  "tuning_exit_code": 0,
  "receiver_error": null,
  "ack_complete": true,
  "snapshot_cleared_seen": true,
  "board_markers_ok": true,
  "unexpected_failsafe": false,
  "runtime_error": null,
  "accepted": false,
  "accepted_reason": "screen right terminal gate failed: terminal gate failed"
}
