{
  "name": "round-007-i-screen",
  "candidate_label": "left-i=3.500000; right-i=3.500000",
  "wheel_scores": {
    "left": {
      "wheel": "left",
      "sample_count": 29,
      "mean_abs_error": 11.793103448275861,
      "p95_abs_error": 28.799999999999994,
      "overshoot_peak": 36.0,
      "settle_delay_s": 1.153,
      "pwm_settle_delay_s": 1.5969047619047618,
      "saturation_ratio": 0.13793103448275862,
      "steady_abs_error_ratio": 0.08994708994708996,
      "p95_error_ratio": 0.2604761904761905,
      "settle_time_ratio": 0.6608351648351648,
      "pwm_settle_time_ratio": 1.0,
      "overshoot_ratio": 0.26666666666666666,
      "oscillation_ratio": 0.08654371263296495,
      "attainment_ratio": 0.9714285714285714,
      "rail_hit_ratio": 0.13793103448275862,
      "pwm_chatter_ratio": 0.17394179894179893,
      "tail_mean_abs_error": 7.920634920634921,
      "tail_pwm_jump_abs": 1171.095238095238,
      "terminal_requirements_ok": false,
      "pwm_limit_reasonable": false,
      "pwm_limit_note": "terminal steady-state gate failed (tail error or PWM jump exceeded limits)",
      "weighted_score": Infinity
    },
    "right": {
      "wheel": "right",
      "sample_count": 29,
      "mean_abs_error": 10.241379310344827,
      "p95_abs_error": 33.59999999999999,
      "overshoot_peak": 58.0,
      "settle_delay_s": 0.7343333333333334,
      "pwm_settle_delay_s": 0.9004761904761904,
      "saturation_ratio": 0.06896551724137931,
      "steady_abs_error_ratio": 0.06031746031746032,
      "p95_error_ratio": 0.29936507936507917,
      "settle_time_ratio": 0.4082794088114608,
      "pwm_settle_time_ratio": 0.5714285714285714,
      "overshoot_ratio": 0.39365079365079364,
      "oscillation_ratio": 0.0741864533820182,
      "attainment_ratio": 1.0476190476190477,
      "rail_hit_ratio": 0.0,
      "pwm_chatter_ratio": 0.0,
      "tail_mean_abs_error": 5.476190476190476,
      "tail_pwm_jump_abs": 883.3333333333334,
      "terminal_requirements_ok": false,
      "pwm_limit_reasonable": false,
      "pwm_limit_note": "terminal steady-state gate failed (tail error or PWM jump exceeded limits)",
      "weighted_score": Infinity
    }
  },
  "csv_path": "/home/madejuele/projects/2K0300/new/verification/auto-wheel-pid/20260423T021240Z/round-007-i-screen/attempt-01/telemetry.csv",
  "host_log_path": "/home/madejuele/projects/2K0300/new/verification/auto-wheel-pid/20260423T021240Z/round-007-i-screen/attempt-01/host.log",
  "board_log_path": "/home/madejuele/projects/2K0300/new/verification/auto-wheel-pid/20260423T021240Z/round-007-i-screen/attempt-01/board.log",
  "params_path": "/home/madejuele/projects/2K0300/new/verification/auto-wheel-pid/20260423T021240Z/round-007-i-screen/attempt-01/params.json",
  "tuning_exit_code": 0,
  "receiver_error": null,
  "ack_complete": true,
  "snapshot_cleared_seen": true,
  "board_markers_ok": true,
  "unexpected_failsafe": false,
  "runtime_error": null,
  "accepted": false,
  "accepted_reason": "screen left terminal gate failed: tail PWM jump 1171.095 > 800.000; screen right terminal gate failed: tail PWM jump 883.333 > 800.000"
}
