{
  "name": "round-001-d-screen",
  "candidate_label": "left-d=0.250000; right-d=0.250000",
  "wheel_scores": {
    "left": {
      "wheel": "left",
      "sample_count": 19,
      "mean_abs_error": 16.105263157894736,
      "p95_abs_error": 22.199999999999996,
      "overshoot_peak": 21.0,
      "settle_delay_s": 1.1043333333333334,
      "pwm_settle_delay_s": 0.9303809523809523,
      "saturation_ratio": 0.0,
      "steady_abs_error_ratio": 0.15343915343915343,
      "p95_error_ratio": 0.20428571428571426,
      "settle_time_ratio": 1.0,
      "pwm_settle_time_ratio": 0.8060922295868002,
      "overshoot_ratio": 0.06666666666666668,
      "oscillation_ratio": 0.03848725774209584,
      "attainment_ratio": 0.8465608465608466,
      "rail_hit_ratio": 0.0,
      "pwm_chatter_ratio": 0.0,
      "tail_mean_abs_error": 16.46031746031746,
      "tail_pwm_jump_abs": 769.9047619047619,
      "terminal_requirements_ok": false,
      "pwm_limit_reasonable": false,
      "pwm_limit_note": "terminal steady-state gate failed (tail error or PWM jump exceeded limits)",
      "weighted_score": Infinity
    },
    "right": {
      "wheel": "right",
      "sample_count": 19,
      "mean_abs_error": 12.631578947368421,
      "p95_abs_error": 20.99999999999998,
      "overshoot_peak": 30.0,
      "settle_delay_s": 1.1043333333333334,
      "pwm_settle_delay_s": 1.1268095238095237,
      "saturation_ratio": 0.05263157894736842,
      "steady_abs_error_ratio": 0.108994708994709,
      "p95_error_ratio": 0.20222222222222222,
      "settle_time_ratio": 1.0,
      "pwm_settle_time_ratio": 1.0,
      "overshoot_ratio": 0.1492063492063492,
      "oscillation_ratio": 0.05578245179173516,
      "attainment_ratio": 0.8910052910052909,
      "rail_hit_ratio": 0.05263157894736842,
      "pwm_chatter_ratio": 0.0,
      "tail_mean_abs_error": 11.412698412698413,
      "tail_pwm_jump_abs": 895.9047619047619,
      "terminal_requirements_ok": false,
      "pwm_limit_reasonable": false,
      "pwm_limit_note": "terminal steady-state gate failed (tail error or PWM jump exceeded limits)",
      "weighted_score": Infinity
    }
  },
  "csv_path": "/home/madejuele/projects/2K0300/new/verification/auto-wheel-pid/20260423T120317Z/round-001-d-screen/attempt-01/telemetry.csv",
  "host_log_path": "/home/madejuele/projects/2K0300/new/verification/auto-wheel-pid/20260423T120317Z/round-001-d-screen/attempt-01/host.log",
  "board_log_path": "/home/madejuele/projects/2K0300/new/verification/auto-wheel-pid/20260423T120317Z/round-001-d-screen/attempt-01/board.log",
  "params_path": "/home/madejuele/projects/2K0300/new/verification/auto-wheel-pid/20260423T120317Z/round-001-d-screen/attempt-01/params.json",
  "tuning_exit_code": 0,
  "receiver_error": null,
  "ack_complete": true,
  "snapshot_cleared_seen": true,
  "board_markers_ok": true,
  "unexpected_failsafe": false,
  "runtime_error": null,
  "accepted": false,
  "accepted_reason": "screen left terminal gate failed: terminal gate failed; screen right terminal gate failed: tail PWM jump 895.905 > 800.000"
}
