{
  "name": "baseline",
  "candidate_label": "current-working-params",
  "wheel_scores": {
    "left": {
      "wheel": "left",
      "sample_count": 53,
      "mean_abs_error": 17.28301886792453,
      "p95_abs_error": 30.199999999999996,
      "overshoot_peak": 0.0,
      "settle_delay_s": 1.5573333333333332,
      "pwm_settle_delay_s": 0.9067619047619048,
      "saturation_ratio": 0.03773584905660377,
      "steady_abs_error_ratio": 0.15079365079365079,
      "p95_error_ratio": 0.2546825396825397,
      "settle_time_ratio": 1.0,
      "pwm_settle_time_ratio": 0.5871835093051778,
      "overshoot_ratio": 0.0,
      "oscillation_ratio": 0.04874909370058662,
      "attainment_ratio": 0.8492063492063492,
      "rail_hit_ratio": 0.03773584905660377,
      "pwm_chatter_ratio": 0.0,
      "tail_mean_abs_error": 15.595238095238095,
      "tail_pwm_jump_abs": 686.9047619047619,
      "terminal_requirements_ok": false,
      "pwm_limit_reasonable": false,
      "pwm_limit_note": "terminal steady-state gate failed (tail error or PWM jump exceeded limits)",
      "weighted_score": Infinity
    },
    "right": {
      "wheel": "right",
      "sample_count": 53,
      "mean_abs_error": 17.169811320754718,
      "p95_abs_error": 29.4,
      "overshoot_peak": 0.0,
      "settle_delay_s": 1.5573333333333332,
      "pwm_settle_delay_s": 1.3381904761904764,
      "saturation_ratio": 0.03773584905660377,
      "steady_abs_error_ratio": 0.14285714285714285,
      "p95_error_ratio": 0.2738095238095238,
      "settle_time_ratio": 1.0,
      "pwm_settle_time_ratio": 0.8663171690694627,
      "overshoot_ratio": 0.0,
      "oscillation_ratio": 0.05227961815115743,
      "attainment_ratio": 0.8571428571428571,
      "rail_hit_ratio": 0.03773584905660377,
      "pwm_chatter_ratio": 0.0,
      "tail_mean_abs_error": 14.603174603174603,
      "tail_pwm_jump_abs": 700.2142857142857,
      "terminal_requirements_ok": false,
      "pwm_limit_reasonable": false,
      "pwm_limit_note": "terminal steady-state gate failed (tail error or PWM jump exceeded limits)",
      "weighted_score": Infinity
    }
  },
  "csv_path": "/home/madejuele/projects/2K0300/new/verification/auto-wheel-pid/20260423T093854Z/baseline/attempt-01/telemetry.csv",
  "host_log_path": "/home/madejuele/projects/2K0300/new/verification/auto-wheel-pid/20260423T093854Z/baseline/attempt-01/host.log",
  "board_log_path": "/home/madejuele/projects/2K0300/new/verification/auto-wheel-pid/20260423T093854Z/baseline/attempt-01/board.log",
  "params_path": "/home/madejuele/projects/2K0300/new/verification/auto-wheel-pid/20260423T093854Z/baseline/attempt-01/params.json",
  "tuning_exit_code": 0,
  "receiver_error": null,
  "ack_complete": true,
  "snapshot_cleared_seen": true,
  "board_markers_ok": true,
  "unexpected_failsafe": false,
  "runtime_error": null,
  "accepted": true,
  "accepted_reason": "baseline"
}
