{
  "name": "baseline-screen",
  "candidate_label": "current-working-params-screen",
  "wheel_scores": {
    "left": {
      "wheel": "left",
      "sample_count": 19,
      "mean_abs_error": 4.368421052631579,
      "p95_abs_error": 10.699999999999985,
      "overshoot_peak": 17.0,
      "settle_delay_s": 0.06899999999999999,
      "pwm_settle_delay_s": 1.100095238095238,
      "saturation_ratio": 0.05263157894736842,
      "steady_abs_error_ratio": 0.039153439153439155,
      "p95_error_ratio": 0.09857142857142856,
      "settle_time_ratio": 0.04766510085659021,
      "pwm_settle_time_ratio": 1.0,
      "overshoot_ratio": 0.10158730158730159,
      "oscillation_ratio": 0.04326283433712022,
      "attainment_ratio": 0.9862433862433861,
      "rail_hit_ratio": 0.05263157894736842,
      "pwm_chatter_ratio": 0.0,
      "tail_mean_abs_error": 4.174603174603175,
      "tail_pwm_jump_abs": 511.7142857142857,
      "terminal_requirements_ok": true,
      "pwm_limit_reasonable": true,
      "pwm_limit_note": "PWM limit is reachable in this round, but not the dominant issue by itself",
      "weighted_score": 1.6696746669650746
    },
    "right": {
      "wheel": "right",
      "sample_count": 19,
      "mean_abs_error": 14.210526315789474,
      "p95_abs_error": 23.099999999999998,
      "overshoot_peak": 20.0,
      "settle_delay_s": 1.1006666666666667,
      "pwm_settle_delay_s": 1.100095238095238,
      "saturation_ratio": 0.0,
      "steady_abs_error_ratio": 0.14285714285714285,
      "p95_error_ratio": 0.19746031746031747,
      "settle_time_ratio": 1.0,
      "pwm_settle_time_ratio": 1.0,
      "overshoot_ratio": 0.09523809523809523,
      "oscillation_ratio": 0.03468663460900478,
      "attainment_ratio": 0.8571428571428571,
      "rail_hit_ratio": 0.0,
      "pwm_chatter_ratio": 0.0,
      "tail_mean_abs_error": 15.126984126984127,
      "tail_pwm_jump_abs": 776.7142857142857,
      "terminal_requirements_ok": false,
      "pwm_limit_reasonable": false,
      "pwm_limit_note": "terminal steady-state gate failed (tail error or PWM jump exceeded limits)",
      "weighted_score": Infinity
    }
  },
  "csv_path": "/home/madejuele/projects/2K0300/new/verification/auto-wheel-pid/20260423T123622Z/baseline-screen/attempt-01/telemetry.csv",
  "host_log_path": "/home/madejuele/projects/2K0300/new/verification/auto-wheel-pid/20260423T123622Z/baseline-screen/attempt-01/host.log",
  "board_log_path": "/home/madejuele/projects/2K0300/new/verification/auto-wheel-pid/20260423T123622Z/baseline-screen/attempt-01/board.log",
  "params_path": "/home/madejuele/projects/2K0300/new/verification/auto-wheel-pid/20260423T123622Z/baseline-screen/attempt-01/params.json",
  "tuning_exit_code": 0,
  "receiver_error": null,
  "ack_complete": true,
  "snapshot_cleared_seen": true,
  "board_markers_ok": true,
  "unexpected_failsafe": false,
  "runtime_error": null,
  "accepted": true,
  "accepted_reason": "baseline-screen"
}
