{
  "name": "round-003-p-screen",
  "candidate_label": "left-p=143.000000",
  "wheel_scores": {
    "left": {
      "wheel": "left",
      "sample_count": 28,
      "mean_abs_error": 14.535714285714286,
      "p95_abs_error": 32.54999999999999,
      "overshoot_peak": 35.0,
      "settle_delay_s": 0.9766666666666667,
      "pwm_settle_delay_s": 1.5115238095238095,
      "saturation_ratio": 0.21428571428571427,
      "steady_abs_error_ratio": 0.09947089947089947,
      "p95_error_ratio": 0.305079365079365,
      "settle_time_ratio": 0.6666666666666666,
      "pwm_settle_time_ratio": 1.0,
      "overshoot_ratio": 0.20634920634920634,
      "oscillation_ratio": 0.08207303008968168,
      "attainment_ratio": 0.9513227513227512,
      "rail_hit_ratio": 0.20264550264550263,
      "pwm_chatter_ratio": 0.31084656084656087,
      "tail_mean_abs_error": 10.063492063492063,
      "tail_pwm_jump_abs": 1457.2380952380952,
      "terminal_requirements_ok": false,
      "pwm_limit_reasonable": false,
      "pwm_limit_note": "terminal steady-state gate failed (tail error or PWM jump exceeded limits)",
      "weighted_score": Infinity
    },
    "right": {
      "wheel": "right",
      "sample_count": 28,
      "mean_abs_error": 15.392857142857142,
      "p95_abs_error": 33.0,
      "overshoot_peak": 15.0,
      "settle_delay_s": 1.5113333333333334,
      "pwm_settle_delay_s": 1.5115238095238095,
      "saturation_ratio": 0.03571428571428571,
      "steady_abs_error_ratio": 0.17566137566137566,
      "p95_error_ratio": 0.27904761904761904,
      "settle_time_ratio": 1.0,
      "pwm_settle_time_ratio": 1.0,
      "overshoot_ratio": 0.050793650793650794,
      "oscillation_ratio": 0.040502272678319746,
      "attainment_ratio": 0.8243386243386244,
      "rail_hit_ratio": 0.047619047619047616,
      "pwm_chatter_ratio": 0.05952380952380952,
      "tail_mean_abs_error": 17.96825396825397,
      "tail_pwm_jump_abs": 605.7142857142857,
      "terminal_requirements_ok": false,
      "pwm_limit_reasonable": false,
      "pwm_limit_note": "terminal steady-state gate failed (tail error or PWM jump exceeded limits)",
      "weighted_score": Infinity
    }
  },
  "csv_path": "/home/madejuele/projects/2K0300/new/verification/auto-wheel-pid/20260423T005656Z/round-003-p-screen/attempt-01/telemetry.csv",
  "host_log_path": "/home/madejuele/projects/2K0300/new/verification/auto-wheel-pid/20260423T005656Z/round-003-p-screen/attempt-01/host.log",
  "board_log_path": "/home/madejuele/projects/2K0300/new/verification/auto-wheel-pid/20260423T005656Z/round-003-p-screen/attempt-01/board.log",
  "params_path": "/home/madejuele/projects/2K0300/new/verification/auto-wheel-pid/20260423T005656Z/round-003-p-screen/attempt-01/params.json",
  "tuning_exit_code": 0,
  "receiver_error": null,
  "ack_complete": true,
  "snapshot_cleared_seen": true,
  "board_markers_ok": true,
  "unexpected_failsafe": false,
  "runtime_error": null,
  "accepted": false,
  "accepted_reason": "screen left terminal gate failed: tail PWM jump 1457.238 > 800.000"
}
